1,0.918686,0.865327,1.04691,0.941871,0.889451,0.867792,0.879338,1.09666
2,1.10916,1.08059,1.02287,1.08947,1.09491,1.00246,1.00243,1.05712,1.00371,0.955327,1.0437,1.10686,1.10823,0.967376,1.04503,0.984516,1.05185,0.956886,1.08677,1.05469,1.08557,1.08276,0.922087,1.09444,1.06382,1.11402,1.06396,1.06129,1.03852,1.09837,1.05931,1.08607,1.0141,1.111,0.946784,0.951606,1.14432,1.10041,1.01486,1.0351,1.00766,1.05252,1.11722,1.01248,1.07267,1.11351,1.08004,1.04061,1.07199,1.05678,1.04264,1.01787,1.05753,1.02509,1.01462,1.05702,0.985594,1.03636,1.01491,1.1087,1.03475,1.09694,1.13306,1.11687,1.02332,1.0309,1.02751,1.10303,0.982193,1.04831,1.01362,1.10973,1.1278,1.08119,1.12814,1.00631,1.01122,1.06125,1.07635,1.03064,1.09739,1.05932,1.05693,1.10671,1.02499,1.05138,1.08261,1.06643,0.965476,0.996703,1.11451,1.26188,1.1577,1.1954,0.98753,0.989074,1.03508,1.16112,1.05033,1.02457,1.07777,1.0841,0.999673,1.00065,1.03255,1.10184,1.10041,1.04216,1.10932,1.02883,1.04987,1.01607,1.102,0.958329,1.02935,1.05012,1.05136,1.14872,0.997659,0.980568,1.12107,1.03783,1.0752,1.06461,1.02724,1.05224,0.99298,1.06215,1.03661,1.01366,1.05745,1.08644,1.04825,0.993545,0.992138,1.07774,1.0205,0.909694,0.997926,1.01778,0.935816,1.06195,1.05288,1.03846,1.10186,0.96332,0.964626,1.14627,0.996107,1.01617,1.09184,1.13016,1.06348,1.06555,1.07419,1.05612,1.05063,1.10787,1.08492,0.954868,1.05062,1.04875,1.0249,0.976986,1.04611,1.09456,1.03265,1.03304,1.06976,1.12543,1.07749,0.967878,1.05577,0.994253,1.07574,1.12077,1.03755,1.08426,1.06344,1.10677,1.10294,1.0222,1.11913,1.13381,1.00694,1.0505,1.09052,0.983309,1.0311,1.02734,1.04086,0.981105,0.970134,1.05082,0.963217,1.02665,1.02656,1.02161,1.0795,1.20432,1.03525,1.08682,1.07195,1.15009,1.0896,1.05752,1.03809,1.05854,1.05137,0.9878,1.094,1.04114,1.06827,1.15306,1.08037,1.07204,1.0436,1.03317,1.03712,0.968441,1.06151,1.03376,1.03764,0.976313,1.04771,1.08511,1.08835,1.09582,1.1266,1.009,0.974541,0.991955,1.09477,1.02938,1.10654,1.09649,1.13458,0.958546,1.01041,1.06814,1.05913,1.09026,1.14065,1.06096,1.0509,1.01205,1.09444,1.07349,1.00441,1.09615,1.11616,1.09049,1.06578,0.982328,1.09796,1.05046,1.10692,1.06358,1.09397,1.0907,1.10656,1.03541,1.1141,1.08525,1.01229,1.01911,1.0706,1.07061,1.07912,1.04446,0.994617,0.971711,1.10918,1.02045,1.03394,1.07885,1.08076,1.04284,1.01917,0.945442,1.03972,1.08695,1.0409,1.11674,0.967925,0.987977,1.06746,1.04369,1.03277,1.02404,0.938523,1.03472,1.12125,1.09008,1.03867,1.15278,1.06385,1.02799,1.0776,1.02146,0.98039,1.15538,1.03527,1.05166,1.04116,1.07076,0.978095,1.02067,1.01189,1.03913,1.09434,1.07668,1.11345,1.12855,1.13592,1.12641,1.01016,0.986107,1.10619,1.06777,0.956734,1.02562,0.971018,1.04053,1.09719,1.01991,1.09702,1.0822,0.979616,1.04946,1.01225,1.01748,1.04787,1.09489,1.0527,0.967098,1.03519,1.13355,1.0418,1.00936,1.0568,1.02819,1.05182,1.07546,1.0285,1.0061,1.05006,1.10659,1.06934,0.94676,1.06946,0.966897,1.04231,1.08377,1.04582,1.0674,1.15028,1.03273,1.09082,1.00706,1.07489,1.12752,1.12121,0.962963,1.14052,1.04701,1.0104,1.09722,1.02577,1.06744,0.977619,1.04255,1.12315,1.05828,1.07195,1.03332,1.13241,1.0288,0.977265,1.03325,1.07088,0.957394,1.02985,1.07856,1.09618,1.0128,1.10004,1.08551,1.08423,1.06998,1.07106,0.908973,1.1175,1.04465,0.932806,1.01221,1.09027,1.1397,1.13105,1.0648,1.01449,1.0285,1.09341,1.05952,1.11217,1.08782,1.0553,1.05626,1.06164,1.08434,1.05868,1.06911,1.03208,1.04403,1.06391,1.04075,1.08985,1.05579,1.10345,1.07527,1.05076,1.14433,1.11943,1.07384,1.02662,1.07957,0.945538,1.06656,1.01941,0.921855,1.11861,1.05992,1.07927,1.08978,1.04754,1.04694,1.01845,1.05885,1.07891,1.03294,1.07197,0.968989,1.05342,0.962777,1.10548,1.07611,1.01953,1.13137,1.0851,1.05916,1.00522,1.11957,1.09546,0.990437,1.07107,1.18564,1.08481,1.16534,1.03152,1.00956,1.10995,0.970401,1.02037,1.00425,1.05496,1.06655,1.01828,1.08945,1.23722,1.03826,1.07376,0.959751,1.00247,0.976244,1.07691,1.00598,0.965173,1.09777,1.01648,1.1062,1.00593,0.994112,1.05955,1.0592,1.14574,1.0285,1.10682,0.986184,1.10747,0.998893,1.02879,1.02528,1.06999,1.05046,1.00961,1.20858,1.09384,1.0341,1.01821,1.07118,0.998101,1.08094,1.05843,1.04773,0.981361,1.0557,1.0112,1.02096,1.08858,1.13278,1.15449,1.01443,1.01611,0.989975,1.12941,0.943614,1.08906,1.02768,1.03839,1.02028,1.07202,1.04187,0.956205,1.05611,1.07477,0.999361,1.06027,1.03415,0.978035,0.997786,1.02874,1.00519,1.02756,1.08495,1.01119,1.00932,1.09621,1.02608,1.15987,1.09686,1.07327,1.04816,1.16109,1.05075,1.01751,1.00656,1.0512,1.08181,1.07557,1.03455,1.12166,1.096,1.05003,1.01974,0.968952,1.07464,1.10017,1.02243,1.09578,1.0686,1.05248,1.08204,1.12561,1.06266,1.09392,1.05614,1.02725,0.998096,0.979207,1.03328,1.09952,1.01296,1.05952,1.05864,0.990422,1.03433,1.01658,1.08487,1.11611,1.10629,1.04554,1.0397,1.08299,1.20847,1.01568,1.05295,1.00888,1.10279,1.01945,1.06021,1.04104,1.14188,1.15069,0.984891,1.11202,1.08028,1.02434,1.07803,1.10595,1.16126,1.02814,1.06379,1.04432,1.07417,1.13084,1.06814,1.10514,1.07947,1.05725,1.14051,1.06721,1.19804,1.10066,1.04625,1.08106,1.03542,1.0292,1.07491,1.11041,0.948447,1.06765,1.06736,1.07099,1.18013,0.987539,0.995316,1.05402,1.10433,1.06385,1.14904,1.01188,1.02253,1.04996,1.22573,1.21206,1.03387,1.06205,0.992985,1.05519,1.06569,1.0698,1.13235,1.04136,1.06416,1.03313,1.14867,1.07979,0.978224,0.970045,1.04142,1.02948,1.02081,0.997867,1.0349,1.04638,1.11284,1.08948,1.03579,0.979851,1.01708,1.1456,1.06154,1.21674,1.01341,1.13032,1.04312,1.04946,1.12593,1.11608,1.02514,1.03271,1.05696,1.01514,1.04062,1.17197,1.01475,1.15627,1.03212,1.09786,1.00621,1.01694,1.11803,1.17451,1.10556,0.991072,1.13645,1.03446,1.0893,1.02075,1.05144,1.15882,1.23532,1.13972,1.01137,1.0297,0.976869,1.16039,1.12556,1.07622,1.04266,1.01386,1.05353,1.1166,1.06648,1.01851,1.00845,1.07293,1.02012,1.07411,1.03169,1.07293,1.05178,1.00187,1.12467,1.01746,1.00476,1.04489,1.1781,1.0533,1.11115,0.92689,1.10403,1.21997,0.965109,1.08072,1.08305,1.00943,0.989835,1.06698,1.16288,1.01473,1.06089,1.02823,1.11677,1.07901,0.974623,1.01585,0.931501,1.15861,1.11503,1.11262,1.06695,1.02218,1.0805,1.09789,1.06577,1.25541,1.07095,1.08749,1.16024,1.08031,1.04792,1.02348,1.11038,1.15769,1.06413,1.11281,0.902288,1.05643,1.10111,0.97573,1.11505,1.08473,1.2311,1.1039,1.05666,1.12111,0.995333,0.945595,0.995673,1.00902,1.12784,0.980844,1.08644,1.0636,1.14807,1.1066,1.05321,1.07875,1.04971,0.986215,1.11634,1.03642,1.01423,1.08276,1.09034,1.00162,0.998021,1.11481,1.05443,0.945391,1.08482,1.15709,1.07762,0.959519,1.11062,1.12121,1.10191,1.0797,1.08808,1.08665,1.04702,1.08786,1.08389,1.02642,1.05215,1.06102,1.0769,1.15732,1.00692,1.03891,1.16541,1.13702,1.1784,1.12809,1.06135,1.02343,1.10924,0.974544,1.01871,1.00128,0.99143,1.08426,1.08213,1.16204,1.06793,0.997801,1.0219,1.08245,1.12032,1.0744,1.14029,1.18119,1.19272,1.02202,1.09381,1.0927,1.09636,1.16092,1.17534,1.2122,1.03533,0.988452,1.07976,1.17845,1.02751,0.990458,1.09054,1.04611,1.10209,1.1336,1.1249,1.23708,1.08309,1.00726,0.993667,1.10387,0.913264,1.12196,1.03262,1.07357,0.937894,0.988211,1.06701,1.06722,1.02125,1.14231,1.11566,1.1339,1.01399,1.12411,1.05156,1.01072,1.07545,1.14004,1.14542,1.0288,1.10924,1.07958,1.06106,1.10307,1.01231,1.08284,1.1221,1.08821,1.07694,1.06351,1.01486,1.14148,1.04142,1.05318,1.0727,1.06516,1.04389,0.996381,1.05924,1.05634,1.12964,1.05557,0.891305,1.07347,1.07187,1.12892,1.04216,1.02018,1.0498,1.09777,1.07931,0.993968,1.17812,1.03889,0.992924,1.07266,1.02146,1.03574,1.04446,1.10153,1.09322,1.04943,1.05942,1.04547,1.14199,1.11614,1.11156,0.995175,1.13771,1.11739,1.0875,1.1611,1.13213,1.03914,1.10982,0.956579,1.03437,0.985767,1.04885,1.15255,1.06673,1.12436,0.98191,0.975645,1.06398,1.058,1.06523,1.17664,1.07376,1.0944,1.05981,1.07476,1.1318,1.17957,1.19801,1.17552,1.04164,1.04983,1.09279,1.03904,1.02435,1.08917,1.03338,0.971814,1.03288,1.0683,1.02636,1.12775,1.1173,1.13489,0.99583,1.09987,1.08947,1.10119,1.15677,1.1386,1.01734,1.10294,1.19429,1.0076,1.19264,1.06589,1.11474,1.15793,1.06607,1.12945,1.12739,1.03306,1.1279,1.07602,1.0777,1.02349,1.04066,0.99708,1.05486,0.973131,1.03853,1.1354,1.07286,0.984856,1.02693,1.07701,1.12346,1.16582,1.04742,1.12594,1.06385,1.18526,1.1233,1.14506,1.10488,1.08644,0.975282,1.15646,1.07827,1.00151,1.11972,1.14184,1.07156,1.13831,1.06356,1.1494,1.03886,1.0914,0.993666,1.09788,1.13766,1.13001,1.15751,1.08185,1.07725,1.0954,1.15899,0.984557,1.01662,0.942998,0.966786,1.07756,1.03934,0.992084,1.15452,1.11776,1.04016,1.03777,1.06343,1.01513,1.07192,1.16262,1.06485,1.09617,1.11164,1.00459,1.01643,1.06839,1.07559,1.09283,1.07855,1.04788,0.9884,1.03446,1.12936,1.07608,1.00175,1.09054,1.04395,1.06715,1.04906,1.09176,1.02993,1.07899,1.08126,1.09412,1.13168,1.03629,1.04898,1.11155,1.12128,1.08955,1.08338,1.06956,1.00178,1.1915,1.04684,1.09747,1.04425,1.02684,1.02044,1.12919,1.10066,1.04112,1.04953,1.06424,1.08807,1.05934,1.14043,1.11484,1.11189,1.16256,1.13648,1.01479,1.0365,1.14462,0.968039,1.05353,1.0939,1.05823,1.08959,1.10524,0.959036,1.16576,1.01972,1.0488,1.07323,1.06632,1.1416,1.18173,1.15829,1.06768,1.02224,1.04674,1.05383,1.04327,1.0046,1.03036,1.08337,1.11785,1.14433,1.07579,1.09235,1.02266,0.991787,1.0209,0.961612,1.15089,1.05507,1.02593,1.16589,1.06524,1.11413,1.01341,1.00013,1.07902,1.09736,1.06028,0.924249,0.976954,1.18981,1.03518,1.14627,0.977142,1.18308,1.10052,1.09065,1.12026,1.15996,0.964215,1.07119,1.14144,1.05387,1.15284,1.09838,1.07381,1.04705,1.09642,1.10701,1.18028,1.11117,1.16282,1.07954,0.953454,1.05926,1.05847,1.03829,0.979141,1.19249,1.05092,1.03076,1.15064,1.11661,1.1327,1.17868,1.01426,1.1902,0.987669,1.09805,1.29267,1.09148,1.03557,1.1057,1.02643,1.16302,1.08037,1.078,1.0602,1.05731,1.1332,1.01073,1.02495,1.06811,1.07756,0.957931,1.04225,1.00703,1.02923,1.01034,1.04996,1.01716,1.056,1.08776,1.12237,1.07742,0.960257,1.10706,1.00039,1.12385,1.10771,1.1755,1.08431,1.02224,1.14215,1.02302,1.05774,1.0681,1.05976,1.16742,0.968003,1.07748,1.09141,1.14772,1.07586,1.03207,1.069,1.05118,1.15156,1.14715,1.00337,1.06482,1.05187,1.10285,1.12727,1.10378,1.13665,1.07226,1.10239,1.10935,1.01411,1.06168,1.15745,1.0817,1.09176,1.18535,1.11064,1.12139,1.05945,1.04395,0.975042,1.08955,1.10881,1.02864,0.99129,1.03215,1.04042,1.10384,1.19396,1.06494,0.961488,1.0121,1.09827,1.06487,1.15489,1.08882,1.15807,1.12533,0.992516,0.964792,1.03775,1.14285,1.03098,1.03606,1.10818,1.05696,1.04053,1.12074,0.996702,1.01561,1.0133,1.06784,1.01103,1.04909,1.1306,1.05531,1.02041,1.15073,1.1327,0.958257,0.95089,1.12932,1.03309,1.07709,1.14422,1.07594,1.12254,1.01473,1.11995,0.973248,1.02678,1.10036,1.09598,1.17098,1.22998,1.14421,1.10559,1.03405,1.1285,1.04763,1.14364,1.00835,1.11114,1.11346,1.05985,1.02626,1.06026,1.03094,1.10756,1.06173,1.11456,1.05946,1.05631,1.09355,1.09346,1.06274,1.14344,1.07244,1.07292,1.15095,1.1276,1.12645,1.12528,1.09821,1.05585,1.09149,1.05924,1.07822,1.0045,1.14315,1.06027,1.05113,0.975743,1.14773,1.11228,1.07213,1.07748,1.10604,1.11141,1.07733,1.10208,1.06178,1.18749,1.00855,1.04155,1.0382,1.19621,1.06475,1.04833,1.03118,1.13364,1.11265,1.14253,1.09961,1.01446,1.14092,1.02956,1.095,0.980806,1.03932,1.11585,1.05145,1.14206,1.15164,1.06168,1.02216,1.14245,1.07239,1.11973,1.0887,1.10522,1.00018,1.07779,1.06221,1.04437,1.05301,1.12867,1.07724,1.04704,1.10796,1.08019,1.08244,1.0607,1.04801,1.01385,1.12512,1.15112,1.01916,0.999041,0.984357,1.06354,0.995119,1.08828,1.11088,0.989052,1.09825,1.16011,1.0101,1.05088,1.1822,1.092,1.03609,1.03037,1.0929,1.14945,0.973179,1.00079,1.06196,1.06014,1.01188,1.13899,1.20531,1.01192,1.09401,1.14543,1.20329,1.19475,1.03343,1.07737,1.00468,1.2354,1.11393,1.10301,1.2064,1.15307,1.11445,1.1382,1.02743,0.989701,1.05775,1.21567,1.2121,1.01362,1.26934,1.18781,1.15442,1.18081,0.9943,1.20527,1.11907,1.07843,1.09355,1.02163,1.08428,1.07498,1.06955,1.10997,1.1154,1.17441,1.13226,1.00096,0.99538,1.15581,1.18637,1.0385,1.1175,1.08217,1.01486,1.01889,1.16869,1.08496,1.083,1.077,0.969582,1.07591,1.13217,1.12328,1.01185,1.09314,1.01543,1.22717,1.03042,1.11712,1.08485,1.0714,1.05571,1.11534,1.10434,1.06859,1.09995,1.08938,1.19139,1.11934,1.10148,0.9877,1.04438,1.14599,1.0362,1.11393,1.03338,1.13096,1.06587,1.02111,1.1731,1.1162,1.09656,1.03928,1.02163,1.10885,1.13607,1.04317,1.13515,1.1405,1.12167,1.03068,1.09142,1.22049,1.06857,1.20614,0.910939,1.10234,1.08654,0.986067,1.09325,1.17693,1.14748,0.993639,1.0825,1.03873,1.16153,1.04756,1.06495,0.957426,1.03081,1.11965,1.18835,1.00902,1.14492,1.13254,1.12415,0.965447,0.976402,1.08436,1.1841,1.03777,1.01131,1.03977,1.05674,1.02179,1.2247,1.04044,1.01897,1.00949,1.15775,1.10156,1.11316,0.980964,0.911495,1.06169,1.17094,1.02954,1.12281,1.13241,1.02819,1.08738,1.16735,1.13937,1.03016,1.0284,1.05108,1.0959,1.11363,1.05426,1.20437,1.12654,0.963123,1.05253,1.06342,1.15887,1.11655,0.98043,1.14699,0.94992,1.07862,1.12831,1.08523,1.0833,1.14006,1.16768,1.0293,1.11755,1.13994,1.13823,0.991237,1.14577,1.13106,1.06102,1.12851,1.15484,1.09927,0.964882,1.04401,1.03158,1.02652,1.07027,1.00195,1.1067,1.10957,1.06861,1.04077,0.959962,0.958278,0.901805,1.12565,1.1356,1.1223,1.0812,1.20918,1.13141,1.02007,1.21013,1.10783,1.03006,1.10182,1.05433,1.04389,1.04613,0.927424,1.08099,1.04875,1.06351,1.12175,1.04224,1.04576,1.10041,1.14393,0.993305,0.981285,1.28339,1.08762,1.0577,1.06744,1.05193,1.09651,1.03302,1.14885,1.15602,1.03423,1.09836,1.14806,1.06244,1.06154,1.08527,1.15416,1.15279,0.99658,0.993277,1.11564,1.04788,1.0405,1.01522,1.08928,1.00684,0.99879,1.05346,0.992199,1.02185,1.03208,1.04451,1.13688,0.951326,1.08298,1.08907,1.08207,1.13189,1.10683,1.03014,1.26016,1.17637,1.12969,1.0748,1.01014,1.02005,1.13846,1.10211,0.972321,1.13858,1.18253,1.09295,0.971292,1.0917,1.12367,1.18119,1.18635,1.11291,1.17438,1.19396,1.10522,1.09798,1.01087,1.10721,1.04815,1.0781,1.10577,1.06869,1.05429,0.922843,1.03309,0.924114,1.1532,1.05113,1.07744,1.0141,1.15478,1.07898,1.073,0.94707,1.19995,1.03358,1.20189,1.12472,0.983617,1.03381,1.10336,1.05679,0.99069,1.11625,1.21091,1.14445,0.921802,1.03555,1.01642,1.07865,1.05631,1.11653,0.950132,1.03163,1.00311,1.0417,0.948647,0.954959,1.09354,1.17846,0.964221,1.11231,1.17592,1.05436,1.0953,1.12596,1.16701,0.977187,1.06871,1.10583,1.17589,1.17137,1.15751,1.10059,1.05055,1.11144,1.16704,0.99776,1.15132,1.01212,1.14781,1.15823,1.05405,1.10372,0.986338,1.04993,1.17742,1.06963,1.14446,1.07555,1.12189,0.962229,1.10132,1.02359,1.05827,1.12494,1.03939,1.13797,1.07982,1.02941,1.031,1.06071,0.987028,1.10545,1.0542,1.0063,1.08787,1.03824,1.15402,1.03222,1.05981,1.04801,1.08455,1.17586,1.1216,0.985008,1.0982,1.07605,1.07683,0.991279,1.08512,1.06192,1.12132,1.06059,1.12084,1.04438,1.03428,1.08778,1.14567,1.11319,1.08202,1.07887,1.0224,1.22149,1.19311,1.0841,1.00491,1.0945,0.992734,1.13718,1.11932,0.970179,1.00987,1.02937,1.10278,1.10679,1.15651,1.14167,1.16394,0.951917,0.944896,1.13561,1.13007,1.08107,1.04371,1.0562,1.13858,1.13227,1.00868,1.0559,1.12826,1.02899,1.05643,1.17044,1.16183,1.16218,0.992514,1.16404,1.13109,1.16346,1.14698,1.01434,1.08949,1.07618,1.08915,1.13462,0.957043,1.06998,1.03152,1.11248,1.09804,1.00472,1.11232,1.02933,1.08591,1.11686,1.01449,1.06616,1.14903,0.977018,1.02032,0.997705,1.00364,1.06594,1.03916,1.09803,1.13121,1.12218,1.15568,1.12747,1.07023,1.17884,1.11285,1.13209,1.13902,1.09785,1.13121,0.959215,1.05866,0.98865,1.03307,1.18753,1.13265,1.07619,1.05816,1.13964,1.05085,1.09998,1.15898,1.03218,1.0623,1.10466,1.12922,1.08394,1.15557,0.963396,1.12611,1.08448,1.08423,1.09385,1.19637,1.05372,1.09341,1.12958,1.08615,1.10721,1.02218,0.999693,1.15302,1.02868,1.11178,1.19808,1.00805,1.02494,1.08626,1.04487,1.14676,1.10791,0.952473,1.05131,1.09351,1.09283,1.15576,1.15078,1.17658,1.07486,1.05193,1.05806,1.05367,1.06201,1.01395,1.05525,1.00501,1.06956,1.0653,1.12183,1.14074,0.987025,1.23561,1.07099,1.10544,1.07001,1.15291,1.13958,1.11505,1.1748,1.03676,0.986287,1.10257,1.05456,1.15595,1.09426,1.0071,1.10284,1.07308,1.08601,1.08049,1.02993,1.04434,1.0691,1.08084,1.20384,1.00455,1.00493,1.13469,1.09382,1.09441,1.0478,1.10423,1.053,1.04907,1.10242,0.969994,1.12539,1.19072,1.07493,1.05557,1.22336,0.998284,1.10965,1.00065,1.03909,1.07762,1.12771,0.927854,0.968488,1.11139,1.18392,0.995517,1.01435,1.12106,1.09148,1.10921,1.12163,1.12091,1.05402,1.13266,1.13665,1.10811,1.23205,1.05997,1.00487,1.04987,1.16177,1.13537,1.11365,1.14352,1.06562,1.08949,0.990344,0.965846,1.00785,1.03827,1.03791,1.02966,0.996703,0.941954,1.01518,1.03089,1.01496,0.98669,1.08893,1.10716,1.07434,1.12766,1.02349,1.14718,1.04674,1.15072,0.978238,1.06827,1.1143,1.15673,1.01462,1.10482,1.20554,1.09918,1.14925,1.00129,1.01021,0.941028,1.06,1.01228,1.0546,1.09081,1.05166,1.1917,1.03525,1.06791,0.983928,1.08407,1.0849,1.11725,0.930598,1.1236,1.09303,1.0048,1.15812,0.923474,1.12102,1.19639,0.929481,1.13744,1.13348,0.94828,1.18573,1.0946,1.03522,0.958176,1.07583,0.890391,1.08101,1.14879,1.08007,1.02379,1.05029,1.07186,1.08287,1.11074,1.0158,1.09065,1.08405,0.970876,0.954263,1.11117,1.10417,1.0292,1.05968,1.14904,1.07912,1.03789,1.05547,1.10394,1.05614,1.06394,0.989249,1.01645,1.06377,1.06711,0.964074,1.03989,1.06867,1.09828,0.939598,0.949819,0.960788,0.940804,1.04436,1.04608,0.95645,1.20719,0.966497,1.16209,1.15269,1.09833,0.997886,1.10569,1.04783,1.04738,0.987498,1.08452,1.12454,1.04867,1.06184,1.09485,1.0079,1.18659,1.14144,1.07492,1.08066,1.09325,1.07592,1.12389,1.08482,1.16937,1.05447,1.04224,1.14867,1.11235,1.15863,1.0869,1.09876,1.04821,0.986043,1.01367,1.07309,1.03476,1.10475,1.00955,1.09029,1.11354,1.17104,1.04511,1.06475,1.01429,1.03338,1.11457,1.06223,1.26635,1.0814,1.11887,1.0226,1.08575,0.996895,1.09912,1.05477,1.15145,1.07318,0.993219,1.0993,1.00073,1.07664,1.09542,1.15068,1.01073,1.12575,1.05738,1.09894,1.10894,1.05896,1.15255,1.12751,0.972026,0.97511,1.23195,1.17573,1.03657,0.939853,1.00668,1.01965,1.10681,0.97904,1.07405,1.10701,1.00168,1.1356,1.0906,1.0764,1.03244,0.969815,1.07118,1.09647,1.09022,1.17399,1.08864,1.13929,1.05799,1.18889,1.00385,1.10182,1.099,1.04217,1.04928,1.03108,1.05367,0.988512,1.01954,1.0907,0.999207,1.0384,1.06701,1.1524,1.17557,1.0586,1.04702,1.16946,1.05846,1.16952,1.07759,1.07174,1.03452,1.05332,1.00208,1.008,1.20192,1.0818,1.12302,0.999856,1.16464,1.04346,1.02359,1.05445,1.07962,0.980429,0.98728,1.09596,0.930246,1.04983,0.976937,1.03595,1.10225,0.988519,1.05747,1.12672,1.04553,1.07137,1.16793,1.09563,0.891675,1.00008,1.04019,1.0641,1.08989,1.03657,1.03091,1.08861,1.19817,1.05587,0.999026,0.995346,1.05467,1.05533,1.09919,0.972644,1.01453,1.0424,0.988975,1.1711,1.05829,1.06658,1.04061,1.20237,1.13031,1.08845,1.08475,1.11989,1.19597,1.03996,1.06128,1.18896,1.10686,1.06263,1.03311,1.0036,0.96015,1.11944,1.07452,1.11304,0.999601,1.13476,1.04789,0.956285,1.11636,1.12045,1.07346,1.12409,1.00486,1.03598,1.06673,0.98199,1.00316,1.10271,1.0858,1.1109,1.17413,1.08245,1.06035,1.12496,1.00572,0.945082,1.12045,1.10538,1.13237,1.03856,1.081,1.02408,1.04788,1.06552,1.10517,1.01736,1.01953,1.1083,0.973329,1.06083,1.09581,1.09865,1.00397,1.04646,1.08279,0.965099,1.04466,0.966816,1.05699,1.00493,0.975616,1.11014,1.05745,1.04151,1.10389,1.07194,1.10576,1.03111,1.0243,1.12777,1.05222,1.06794,1.01322,1.003,0.980973,1.17899,1.05476,1.03442,0.966484,1.09289,1.12124,1.06764,1.03595,1.03296,1.04188,1.13455,1.02571,1.15362,1.18431,0.999091,1.04953,0.982007,1.09728,1.11515,1.02905,1.13807,1.12816,1.08388,1.03651,1.15094,1.18581,1.04628,1.05712,1.13922,1.02939,1.02191,1.14306,1.15496,1.09532,1.04,1.11343,1.10225,1.19522,1.11282,1.09686,1.10309,1.17729,1.01095,1.03113,1.03925,1.10085,1.00025,1.11194,1.17216,1.08855,1.02564,1.13441,1.02571,1.06483,1.06705,1.11419,1.11738,1.21466,1.08641,1.09263,1.10264,1.10972,1.11065,1.03851,1.04304,1.07269,1.0032,1.08607,1.06529,0.993857,1.02799,1.08653,1.00341,1.03306,1.12312,1.07278,1.16272,1.04195,1.08053,1.01049,1.12175,1.04411,1.05467,1.22967,1.01143,1.08931,1.05356,1.21717,1.09029,1.11888,1.01233,1.12253,0.969015,1.15567,1.08775,1.09798,1.07951,1.1897,1.12056,0.993186,1.06864,1.10859,1.15058,0.980688,1.20918,1.14084,1.11529,1.05083,1.12224,1.01892,1.0956,1.04828,1.17208,1.10269,1.09913,1.03387,1.09661,1.18756,1.03308,1.02017,1.09701,1.06304,1.06973,1.00982,1.0694,1.09511,1.07871,1.07938,1.12683,1.11671,1.03106,0.998754,1.16408,1.00593,1.08615,1.00323,1.10323,1.03449,0.991892,1.09964,1.11004,0.894693,1.03705,1.06212,1.16641,0.973821,1.12787,1.09245,1.0714,1.14125,0.944202,1.08964,1.05029,1.07226,1.10047,1.08573,0.928868,1.10318,1.07618,1.06594,1.19993,1.0217,1.12069,1.13538,1.05699,1.04685,1.08211,1.10287,1.05898,1.11378,1.18069,1.03447,1.16963,1.05953,0.994341,1.19738,1.11589,1.11891,0.938852,1.11266,1.06862,1.02966,1.06025,1.07708,1.0025,1.06758,1.08336,0.974807,1.07667,1.10754,1.2608,1.05255,1.06327,1.00367,1.16375,1.19545,1.05919,1.07338,1.05632,1.00371,1.13495,1.04941,1.0979,0.923916,1.13268,1.09042,1.06263,0.990613,1.04023,1.07746,1.17808,1.06836,1.11841,0.981415,0.995149,0.987108,1.03903,1.08343,1.16392,1.11039,1.03712,0.990409,1.09401,1.03532,1.11389,1.09028,1.11064,1.05313,1.10369,1.06715,0.983959,1.18065,1.01197,0.98354,1.01971,1.08619,1.14479,1.07451,1.19243,1.03612,1.10408,1.12602,1.00205,1.13784,0.941247,1.01508,1.02511,1.16748,0.98229,1.05777,1.03294,1.09106,1.12447,1.02852,1.05924,0.986158,1.16599,1.02155,1.12954,1.08696,1.08502,1.18344,1.05148,0.975713,1.05106,1.07089,1.10516,1.11352,1.1527,0.923166,1.13583,1.1403,1.11262,1.14823,1.05051,1.04452,1.0354,1.16911,1.05579,1.05792,1.13681,1.10555,1.04017,1.08876,0.976437,1.03112,1.17219,1.05954,0.995959,1.15493,1.06561,1.01817,1.00079,1.23459,0.90287,0.99807,1.15657,1.11645,1.05979,1.03626,1.19962,1.04125,1.21172,0.944761,1.08314,0.960136,1.0606,1.09238,0.96861,0.956409,0.9952,1.01865,1.06882,1.13253,1.09986,1.10313,1.00114,1.02857,1.06263,1.09671,1.09962,1.08072,1.08239,1.1955,1.01813,0.998696,1.00115,1.07841,1.01778,1.01371,1.13059,1.0948,1.13383,1.08539,1.08636,0.99202,1.04592,1.07297,1.12778,0.978763,1.14864,1.08963,1.0989,1.20821,1.04382,1.08108,1.07037,1.01273,1.00796,0.929244,1.04551,1.02307,1.00219,1.17327,1.01743,1.23017,1.14915,1.00651,1.07604,0.97323,1.10599,1.09626,1.03388,1.04482,1.07114,1.0558,1.09028,1.13336,1.17613,1.19524,1.12822,1.07266,1.17508,0.901796,1.0753,1.06017,0.990269,1.1328,1.04828,1.01323,1.04335,1.24798,1.1298,1.08664,1.01618,1.00899,1.03798,1.04699,1.02555,1.05425,1.06024,1.14997,1.05665,1.09839,1.1053,1.0381,1.05488,1.06572,1.03172,1.06459,1.01978,0.989425,1.08153,0.994437,1.09418,1.04355,1.00991,1.03221,1.05204,1.03516,0.999105,1.04052,1.04763,1.05056,1.04589,1.0643,1.00589,1.06588,1.0311,1.1407,1.04805,1.01301,1.03332,1.13242,1.04545,1.1058,0.96269,1.02655,1.00575,1.02779,1.02468,1.01711,1.03802,0.98231,1.04209,1.0021,1.09631,1.05293,1.07922,1.1037,1.04545,1.04543,1.0767,1.09872,1.05419,1.04395,1.06969,1.12059,1.0709,1.00847,1.16451,1.12598,0.956175,1.04961,1.13263,0.973527,1.13387,1.03673,1.12679,1.06,1.1169,0.991002,1.00218,1.06374,0.992543,1.12484,1.14444,1.12208,1.00693,0.975934,1.017,1.13277,1.05557,1.00847,1.05085,1.00073,1.13953,1.14239,1.00995,1.15899,0.969454,1.05593,1.01436,1.04117,1.10796,1.05565,0.966757,1.1073,1.02355,0.947892,1.08544,1.09207,0.919602,0.9399,1.04489,1.02259,1.15901,1.0981,1.12657,1.02166,1.08573,1.11751,1.03602,1.07109,1.08174,1.14391,1.08133,1.04585,1.04774,1.03709,1.08699,1.07615,1.02896,1.13376,1.13454,1.08468,1.13543,1.15717,1.06942,0.908705,1.04718,1.08134,1.13003,0.978061,1.066,1.09586,1.04659,1.08481,1.09564,1.03802,1.04847,0.961232,1.02574,1.0612,1.21982,0.969745,1.1565,1.10362,1.09621,1.0252,1.02156,1.09134,1.11909,1.08379,0.946497,1.07092,1.09805,1.11617,1.0621,1.13603,1.04933,1.09953,1.05002,1.09629,1.00308,1.06597,1.04525,1.04836,1.14118,1.09439,1.02557,1.036,1.02655,1.01375,1.02363,1.00223,1.02718,1.00266,1.03174,1.09053,1.09641,1.0778,1.08786,1.07994,1.09592,1.02158,1.16948,1.12803,1.05443,0.94577,1.08105,1.09864,1.06967,1.04592,1.20817,1.12778,0.985102,1.16998,1.09456,1.15092,1.19899,1.24118,1.13583,1.09229,0.982128,1.11642,1.03967,1.01898,1.15918,1.09044,1.06634,0.945108,1.04637,1.13647,1.01565,1.0901,1.10569,1.03868,1.06237,1.09619,1.05483,0.993388,1.128,0.95843,1.06434,1.08507,1.10977,1.05982,1.19788,1.15551,1.20641,1.04446,0.964739,1.07332,1.1182,1.0839,1.0879,1.12353,1.03152,1.12342,0.948605,1.14676,1.02842,0.96297,1.08645,1.11958,1.06936,1.0534,1.02225,1.0904,1.06392,1.07459,1.02905,1.02154,0.971039,1.02417,1.09413,1.06681,1.10588,0.999069,1.10797,1.06238,1.06013,1.05226,0.998427,1.10372,1.12699,0.983295,1.08379,1.19983,1.05371,1.05079,1.16327,1.0542,1.16338,0.998733,1.1235,1.12489,1.04051,1.0886,0.991242,1.16742,1.12453,1.00043,1.00916,0.98721,1.05844,1.0496,1.16209,1.09725,1.00726,0.974986,1.09225,1.10224,1.14015,1.07966,0.971354,1.04691,1.01031,1.0824,1.04286,1.01081,1.08419,1.04494,1.18207,1.04263,0.995958,1.16685,1.15733,1.02971,1.0802,1.08784,1.09573,1.11315,1.04763,1.03409,1.13385,1.07238,1.00875,1.03708,0.999266,1.05139,1.03847,1.01256,0.995259,1.05614,1.08774,1.07841,0.968793,1.09797,1.11848,0.981618,1.04915,1.02478,1.08317,1.06233,1.15037,1.02135,1.09147,1.15199,1.1096,1.08596,1.12527,1.11507,0.9507,1.05253,0.979674,1.14003,0.973164,1.00238,1.14804,1.03726,1.08291,1.11932,1.02629,1.17083,1.03286,1.14686,1.05909,1.09693,1.02617,1.01055,1.06554,1.10808,0.975765,1.15516,1.04839,1.15352,1.17749,1.05189,0.938131,1.10612,1.11988,1.10895,1.19148,1.22221,1.09444,1.12134,1.06449,1.05566,1.10462,1.09844,1.18025,1.09933,1.04111,1.19195,1.14948,1.07582,1.08666,1.10766,1.02642,1.06539,1.31985,0.977057,1.09338,1.03198,1.02849,1.04191,1.06556,1.05422,1.03209,1.17154,1.05318,1.05768,1.1548,1.09056,1.14435,1.07776,1.11598,1.10257,1.02227,1.18181,1.10817,1.00742,1.12232,0.970711,1.15129,1.03151,1.15205,1.05938,0.969043,1.08108,1.00789,1.09854,1.09279,1.15192,1.1288,1.10336,0.944231,1.08309,1.14439,1.03533,1.2199,1.01316,1.07913,1.01745,1.09013,1.0852,1.02566,1.14778,1.16254,1.05715,1.08926,1.10397,1.10916,1.16162,0.985603,1.12507,1.03665,1.13758,1.10947,1.04188,1.12985,0.953575,1.07392,1.10422,0.986913,1.06045,0.929952,1.03598,1.09514,1.03989,1.09112,0.931344,1.13333,1.05776,1.07237,1.17587,1.02625,1.10789,1.01218,0.948944,1.12902,1.08386,1.14493,1.11887,0.984354,1.07785,1.2089,1.05979,1.08367,1.14386,1.04095,1.03144,1.0258,1.13733,1.01241,1.10488,1.07838,1.16653,1.07028,1.11182,1.04826,0.998516,0.864901,1.0781,1.16058,1.12754,1.0883,1.05875,1.12684,1.14971,1.09089,1.02794,1.03036,1.05018,1.06401,1.12679,0.988371,1.11386,1.06161,0.963951,0.984992,0.966423,1.02541,1.20679,1.16207,0.888766,0.993097,0.948593,1.11452,1.15041,1.0855,1.08899,1.13447,1.13339,1.05696,1.01931,0.944735,1.1386,1.24655,0.986014,1.18938,1.14324,1.04524,1.01753,1.05449,1.0642,1.07403,1.15269,1.09791,1.12041,1.12904,1.0825,1.11921,1.06526,1.05748,1.082,1.24679,1.22251,1.04086,1.0271,1.01216,1.11182,1.07486,1.06182,1.1247,1.0488,1.01613,1.15532,1.19527,1.04761,1.07431,1.07097,1.17633,1.06298,1.11521,1.05838,1.07892,1.02573,1.2329,1.12216,1.16933,1.10767,0.986067,1.12382,1.14146,1.11701,1.05577,1.09198,1.15669,1.02311,1.10388,1.11964,1.00563,1.1096,1.06522,1.13577,0.989225,1.05727,1.08414,1.19669,1.12586,1.05099,1.0717,1.08954,1.04338,1.09344,0.998957,0.924078,1.13161,1.13459,1.11189,1.06732,1.19188,1.15686,0.980299,1.0026,1.08285,1.02411,1.13118,1.03339,1.16311,1.07456,1.19584,1.11691,0.98349,1.10998,0.937317,1.2287,1.0863,1.11129,1.07919,1.08963,1.10719,1.10645,1.08137,1.112,1.11796,1.1214,1.08068,1.13239,1.13585,1.10676,0.959443,1.07484,1.14154,0.941535,1.06766,1.03789,1.20664,1.08037,1.07298,1.19106,1.08554,1.13749,1.08577,1.01899,1.06191,1.25422,1.07028,1.14185,1.17466,1.01695,1.08104,1.08914,1.26636,1.12374,1.11134,1.02843,1.14011,1.13453,1.0983,1.04416,1.04833,1.15662,1.11311,1.05746,1.13416,1.11955,1.08169,1.06488,1.07518,1.07462,0.999322,1.05093,1.15581,1.08705,1.20932,1.00053,1.0239,1.0606,1.06566,1.24295,1.16025,1.12031,1.00345,0.993104,0.994303,1.11255,1.23102,1.02097,1.11224,1.04926,1.09725,1.11009,1.09731,1.0476,1.08245,1.0679,1.10059,1.13326,1.1233,1.14491,1.12056,1.05456,1.1141,1.02901,1.03225,1.1217,1.18512,1.08826,1.07866,0.980398,1.18046,1.19248,1.01305,1.0325,1.06634,0.963364,1.05662,1.04202,1.1098,1.08179,1.10837,1.15005,1.07943,1.04517,1.13244,1.12303,1.15457,1.13834,1.11395,1.08384,1.18893,1.09871,0.959106,1.13419,1.05873,1.04922,1.06453,1.06034,1.05051,1.12169,1.12875,1.0837,1.02969,1.17601,1.16185,1.11913,1.06804,1.07425,1.12392,1.10941,1.06054,1.073,1.17963,1.01095,1.12628,1.18413,1.11846,1.07479,1.06561,0.937256,1.04956,0.99018,1.13688,1.06224,1.08066,1.1483,1.20977,1.09972,1.09001,1.22278,1.14983,1.22685,1.23052,1.07119,1.16522,1.08268,1.13995,1.03886,1.11583,1.12892,0.942536,1.03271,1.08111,1.08216,1.08989,1.04746,1.05659,1.07985,1.0041,1.20135,1.09887,1.05528,1.09765,1.09552,0.917078,1.03234,1.09877,1.09839,1.08301,1.13186,1.11881,1.11428,1.04184,1.13824,1.04741,1.12941,1.02707,0.943715,1.03251,1.13261,1.17897,1.14433,1.1119,1.20644,1.05383,1.21348,0.944055,1.14755,1.04541,1.04303,1.10536,1.11363,1.11423,1.21268,1.19938,1.17533,1.09229,1.19957,1.08289,1.16925,1.02697,1.00544,1.14185,1.05127,1.16206,1.07541,1.03396,1.20719,0.991336,1.14318,0.985546,0.961663,1.14391,1.03154,1.08258,1.12932,1.13198,1.11014,1.01049,0.986036,1.09818,1.05754,1.04469,1.02531,1.05873,1.10956,0.985031,1.17241,1.11696,1.01263,1.07102,0.990343,1.0975,1.13237,1.146,1.04281,1.07242,0.940171,1.11215,1.07499,1.20619,1.06695,1.15407,1.04483,1.10229,1.11939,1.00826,1.2203,1.08894,1.0542,1.12165,1.0162,1.01582,1.01147,1.05,1.21018,1.12476,1.03996,1.15334,1.05672,1.0776,1.10828,1.08992,1.11462,1.13873,1.05445,1.06042,1.16482,1.09768,1.07988,1.15797,1.09952,1.22464,1.17902,1.07047,1.02331,1.03521,1.09207,1.12231,1.02699,1.07613,1.1565,1.07655,1.0294,1.03845,1.05304,1.0948,1.08171,1.09711,1.09189,1.05966,1.00657,1.07654,1.08904,1.12376,1.11365,1.01956,1.12817,1.15422,1.09784,1.00504,1.09141,1.05035,1.0788,0.960228,1.05287,1.02844,1.05998,1.0693,1.13586,1.05162,1.08902,1.09173,1.17283,1.04812,1.12171,1.16879,1.13933,1.2335,1.08953,1.1705,1.14691,1.14722,0.990433,1.03601,1.11052,1.11509,1.08019,1.05186,1.19226,1.0899,1.09952,1.14631,1.03902,1.14517,1.10109,1.08215,1.0658,1.05203,1.12028,1.23495,1.03916,1.03888,1.11193,1.10665,1.10556,1.04098,1.0012,1.00778,1.25393,1.09177,1.10403,1.10836,1.1486,1.0272,1.08627,1.12679,1.10592,1.1899,1.09912,1.13801,1.19362,1.10279,0.974229,1.17654,1.18113,1.01974,1.13166,1.29479,1.07271,1.02975,1.0421,1.14197,1.08971,1.15697,1.07501,1.12141,1.05713,1.10379,1.14786,1.07843,1.11323,1.09229,1.06974,1.05793,0.941694,1.12426,1.04396,1.0409,1.0851,1.10552,1.13896,1.11267,0.982375,1.05047,1.15876,1.0676,1.14228,1.03658,1.08803,1.15377,1.25905,1.01133,1.00135,1.11725,1.14736,1.10622,1.08796,1.06227,1.09665,0.959936,1.05536,1.03816,1.17671,1.11598,1.08458,1.1895,1.03349,1.08994,1.0534,0.961636,1.09774,1.19959,0.994419,1.07539,1.0581,1.19592,1.1081,1.08023,1.17672,1.05279,1.02948,1.10516,1.01118,0.985504,1.01115,1.03972,0.98842,1.0324,1.03413,1.12826,1.13943,1.07264,1.20658,1.09059,1.09516,1.18757,1.10524,1.14919,1.11376,1.06033,1.02403,1.02721,1.04631,1.09976,1.12889,1.02665,1.03911,1.16543,1.10952,1.12229,1.10408,1.11889,1.13589,1.12826,1.04192,0.959777,1.09896,1.17247,0.970211,1.09563,1.11871,1.0721,1.03452,1.04667,1.05318,1.09295,1.10955,1.13257,1.11714,1.13356,1.13603,1.13313,0.969326,1.11346,0.986452,1.07331,1.08365,1.00547,1.23819,1.07196,1.11449,1.14487,1.0789,1.11149,0.983576,1.14495,1.03955,1.11475,1.07508,1.13128,1.01214,1.15302,0.962708,1.11971,1.22379,1.11653,1.09144,1.07773,1.02543,1.20453,1.12529,1.11718,1.03796,1.21189,1.13185,1.16168,1.21121,1.10531,1.07554,1.17654,1.10404,1.13396,1.11222,1.08312,1.01173,1.13508,1.02463,1.0904,1.11805,1.1185,1.17926,1.06535,1.12716,1.16325,1.16587,1.11643,0.99693,1.00666,1.13162,0.938821,1.07811,1.0449,1.11115,1.02923,1.11186,1.05063,1.09872,1.12409,1.14263,1.11395,1.04088,1.12571,1.21681,1.06666,1.17965,1.08887,1.1244,1.13938,1.18942,1.16146,1.13384,1.11238,1.00462,1.07965,1.07306,1.05024,1.10081,1.11933,1.06946,1.14033,1.06529,1.09917,1.17698,1.10168,1.08656,1.09789,1.1435,1.18272,1.06257,1.0484,1.10806,1.05691,1.23714,1.17035,1.04862,1.08006,1.02304,1.02119,1.08642,1.01936,1.04976,1.116,1.14452,1.0856,1.11677,1.00154,1.06784,1.12661,1.08444,1.18481,1.15357
3,1.23189,0.981157,1.01479
4,0.946138
5,1.33484,0.945288
6,0.895539,1.13184,0.933147,0.823306,1.08011,0.802157
7,0.936774
8,1.38849
9,0.846648
10,0.90285,1.23065,0.904104,1.00205,1.09206,1.01318,0.902519,0.886368,0.994432,1.04037,0.937614,0.819082,0.855639,1.07955,1.10204,0.757307
11,0.962286,0.970487,0.883676,0.86251,0.994189,1.01196,0.863701,1.03817,1.03196,1.09276,0.994603
12,1.00123,0.829332,0.788052,0.875054
13,0.793512
14,1.40011,0.984286,0.984132
15,0.80807,0.865586,1.01427
16,1.26403,1.04769,0.961458,1.06081,0.968642,0.884629,1.00787,1.07451,1.15084,0.821998,0.913372,1.19247,1.00569,0.759694,1.00119,0.924594,1.0031,1.07455,0.977764,0.74782,0.801415,0.892858,1.0233,0.969721,0.992864,1.03266,0.919843,0.928258,1.1029,1.18503,1.081,0.917667,0.870559,1.25259,0.958576,0.867978
17,0.995166
18,0.828742
19,0.796494,0.978844,0.746545,0.826406
20,0.860492
21,1.14221,0.914665,0.989434,0.964331,1.20479,0.900865,0.847458,1.02071,1.04656,0.804431,1.0845,0.891905,0.786024,1.01425,1.07466,0.948392,0.795008,0.955821,0.971204,0.806266,1.04844,0.896838,0.939784,1.09059,0.857304,0.880678,0.853816,0.85663,0.915872,0.891884,1.04015,1.08504,0.99139,0.919287,0.919722,0.966653,0.852262,1.00897
22,1.01646,0.953431,0.587245
23,0.890347,0.98285
24,1.19606
25,1.09142,0.960221,0.922513,1.04704,0.971711
26,1.20555,0.934231,0.851208,1.01343,0.872058,0.932005,0.955724,0.845147,1.00589,0.981682
27,0.95321,0.885988,0.943563,0.97124,0.845791,1.01329,0.882044,0.820131,0.842077,1.02894,0.84101,0.841364,1.03008,0.946863,0.800396,0.913943,0.913256,1.07832,1.08213,1.11303,0.825675,0.977176,0.887083,1.02199,0.996068,0.811491,0.916782,0.883187,1.17549,1.06872,0.734033,0.829623,0.958961,0.958836,0.947548,0.900603,0.994903,0.779809,0.933515,0.831716,0.872183,0.96622,0.810065,0.943837,0.730733,0.906471,0.844053,1.01265,0.858705,0.837622,0.813577,0.78628,0.983013,0.793426,0.96624,0.925424,1.00115,1.15729,1.01326,0.839185,0.856781,0.952933,1.01028,0.710132,0.794746,1.03187,1.14754,1.03604,1.09066,1.10741,0.996532,0.770442,1.00588,0.857282,0.976549,0.914001,0.868556,0.922421,0.765399,0.932913,0.927119,0.922552,0.839,1.07054,0.938989,0.960612,0.924689,0.844692,0.920601,0.990688,0.832401,0.989991,0.733912,1.12935,0.894461
28,0.85061
29,1.20881,1.07849,0.808243,1.23851
30,0.915586,0.954457
31,0.940376,0.935897,1.01764,0.968882,0.956659,0.818007,1.02839,0.972032,0.91767,1.01797,0.815632,0.882896,1.02576,0.988509,1.00385,1.18858,0.995663
32,0.986569
33,1.14587
34,0.940865,1.06402,0.9189
35,0.84774,1.0305,1.18278,0.928012,0.859863,1.29509,0.924756,0.839821,0.853889,0.908389,0.771692,1.10951,0.776444,1.0163,0.725728,0.800181,0.99826,0.977598,0.751443
36,1.0948,1.00859,0.889252,1.02267,0.993143,1.17606,0.814784
37,1.01693
38,0.865227
39,0.967187,0.990033,0.875712,1.12181,0.804074,0.847612,0.817999,1.06206,0.9002,0.590738,0.979145,1.16375,0.988342,1.10459,1.12141,1.03897,0.89964,0.887651,0.874589,1.24356,1.10309,0.726247,0.929231,0.863394,0.989473,0.898727
40,0.947823,0.951157,0.950377,0.984091,0.952418,0.968463,0.98016,1.01738,0.820485,1.27532
41,0.905952
42,0.857856
43,1.13806,0.994936,1.06751,0.846253,0.976443
44,0.919964,0.858971,0.839353
45,0.899685,0.930471,0.879218,1.31321,0.773641,0.965407,1.01497,0.952917,0.767776,1.12134,1.10764,0.907114,0.954697,1.12741,1.20356,0.825186,0.853057,1.08576,0.862704,1.0651,0.989912,0.979375,0.888911,1.09856,0.869943,1.06587,1.18445,0.838464,1.03046,0.938058,0.739524,1.10375,1.0895,1.01221,1.06492,1.02663,1.01846,0.949233,1.07123,0.901281,1.06955,0.925842,0.944322,0.884377,0.972193,1.0392,0.902619,0.896721,1.01436,0.938863,1.01273,0.918036
46,1.06222
47,1.05191
48,1.08807
49,0.976622,1.14802
50,1.00711,1.05078,1.02331,1.03798,1.01676,0.833162,1.09123
51,0.97683
52,1.03692
53,0.805496
54,0.83638,0.960214,0.825957,1.19707,1.03963,0.921315,0.873367,0.979553,0.900317,1.08223,0.925931,0.936717,1.19576,0.886395,0.71958,0.987304,0.899971,1.0169,0.833592,1.30334,1.139,1.03497,1.01283,0.876258,1.05726,0.717893,0.793428,1.04786,1.03006,1.1732,0.924232,0.990756,1.195,1.07445,1.03727,1.04679,0.871268,1.19167,1.16073,0.969385,0.889013,0.855159,1.0487,1.07687,0.93325,0.780719,1.06878,0.924312,1.12835,1.14709,1.16767,1.00872,1.01431,0.923344,1.01533,0.938021,1.1155,0.86477,0.974357,0.957742,0.961302,1.17593,0.851954,1.02452,0.706091,1.08937,0.979825,1.1191,1.05323,1.19027,0.950223,1.02265,1.03362,1.00039,1.21959,0.822492,1.13742,1.05124,0.885908,0.889664,0.91765,1.01935,0.860032,0.919103,0.906992,1.00474,1.15234,0.918549,0.803252,1.07575,0.951798,0.861332
55,0.955715
56,1.04879
57,1.01049
58,0.858322,1.48502,1.06649
59,1.02919
60,0.964604,0.958007,0.912653,1.0568,0.814597,0.924938,0.829206,1.02437,0.994944,1.08745
61,0.843064,0.937843,0.957374,0.927654
62,0.881155,1.04465,1.26805,0.940106,1.04231,0.886283,0.949538,0.970155,0.957244,0.911377,0.823754,1.07718,1.16016
63,1.14301
64,0.818975
65,1.2922
66,1.1181,1.00216
67,0.958956,0.867163,0.933408,1.01429
68,1.12496
69,0.807403
70,0.718427,0.866498,0.878009,0.854652,0.890194,0.781404,0.932327,0.815634,0.956079,0.903702,0.806267,0.842503,0.88499,0.912287,0.908116,0.855713,0.889977,0.936544,0.797574,0.922835,0.805246,0.906823,0.849693,0.819709,0.931409,0.953958,0.78195,0.797258,0.797901,0.924578,0.866042,0.804493,0.895334,0.780886,0.822352,0.859731,0.913376,0.865109,0.806419,0.898322,0.900518,0.778523,0.746068,0.922951,0.847981,0.967604,0.776069,0.80342,0.879118,0.87691,0.943992,0.84037,0.862028,0.975262,0.729014,0.841446,0.766784,0.920652,0.95289,0.854933,0.895122,0.841723,0.782996,0.882318,0.869482,0.867695,0.772153,0.85079,0.791535,0.91429,0.904868,0.850318,0.964725,0.858298,0.85888,0.907842,0.9895,0.941977,0.875332,0.810301,0.719077,0.809252,0.96901,0.891388,0.879038,0.894199,0.854651,0.876557,0.80604,0.904256,0.812881,0.812311,0.955114,0.909549,0.853834,0.849397,0.74957,0.880403,0.94665,0.855433,0.837826,0.910218,0.950951,0.877275,0.914974,0.852401,0.785909,0.742377,0.9648,0.876804,0.845766,0.895933,0.907794,0.896522,0.876182,0.88761,0.854427,0.936333,0.862222,0.939619,0.817212,0.914081,0.863075,0.882747,0.873613,0.793291,0.903003,0.842173,0.929874,0.833339,0.879469,0.930047,0.954183,0.824597,0.856706,0.863372,0.965973,0.863439,0.886891,0.865006,0.825966,0.826097,0.79439,0.924423,0.848432,0.889341,0.890445,0.870071,0.878999,0.825864,0.79997,0.882138,0.905776,0.826214,0.91508,0.859583,0.888932,0.925154,1.00519,0.970808,0.814453,1.05479,0.89545,0.830244,1.09368,0.811472,0.835239,0.88499,0.804688,0.973937,0.735022,0.882494,0.964271,0.84406,0.894322
71,1.08297,1.00933,1.09569
72,1.05159,1.0252
73,1.09808,0.890414,1.03969
74,0.836369
75,1.1763,0.767338,0.969938
76,0.823865,0.98379,0.936503,0.922583,1.00306,1.00678,0.859276,1.01424,1.06414,0.945953,0.81275,0.79724,0.891225
77,1.1217,0.921233,0.969315,0.908762,0.997068,0.815452,0.834582,0.905053,1.00121,0.980703,1.09329,0.856202,0.914323,1.15257,1.05853,0.881979,1.01046,0.977552,0.860357,0.909826,1.02946,1.15106,0.926032,0.986519,0.932159,0.648536,0.907734,0.777548,1.06616
78,1.22224,0.896092
79,1.02215
80,1.09253
81,0.983663,1.11553
82,1.24513
83,0.752405
84,1.11257,0.996333
85,0.920916,0.929373
86,1.45488,0.932445,0.897538,1.05788,0.924881
87,0.955738
88,0.959431,0.825516
89,0.941001
90,1.02558
91,1.06914
92,0.833927,0.95101,0.906758,0.957052,1.08874,0.87851,0.998554,0.844173,1.11011,0.831287,0.995991,1.10266,1.03778,0.996888,0.956617,0.884031,1.12694,0.745935,1.0566,1.05684,0.993353,0.856345,0.899956,0.929131,0.945852,0.85529
93,0.929613,0.884987
94,0.862406,0.814158
95,0.979691
96,0.94702
97,1.23396
98,0.921823,0.80378
99,0.863383,0.808289,0.921846,0.98629,0.835623,0.808635,1.08385,0.933118
100,0.803763
101,0.806311
102,1.0243
103,0.924266
104,0.872813
105,0.759947,1.23982
106,1.10396,1.02992,1.20961,1.09809,0.769407,0.728347,0.948209,1.01422,0.906417,1.53609,1.01476,0.886936,0.943205,1.17723,0.875941,1.12041,0.917867,0.984146,1.0389,1.00876
107,0.749007,0.857102,0.858191,1.03857,0.944224,1.06911,1.0437,1.01227,0.93658
108,0.937402,0.976307,0.836184,0.82692,0.960064,0.993079,0.912509,2.29169
109,0.963649,0.952597
110,0.883267
111,0.996179
112,1.25329,0.942949,0.976688,0.797506
113,0.857944,0.869397
114,0.971182,1.0491
115,0.836324,0.935384,1.0142,1.10115,0.973864,0.888807,1.03195,0.886749,0.899751,0.966626
116,1.02856
117,1.05117
118,1.00056
119,0.955351,1.06894,1.09122,1.09671,0.803431,0.987338,0.87625,0.940735,0.950294,0.89649,0.768317,0.895269,0.972394,0.838516,1.07219,0.919013,0.760668,1.00173,0.916325,0.877884,1.13914,0.804719,0.779216,0.721266,0.812082,0.968221,0.816584,1.06232,1.04528,0.921356,0.961059,1.2032,0.949291,0.926042,1.00164,0.883471,0.810439,1.06563,0.983811,1.29528,0.842652,0.862214,0.927235,0.965034,0.878221,0.987299,1.08983,0.938935,1.0595,0.98266,1.18176,0.977586,0.859803,1.05319,0.933324,1.08102,1.09071,0.835297,1.00323,0.783407,0.906602,0.887127,0.885878,0.993212,1.07092,0.947088,1.01838,1.10875,0.935771,0.865401,1.07575,0.992996,1.07712,0.846663,0.891362,0.884557,0.909966,0.662058,1.13012,1.05965,1.09164
120,0.95457,1.09922,0.833193,0.848393,0.99538,0.941781,0.992833,0.923093,1.04556,0.701019,0.849545,0.959254,1.0361,0.838636,0.952555,0.861283,0.936341,0.884422,0.909767,0.87876
121,0.904714,1.01185,0.80208,0.994891,1.00829,0.85709,0.728588,0.834462,0.835571,0.828964,0.959228,0.982745,0.912591,0.824879,0.876249,0.824907,1.04326,0.81331,0.847998,1.08917,0.824767,0.943029,0.986276
122,0.960005,1.08809
123,1.03886,0.978034,0.963829,1.0617,0.899205,0.979777,0.807892,1.00411,0.935261,0.947964,0.915311,0.971427,1.25172
124,1.31516
125,0.942899,0.763539,1.03727,0.936736,1.09488,0.895232,1.08921,0.955762,0.954291,0.995829,0.937535,0.863878,0.885885
126,0.871143,0.879341
127,0.859632,0.920947,0.943529,0.943962,1.00897,1.04519
128,2.0616,1.06929
129,1.32685
130,1.03421
131,1.01669,0.91196,0.982398
132,1.50286
133,0.911087
134,1.03082
135,1.0559,0.943141
136,1.05283
137,1.1599
138,0.993141
139,1.04429
140,0.756576,1.02723,0.854536
141,0.940964,1.01956,1.16147,0.848578,0.986232,0.952511,1.03931,0.801926,0.906765,0.911121,1.05906,0.809492,0.882235,0.874189,0.904516,1.13951,1.12979,1.11455,0.840164,1.11087,0.897719,1.31251,1.0876
142,1.0877
143,0.855852,0.946533,0.880109,0.985903,1.00052,0.980174,0.857254,0.843796,0.880094,1.02818,1.00179,0.911771,0.934599,0.853175,0.918002,1.02413,0.932688,1.00433,0.885518,0.915878,0.866537,0.910827,0.897033,0.961743,0.918116,0.962544,1.04898,0.858883,0.89826,1.03902,0.961724,0.94671,0.96639,0.786408,0.879745,1.09672,0.931533,0.863053,1.05456,0.80776,0.823982,0.999346,0.972679,0.998267,0.904291,1.01026,1.01325,0.987995,0.893678,0.834517,1.39311,0.84501,1.03834,0.986983,0.891198,0.959091,1.05087,0.998747,0.891185,0.93244,0.986586,0.852413
144,0.83656
145,1.14662,0.823426
146,1.02961,0.935602,0.807093,0.998088,1.2636,0.730069,0.675326,0.830442,0.840146,1.03274,0.857095,0.886824,0.900738,0.984765,0.821465,1.21582,0.694126,0.959987,0.84462,0.957749,0.929818,0.863817,0.804248,0.909236,0.848734,0.739551,1.05347,0.898499,0.749946,0.888854,0.91728,0.954472,0.966256,0.993385,1.06093,0.822326
147,1.08909
148,1.18507
149,0.948958
150,0.890831
151,0.935859
152,0.914532
153,0.969097,0.961771
154,0.74831,1.02835
155,0.631408
156,0.965735
157,0.715998
158,0.915285
159,0.859482,1.19781,1.03971,1.03161,1.0833
160,1.23582
161,0.930013,0.962883,0.920578,0.984347
162,0.977715
163,1.0015
164,1.09383,0.811852,0.814288
165,0.938627
166,0.929153
167,0.822704,0.946665,0.943755,0.98652,0.911456,1.14403,1.00376,1.03892,1.05627,0.909507,0.883441,0.98026,0.866342,1.16184,1.07356,1.14664,1.10188,0.999304,0.863566,1.16393
168,0.717898,1.09704,0.980391,0.992156,1.0259,0.828559,0.968687
169,0.849724
170,1.11557,0.955369,1.06636,0.970809,1.02356,1.09602,0.933191,1.08605,1.0054,0.885866,0.898515,1.08342,0.635386,1.15524,0.839686,0.92796,0.994103
171,1.01788
172,0.835595
173,0.898946
174,0.830805,0.889118,0.786774
175,0.812098
176,1.01837,0.914018,0.882325,0.939999,0.93399,0.862843,0.882739,0.878465,0.917191,1.01193,0.872787,0.941071,0.932282,0.972621,0.866639,0.990879,0.894094,0.877482
177,0.813765,0.860581,1.10695,1.01075,1.09249,0.896439,0.863429,0.857965,1.02383,0.874637,0.919498,1.01458,0.898775,0.927908,0.872405,0.737969,0.834592,0.770049,0.876625,1.22703,1.14987,0.957863,0.852384,0.960282,0.887381,0.939342,0.928486,0.946478,0.977204,1.07514,1.00143,0.85066,0.767981,1.0806,0.900941,1.18078,0.916,0.998498,0.737278,0.955345,1.00756,0.884031,0.901248,0.980758,0.77333,0.935339,0.840233,0.986432,0.991139,0.927655,0.873123,1.00827,0.936129,0.861338,1.00941,1.02406,0.965825,0.865611,1.00069,0.951996,0.883817,0.869179,1.18984,0.949866,1.11824,0.944063,0.953933,0.926787,0.852931,0.700333,1.17781,1.06831,0.982861,0.907756,1.1782
178,0.840435
179,0.868217
180,0.842755,0.827706,0.880598,0.936723,1.14239,1.07805,0.926987,0.899918,0.814847,0.774373,0.993612,0.96688,0.886248,1.35848,0.711977,0.970431,1.11815,0.91069,1.17487,1.16006,1.01637,0.91409,1.07467,1.01415,0.802183,1.19819,1.33792,0.940742,0.891261,0.786891
181,0.867516
182,0.723541,0.989116
183,1.16768
184,0.828733
185,1.28611
186,1.1553,1.16462,0.988217,0.789587,1.1672,1.1028,0.813103,0.941217
187,1.09964
188,0.930924
189,1.02605
190,0.927733
191,0.857744,1.18296,1.02135,1.07169,0.860632,0.851652,0.966713,1.15129,0.745602,0.821481,0.89446
192,0.980783
193,1.32343
194,1.51742
195,1.15974
196,0.938543
197,1.00106,0.891913,0.913849,1.00379,1.00301,0.990533,0.905797,0.978892,1.02473,0.836136,0.992611,0.947796,0.833829,0.917944,0.946665,0.86532,0.94566,0.9395,0.910435
198,1.06207
199,0.847535,1.21056,0.937614,1.05157,0.832144,0.959669,1.01864,1.05858,1.00005,1.00426,0.783085,0.939248,0.906904,1.08848,1.05357,1.12218,1.01249,0.968711,0.93037,0.869707,0.994719,0.917527,0.991554,1.10583,1.01294,0.923385,0.957819,1.06044,0.957445,0.960058,0.847666,0.973269,0.978885,0.939912,0.864913,0.929183,1.06878,1.14357,1.14721,0.907382,0.987772,0.990647,1.05259,1.01432,0.898655,1.0177,1.11847,1.02698,0.977097,1.01118,0.866835,0.991893,0.944045,1.1436,1.1131,1.0591,0.978734,0.955666,0.85954,1.05207,0.913286,0.899092,1.04598,0.871524,0.929074,0.875222,0.916902,1.56295,1.10852,0.7398,0.991645,1.07571,0.951987,1.08188,1.26802,0.903605,0.807956,1.05403,1.00095,0.848661,0.960356,0.961113,0.711347,0.947405,0.955477,1.09072,1.07951,0.7855
200,0.959465,1.1425
201,1.0244
202,0.945337,0.907494
203,0.95527,0.782598
204,0.906175,1.08525,1.03998,0.832406
205,0.98659,1.19039,1.0252,1.00105,1.11956,0.922676,0.866356,0.998625
206,0.771114,0.852712,1.02101,1.10049,1.01121,1.03091,0.91629,0.8145,0.923237,0.943152,0.953357,0.962079
207,0.826923,0.903411,0.893117,0.967952,0.918348,0.906071,0.920812,0.973635,0.987851,0.948679,0.832496,1.02411,0.839939
208,0.797126,1.03722,0.801496,0.928153
209,1.37882
210,0.96419
211,1.29331
212,1.03685
213,0.952915
214,1.96718
215,0.867337
216,1.20161,1.05853,1.05779,0.99203,1.04005,0.930719
217,0.852999,0.947631
218,1.39976
219,1.06465
220,1.19246,1.06644
221,0.924489
222,0.860892
223,0.876555,1.20073
224,0.920994,0.900577,0.968001
225,0.892972
226,0.869651
227,0.608244,0.963395,1.01055
228,0.853752,1.04424
229,1.10703,1.27208,1.12352,1.30963,1.25838,1.09216
230,0.94099
231,0.961084,1.48219,1.25613,1.50224,1.07727,1.16098,1.08357,1.21392,1.10323,0.933407,0.882862,1.47902,1.17113,0.833915
232,1.09708
233,0.788392
234,0.929043
235,0.883801,1.3134
236,0.88378
237,2.57213,0.717055
238,0.898582,0.930289
239,1.10352,0.891298,1.01104,0.928578
240,1.13459,1.32127,0.900232,0.796725
241,0.878054
242,0.93013
243,0.88491
244,0.847588
245,0.944158,1.00461,1.03515
246,1.09275,1.10917,1.09599,1.06674,1.01794,1.14604,1.02519,0.948474,0.873412,1.03058,0.914967,1.13048,1.08443,0.92684,1.07904,0.874818,1.11588,1.00908,0.925591,0.836855
247,1.14654,1.01121
248,0.983788,0.903721
249,0.94274
250,0.964754
251,0.973814,0.98902,0.856514,1.10134
252,0.878581,1.00011,0.983464,0.879571,0.93215,1.03696,0.740708,0.863675,1.01339,1.04917,0.830264,0.787545
253,0.950002
254,0.809092,0.849163,0.775483,0.900998,1.01702,0.919116
255,1.43721
256,1.03175,1.00573,0.886696,0.809025,1.00159,0.88295
257,0.898433,0.755064,0.930183,0.886601
258,0.979345,0.852242,0.835924,0.893806,1.03659,0.961052,0.944857,0.974349,1.0275,0.91177,0.85594,0.864031,0.939323,0.910815,0.878282,1.00086,0.99127,1.01154,1.00505,0.81374,1.08451,0.910892,1.09359,0.911464,0.992363,0.849019,0.973185,1.11054,0.92452,0.945197,1.07001,0.902565,0.912666,1.11768,0.971,0.885736,0.913757,1.16857,0.911074,0.94574,1.21277,0.846505,0.999403,1.04733,0.787138
259,0.851361
260,0.813438
261,1.17896
262,0.961045,0.977252
263,0.886988,0.854286
264,1.04219,1.11942,1.10935,0.884214,0.875173,0.960923,1.16534,0.905213,0.963068,0.921409,1.04151,1.00212,1.07997,1.16611,0.99838,1.36977,0.971211,0.975179,1.09525,1.04074,0.974931,0.821371,0.878009,1.08285,2.07374
265,0.912866,1.06838,0.826583,1.06363,0.986441
266,1.09345
267,0.97959
268,0.897547
269,0.853414
270,1.13065
271,0.860025
272,0.892861,1.08678,1.01848,0.91612,1.01192
273,0.738282,0.866484,0.897364
274,1.08374
275,1.08734
276,0.804455
277,0.85718
278,0.940786
279,1.06233,1.12133,0.908207,0.793535,1.17723
280,1.01598
281,0.831923
282,1.52022
283,0.819052
284,1.00637
285,0.896592
286,1.06279,1.00534
287,0.898885
288,0.960067
289,1.72656
290,1.2086
291,0.920458,1.1601
292,0.905967,0.709695,0.975435,0.891967
293,0.859384
294,0.945217,1.05802
295,1.00557,0.904505,0.898519,0.898217,1.11385,1.22222,0.988912
296,0.969368,0.957617,1.0375,0.947002,0.969789,0.931986,0.947027,0.886407,0.903165
297,1.07535,1.03446,0.902532
298,0.959317,0.899875,0.894867,0.919722,0.862338
299,0.847191,1.08849,0.755266,0.995722,1.04572,0.890112,1.06903,1.01005,1.01553,1.03369,1.00976,0.791626,0.881188,0.942742,0.881706
300,1.06789,1.0698
301,0.693922,1.01064,1.18612
302,0.932988
303,1.14872
304,2.84951
305,1.08755
306,1.00809,1.1217,1.02855,0.765073,1.14941,0.962976,0.828143,1.05435,1.12885,0.825732,1.14967,0.947692
307,0.987743
308,0.915148,0.84828,0.989045,1.18042,0.839879
309,0.900249,0.932564
310,0.83579,0.934801,0.849279,0.91775,0.774108,1.01587,0.875093,0.962113,1.11565
311,1.00975,0.82566
312,1.31302
313,0.757161
314,0.799068
315,0.944966
316,0.884888,0.989319,1.1244,0.931358,0.898985,0.958202
317,0.864974,0.996765,0.909957,0.89257,0.937656,1.00817,1.02856,0.918222,0.92559,0.903385,0.888688,0.839069,0.99504
318,1.14443
319,0.952329
320,0.869105,0.838144
321,0.837219
322,0.892178,0.786233,0.923177,1.18208,0.916637,1.0975,1.21427,0.987791,0.90279,1.05151,1.05735,1.1164,0.782921,0.935111,1.09938,0.953207,0.981809,1.07795,0.906564,1.01338,0.972702,0.981611,0.862211,0.975024,1.02084,1.46011,0.804612,1.0693,0.999375,1.22039,0.997431,1.07084,1.23028,0.921808,1.05765,1.21619,0.888123,0.8652,1.21339,0.962975,1.11475,1.27047,0.8708,0.979217,0.818291,0.985485,0.992266,0.901286,0.786477,1.12247,0.854529,0.964546,1.27487
323,0.947289,0.939996,0.956562,0.935482,1.06884,0.993707,0.795737,0.83892,0.969173,0.94278,0.853974,1.08232,1.02265
324,1.07603,1.01659,1.18069,1.08469,0.942292
325,0.944607
326,1.36378
327,0.892063,0.835223,0.908581,0.856375
328,1.11217,0.966475,0.987778,1.0346,0.871801,1.03316,0.976051,1.00096
329,1.15616,1.01238,0.96463,0.994296,0.818557,1.1397,1.00953,0.947948,0.913531,0.862398,0.907024,1.05175,0.965181,1.15875,0.961716,1.11819,1.01188
330,0.960263
331,0.684989,0.826657
332,0.86659,1.01326,0.966786
333,0.892045,0.89696
334,0.975954,0.929237,0.89529
335,0.959709
336,1.09462
337,1.37073,1.05776
338,0.915304,0.957119,0.768136
339,0.902675
340,1.11366
341,0.957412,1.17264
342,0.951054,0.951964,0.762154
343,0.998953,1.13664,0.741214,1.111,1.1439,0.874621,0.903142,1.02174,1.09547,1.11355,0.935938,0.850893,1.05283,0.816609,1.03543,0.991801,1.23891,1.09131,1.11585,0.920791,1.11451,0.858678,0.959634,1.08783,1.07378,1.02469,0.989077,0.856541,1.06458,0.871228,1.16017,0.851669,0.867474,1.16084,1.18472,0.781143,1.02193,0.97893,1.01166,0.807023,1.06531,1.12652,1.26587,0.893876,0.974319,1.08088,1.18788,0.950301,1.02334,1.09645,1.07363,1.06714,1.19212,0.997616,0.987615,1.13454,0.808097,1.03742,1.16546,0.885719,0.98544,0.786589,1.01769,0.97331,0.998085
344,1.02546
345,0.972607
346,1.06496,1.11624,1.00656,1.0071,1.45421,0.905838,0.933104,0.987153,1.02687,0.957137
347,1.17836,1.02558
348,0.772626
349,0.965192
350,1.08954
351,0.90306
352,0.960628
353,0.944974
354,0.94577
355,0.874475,1.01489,0.964986,0.859643,0.764997,0.985821
356,1.0737,1.05743,0.811831
357,0.872504
358,0.921016,0.870072
359,0.985268,0.897823,0.933963,0.872239,0.907925,0.887083,0.903109,0.970754,0.953978,0.855961,0.958303,0.938148,0.905625,0.885233,0.842912,0.959951,0.961223,0.892219,0.911854,0.859097,0.89447,0.891495,0.931834,0.909257,0.948931
360,0.923861
361,2.38439,1.28987,1.31578,1.42376
362,1.12679
363,1.29514,1.23781,0.923692
364,0.850021
365,1.14762
366,0.981016
367,1.14463,0.907041,0.987501,0.914433,0.993586,1.12724,0.936995,0.890912
368,0.903293,0.817544,0.962633,1.13175,1.07607,1.03119,1.13588,0.992494,0.971313,1.06293,0.897937,0.880869,0.966886,0.962099,0.914683,0.968492,0.90339,0.86618,0.815496,0.882866,0.778357,0.928219,0.955766,1.11978,0.924682,1.03185
369,1.16803
370,0.926599
371,1.04441,0.881562
372,0.81573,0.904329,0.860013,0.926899,0.964534,0.902134,0.972134,0.884291,0.842322,0.952819,0.770539,0.96241,0.945117,0.781364,1.06207,0.881756,0.975941,0.83115,0.920479,0.791206,1.01197,0.825936,0.993738,0.949324,1.06061,0.875495,1.0067,0.936142,0.866149,1.15328,0.968048,0.910773,0.929081,0.850098,0.800284,1.0076,0.90995,1.01884,0.826392
373,0.897835,0.999051,0.885358,0.911699,1.04896,1.03088,0.888745,1.1647,0.86882
374,0.891922
375,0.931106,1.11742,1.01169,1.11362,0.737212,0.899767,1.02961,1.07596,0.89333,0.882333,0.791145,1.09234,0.897377,0.851458,0.857271
376,0.879529
377,0.991545,1.3968
378,1.0322,0.814188
379,0.907797
380,0.885101
381,0.882717
382,1.50078
383,1.75808,0.812341,0.866036,1.01443,0.976214,0.853198,1.06438,0.90193,1.04789,0.983337,0.919575,0.949398,1.09291,0.979888,0.912933,0.92354,0.955023,0.937664,0.944839,0.989487,0.958016,0.939479,1.1914
384,0.924739
385,0.840457
386,1.20002
387,1.01007,1.06444,0.989992,1.06763,0.971404,1.03349,0.967619,1.07717,0.924474,0.847923,1.01375,0.916527,0.74577,1.15063
388,1.04153
389,0.883815
390,0.901059
391,0.958529
392,1.04703
393,1.36122
394,0.946089
395,1.12953,1.07676
396,0.869741,0.933476,0.967265,0.966878,0.942435,0.919882
397,1.51523
398,0.699254
399,1.0652,0.923609,0.963897,0.899636,1.20301,1.07969,1.05307,0.981058,0.863252,1.15256,0.79688,1.15199,1.0283,1.06175,1.03306,1.04721,0.827606,0.626218,1.47126,1.153,0.911229,0.984478,1.20307,1.12271,1.13843,0.905386,0.866538,0.994,1.03156,1.08689,0.951498,1.02155,1.00813,0.996653,0.896545,1.16737,1.20486,1.09273,1.01421,1.13221,1.26728,0.859037,0.969873,0.89871,1.2236,1.03333,0.967902,1.04781,1.11079,0.769137,1.05249,0.938622,0.931735,1.16171,0.962765,0.893045,1.12501,0.921647,0.858359,1.14794,1.11302,1.06233,1.13665
400,1.32201
401,0.952754,0.969914,0.814876,1.21585,1.27813,1.01585,0.882679,1.00392
402,1.34774
403,1.15025,1.15503
404,1.0494
405,1.01928,0.826925
406,0.876103
407,0.980498,1.05327,1.05756
408,0.987117,0.797714,0.653646,1.14891,0.817705,1.22834,1.04703,1.28623,1.1053,0.772163,0.878424,0.990614,0.908486,1.08817,1.10391,0.912573,0.993088,1.17259
409,0.737064
410,0.927565,0.94781,1.00268,0.977827,0.762426,0.757129,0.849533,1.00286,0.957392,1.01842,0.82035,0.990078,0.850405,0.870454,0.816463,0.809722,1.06305,0.982937,0.937939,0.984227,0.963711,1.09741,0.947539
411,1.0156,0.884527,1.0567,1.06744
412,0.971258
413,0.926848
414,1.14085,0.994781,0.926173,0.973045,1.15663,1.11097,0.98735,0.997624,0.988966,0.832004,1.04819,0.89885,1.08029,1.00493,1.04898,1.09725,0.925462,0.93536,0.760482,1.06229,0.960388
415,0.933557,1.34309
416,1.11374
417,0.764208,0.929776,0.913539,0.839185,0.97067,0.857355,0.871057,0.928454,0.87553,0.800811,1.0168
418,0.888404
419,0.99929
420,0.880122,0.985154,0.959377,0.969148,1.04961,0.962153,1.01737,0.860467,1.03404,0.896728,1.08027,1.04248,1.29203,0.983284,1.08432,1.04397,1.21495
421,1.10973
422,1.00965
423,1.19745
424,1.006
425,1.76444
426,0.97305
427,2.35337
428,1.46177
429,0.885379,0.942412
430,0.92615
431,0.831767
432,0.903879
433,1.01888
434,1.89789
435,0.768701,1.05336
436,0.918751
437,0.958714,0.993909,0.832968
438,0.918638
439,0.787937
440,1.35571
441,1.02202
442,1.09526
443,0.907334
444,0.997689
445,0.752002
446,0.842763
447,0.974736
448,0.844308
449,0.944412
450,0.961051
451,0.943499
452,1.03621,0.91248,0.980577,0.898956,1.0455,0.891765,0.852148,0.946393,0.849329,1.02411,0.989821,1.00188,0.96197,0.7861,0.981876
453,0.93754
454,0.975982
455,1.06229,1.10148
456,1.32509
457,1.16419
458,1.0024
459,1.2427
460,0.892445
461,0.906237,0.942468,0.960069
462,1.05963
463,0.939009,0.934946,1.21341
464,0.721737,1.01154
465,1.11913
466,1.57852
467,0.895877
468,1.16396
469,0.75173
470,0.823889
471,0.964297,1.05331,1.00704
472,0.867299,0.952923
473,0.847295
474,1.16283
475,0.925177,0.979885,0.989607,0.894677,1.06947,0.895153,0.940055,0.946397,0.852763,0.977642,1.08615,0.970198,1.02373,0.825366,0.757332,1.00035,1.18651,0.889836,1.07203,0.913962,0.923028,0.985192,0.886768,1.06306,0.896849,0.941912,1.11229,0.992468,1.06231,0.674126,0.899521
476,1.45686,1.06613,0.825456
477,0.835034
478,1.13031,0.984962,0.921548,0.949741,1.02113,0.812215,1.03819,0.837403,0.758743,0.933707,0.791358,0.939981,0.899398,1.20464,1.04822,1.09233,1.02504,0.929221,0.925806,1.04978,0.961709,0.912433,0.864166,0.905696,0.889743,0.859316,0.795913,1.13687,0.892571,0.735647,0.913718,0.98945,0.985428,1.13966,1.03065,0.928976,1.39292,0.909257,1.15291,0.80077,1.0049,1.08312,0.931798,1.08492,0.854548,0.86027,1.01869,0.988984,0.905623,1.01227,1.19902,0.929084,0.972026,0.90052,1.04172,0.991098,1.01523,1.00649,1.03757,0.831811,1.3167,0.920474,1.06734,0.767972,0.799145,1.22438,0.994845,0.863452,0.787391
479,0.854115,0.904564,0.796303,1.01126,1.12519,0.900881,0.86727,1.20097,1.07504,0.918708,0.989923,1.17345,1.23197,1.08452,1.04136,1.05345,0.894213,1.02325,0.910862,0.783249,0.86837,0.89154,1.21581,0.975917,1.29014,0.990796,0.969851,1.03279,0.902439,1.00723,0.711775,1.29566,0.841655,0.762249,1.04272,0.971107,0.993394,1.5163,1.03215,0.868678,0.746604,0.793058,1.02891,1.05435,1.19735,1.02237
480,0.822901
481,0.901418
482,0.992426,0.953307
483,1.1634,0.872032,0.990686,1.14873,1.11757,0.937477,0.836823
484,0.675329
485,0.75194
486,0.901021
487,0.888933
488,1.04653
489,1.07333,1.43392
490,0.925865
491,0.952269
492,0.981085,0.932498,0.99617,1.02613,0.95329,1.06713,1.05308,1.08281
493,0.949521
494,0.9233
495,1.01157
496,0.90278,1.01167
497,0.999607,0.973743,0.995956,0.789659,1.00786,0.983811,0.878024,0.773483,0.964536,0.926245,0.958982,0.913165,0.909814,1.04003,0.851291,0.94143,0.906726,1.00176,1.01199,1.33114,1.15406
498,0.86886
499,0.902195,0.923076
500,0.884241,0.953538
501,1.39403
502,0.834113
503,0.943268,0.954769,1.02251,1.00107,1.07134,0.909005,0.934429,1.02511,0.982652,1.09707,0.913196
504,0.973646,1.01672,0.865495,0.871004,1.07797,1.04396,0.742844,1.0606,1.01523,1.0223,0.82814,0.902997,0.988179,0.86249,0.844225,0.79553,0.844394
505,0.981626
506,0.872608
507,1.16834
508,0.828617
509,0.974427,0.967003,0.927495,0.956625,0.986931,0.874611,0.925586,1.02665,0.997605,0.983547,0.941998
510,1.15445
511,0.998472
512,2.27912
513,1.13885
514,0.972042
515,0.917889
516,0.932247,0.935484,0.92952,1.07322,0.964726,0.928551,0.982557
517,0.982022,0.930835,1.07268,0.965779,0.874551,1.02924,0.933683,1.00627,0.980831,0.970155,0.88929,0.873391,1.00832,1.00479,0.861248,0.993017,0.969919,0.924731,1.02656,0.886403,0.943501,0.870008,0.949743,1.02505,0.894419,0.945545,0.840695,0.919747,0.942903,1.08894,0.977751,0.917,0.910434,0.890671,0.972873,0.880316,0.84353,0.904725,0.917022,0.815483,0.954495,0.957003,1.05636,1.01737,0.855087
518,0.906858
519,0.910833,0.923466,0.777294
520,0.847545
521,0.934896
522,0.827073
523,1.29255
524,0.866195,0.898259,0.866217,0.881849,0.737489
525,0.9243,1.10601,0.826968,0.930018
526,1.09706
527,1.03076
528,1.14303
529,0.926077
530,1.11904,1.26681
531,0.734059
532,1.24505
533,1.05716,0.886141,0.854379,0.810864,1.01663,0.894729,0.832551,1.04233
534,1.1923
535,0.727679
536,0.852527
537,0.880485
538,1.10212,0.825931,1.175,0.959002,1.08347,1.11423,0.845884,1.23379
539,0.956965,1.09634
540,1.28275
541,1.07852,1.16586
542,0.974449,1.0145,0.886313,0.77675,1.20009,0.819547,1.05316,0.866659,0.886478,0.832961
543,1.30567,0.858229
544,0.936429
545,1.19273
546,0.762603
547,0.978208,1.14374,0.85262,1.07601,0.751614,0.984575,0.840298
548,0.980855
549,0.853968
550,1.06093
551,0.911826
552,1.10437
553,0.989706,0.882989,0.88087,1.04942,1.16404,0.822825,0.830784,0.903759,0.861921,1.0672,1.01445
554,1.05781,0.994596,0.924232,0.919449,0.964233,0.953948,0.916245,0.88246
555,1.13223
556,0.810498
557,0.654529,0.76498,0.813227,1.03743
558,0.855291
559,1.2508,0.923174
560,0.940393,0.887431,1.07621,1.06379,1.16952,0.985981,1.7763
561,1.09662
562,1.31913
563,1.0527
564,0.859615,0.971787
565,1.00066,0.937113
566,1.69798
567,0.919008,1.14439
568,0.941504,0.768519,0.944901
569,1.35884
570,1.21581
571,1.75381
572,0.915948
573,0.998454,1.39824
574,0.731588
575,1.08276
576,0.848069
577,1.0195,0.624035,0.955891,0.962798,0.812762,1.06356,1.15709,0.869634,0.858619
578,0.833678
579,1.73002
580,1.15805
581,1.05839,1.02639,1.16085,1.09712,1.01339,1.00005,0.943886,0.932884,1.0003,0.981958,0.92344,0.966838,0.979443,0.872348,0.935423,0.88013,0.934799,1.03873,0.964863,1.0749,1.00986,1.0122,0.95937,1.01548,1.04889,0.842687,0.98189,1.0478,1.08088,0.910584,0.823309,0.995716,0.927262,1.09371,1.05667,0.999731,0.953337,1.33578,0.663341,0.954361,0.824494,0.915628,0.909182,0.874424,0.985711
582,0.994295,0.959436,0.909735,0.843799,0.825264,0.775962,0.739077,1.00965,0.929818,0.911487,0.884455,0.87652,1.21883,1.03355
583,1.20373,1.20022,1.08831,1.00168,0.959191,0.936592,0.963085,1.01018,0.938407,1.04756
584,1.12109
585,1.02182,1.06564
586,1.09049
587,1.07556,1.01025
588,0.869863,1.01441,0.963444,0.90078,0.871194,0.86411,0.876268,0.985286,0.986328,0.922667,1.11371,0.953165,0.995935,1.01924,0.860867,0.986128,0.85753,1.06467,1.06304,0.912502,0.898677,1.02094,1.04693,0.918649,1.00278,0.8703,0.839708,0.947977,1.00715,0.891508,0.954006,1.14166,0.978051,1.23574,0.917662,0.789358,0.845427,1.11583,1.03232,0.819352,0.759953
589,1.00811
590,0.898199
591,0.92133
592,1.02389,0.834318
593,1.3648
594,1.04586
595,0.948952
596,1.01085
597,1.2035,0.977231,1.01851,1.00232,1.06206,0.958439,0.959597,0.970282,0.889694,1.07906,1.16795,1.05833,0.891854,0.940581,0.979393,1.06268,0.990044,1.13334,0.881015,1.06365,0.970084,0.845803,0.940215,0.850362,0.86149,1.18953,0.818706,0.985697,0.885954,1.17888,0.838566,0.901729,0.972908
598,0.812119
599,0.690575
600,0.988325
601,0.844575
602,0.951399,0.888375
603,0.933869
604,1.43563
605,0.922792,1.05091,0.917454
606,1.47465,1.41576
607,1.07858
608,0.951299
609,0.996346
610,1.28737
611,1.24803
612,1.03136,1.19762,0.892936,1.15204,1.03679,1.17134,1.0002,1.19712
613,0.986751,0.922323,0.97001,0.922919
614,1.00933
615,0.95811,0.828596,1.09677,0.951913,0.903848,0.782698,1.14683,1.1115,0.831545,1.04822,1.10951,1.03773,1.02798,1.02986,1.12062,1.25067
616,0.952645,0.935187,1.00767,0.805248,0.842465,1.00768,0.960817,0.927051,0.96052,1.03582,0.9043,1.00541,1.00027,0.952293,0.926692,0.715268,0.899821,1.01659,1.02421,0.938653,0.912233,0.894839,0.87563,0.967324,0.972934,1.01169,0.977473,0.908968,0.948289,1.04352,0.987595,1.07902,1.06141,0.805588,0.975954,0.917402,0.959352,0.862387,0.986495,1.03849,1.05727,1.0277,0.984011,1.02662,0.905042
617,1.21776
618,0.962649,0.834561,0.984494,0.835093,1.12675,0.968022,0.933283,1.06944
619,1.09103
620,0.794671
621,0.958271
622,0.968357,1.04259
623,0.929631,0.912714,1.25506,1.02777,1.15159,1.00616,1.00039,1.09625,0.955058,0.872321,0.720481,0.936927,0.972574,1.06709,1.1242,0.962973,0.971969,1.24114,0.978683,0.929562,1.02018
624,1.15686
625,1.07577,1.00598,0.851923,0.909734,0.923595,0.904647
626,0.782025
627,0.992006,0.89851,0.990362,0.873162,1.04972
628,1.05982,0.92843,0.848534
629,0.877578
630,1.12226
631,0.906169
632,1.20083
633,1.05758
634,1.42504
635,0.814043,1.17272,1.07388,0.853133,0.91708
636,0.820178,0.927208,0.862812,0.97614,0.891901,0.955318,0.91233,0.794372,0.962128,0.87422,0.809904,0.760158,0.961181,1.05445,0.935281
637,0.843437
638,1.00458,0.982954,0.993737,0.972079,0.872299,0.916504,0.927177,0.911766,1.00513,0.972816,0.984648,1.02811,0.924468,1.06973,1.04181,0.920748,0.983157,0.742485,0.796705,0.974957,1.09679,0.984306,1.03124,1.12615,1.09591,0.922642,1.03926,1.08105,0.833889,0.859383,0.912466,0.934264,0.991602,1.04969,1.05724,0.950637
639,0.930015
640,1.15175,0.961177,1.0289,0.847829,0.914409,1.25821,0.995427,0.997534,0.91296
641,0.876756,0.880342
642,1.10901,0.986832,0.853978,1.01185,0.907143,0.830694,0.942599,0.826869,0.864544,0.988496,0.980881,0.922055,0.974079,0.872775,0.959888,0.846151,0.838916,1.06026,0.951491,0.992372,0.911639,0.936923,0.863618,0.971211,0.903179,0.852099
643,1.22691
644,0.783255,1.05093,1.1423
645,1.24977,0.99738,1.11972,1.1191,0.762306,0.912173,0.777043,0.855296,0.842566,1.09064,0.929125,1.01044,0.816521,1.03328,1.02495,0.986536,0.93269
646,1.06591
647,1.03926
648,0.939171,0.957487
649,0.887069
650,1.00312
651,1.15741
652,0.908964
653,0.876958
654,1.04965
655,1.061
656,0.854086,0.812244,1.05136,0.83793,1.15942,0.944004,1.10081,0.946987,0.961323,1.04661,1.05792,1.01215,0.833745,1.00512,1.09023,1.04052,0.9688,1.14118,1.12364,0.995427,0.817172,0.886048,1.01377,0.948655,1.03233,0.922087,0.89665,1.0881,0.977467,1.05581,0.875122,1.01097,1.08307,1.20584,0.925723,0.837318,1.04943,0.931055,0.894643,1.04958,0.913749,0.956072,1.03921,0.915626,0.877929,1.00835,0.976885,1.61097
657,0.830489
658,0.993832,0.975767,0.859583,0.850081,0.921441,0.978811,0.987708,1.00069,0.904728,0.929138
659,1.04078,0.798213,0.857175,0.846048,0.913549
660,0.767444
661,0.799223
662,0.811713,0.966346
663,0.923827
664,1.21783
665,0.591357
666,1.29903
667,0.943986
668,0.791495,1.24374,0.886411,0.968333
669,1.10396
670,0.956813,0.962075,0.906271,0.874062,1.14037,0.8898,1.16874,1.02945,0.986037
671,1.22018,1.12022,0.990955,1.104
672,1.01482,0.883731,0.791779,0.999194,0.859079
673,1.02586,1.24775
674,0.834664
675,1.17129
676,0.846374
677,0.903035
678,1.43425
679,1.04971
680,1.02718
681,1.0961
682,0.993545,1.03346,0.937139,0.95586,0.846473,0.928139,0.930462,0.949091,0.925698
683,1.04973
684,0.808106
685,1.00134,0.977555,0.902661,0.913779,0.986721,1.02069,0.993326,0.965629,1.13661,1.04768,1.00178,0.912842,0.90062,0.934156
686,0.80957,0.93151,0.981248,0.921397
687,1.18213
688,1.10565
689,0.808572
690,0.824916
691,0.947051,0.858436,1.02366,1.01559,0.98016,0.84511,0.961185,0.976545,0.862673,0.882992,0.992,1.15388,1.03314,0.860227,0.744934,1.01699,0.824676,0.896803,0.92551,1.27973,1.16646,0.871452,0.972227,0.847337,1.20128,1.0727,1.1612
692,0.86876
693,0.894824
694,1.1027
695,0.814253
696,0.912158,0.803661,0.950547
697,0.899696,0.915302,1.01965,0.953233,0.886723,0.955017,1.00986,0.960111
698,0.901888
699,1.08253
700,0.952775,1.01083,0.910299,1.03521
701,1.35904
702,0.911889
703,1.01288
704,1.07547
705,0.760033
706,1.09712,1.09046,0.988116,0.963262,1.07217,0.949189,1.10848
707,0.860133
708,0.978286,1.04149,1.19262
709,0.883985,1.01262
710,0.810265
711,0.780343,0.807291,0.997614,1.02247,0.839858
712,0.992204
713,0.855098,0.799149,0.981136,1.04445,0.712437,0.942333,1.05974,0.936802,0.783747,0.979278,1.04985,1.09071,1.00065,1.04898,0.716594,0.84772,0.823882,0.894596,0.905365,0.885763,1.03858,0.905129,1.00015,1.03346,0.793802,0.970233,1.02816,0.997496,0.936632,0.929611,1.20342,0.851246,0.844453,0.90063,0.885128,0.808861,1.03094,0.964002,1.04976
714,0.990545,1.08794,1.02817,0.821928,1.00655,0.935431
715,0.856985,0.804463
716,1.05542,0.801659
717,1.06189,1.57794
718,1.72599
719,1.13289
720,2.14493
721,0.917545
722,1.0704,1.08103
723,1.21447
724,1.96095
725,1.00886,0.912895
726,1.35257
727,0.805987,1.01194,0.967099,0.910982,0.988247,0.81776,0.876653,0.896968,0.91137,0.897392,0.97561,1.00229
728,1.09612
729,1.23166
730,1.01602,0.808221
731,1.14773
732,1.08816
733,1.05401
734,0.966044
735,1.23989
736,0.993976,0.980355,0.880475,0.922948,1.06236,0.894538,0.996678,0.978382,1.00196,1.09046,1.20023,1.05736,1.01232,0.893732,1.00975,1.02232,0.954287,0.903258,1.2882,1.10405,1.22123,1.03152,1.30782,0.919586,0.894327,1.02563,1.05692,0.857243,0.981835,1.13072,1.04891,1.26752,0.901813,1.09192,1.09299,1.01931,1.05052,0.925942
737,1.01661
738,0.864376
739,0.906167
740,0.923548,1.10932,0.827721,0.943232,0.913981,0.766702,0.944262,1.17641,1.03695,0.876787,0.962136,0.990846,0.887339,1.21118,0.916236,0.943551,0.969529,0.910055,0.99994,0.99836,0.988985,0.860362,0.972237,0.996694
741,0.769839
742,1.02434,0.901668,1.00211
743,0.813625
744,0.845351
745,1.06758
746,0.903404,0.968379,0.861528,1.1056,1.02251,0.97852
747,0.81445
748,0.751202,0.924039
749,1.1138,0.933133,0.95157,1.02509,0.965793,0.735579,0.906203,1.45292,0.949218,0.974009,0.725157,0.846116,1.26313,1.0979,0.851897,0.930711,0.957235,1.18011,1.02047,0.90179,0.956042,0.931019,0.964856,1.08975,0.826535,0.943683,0.770761,1.04108,1.11976,0.804838,0.963702,1.07904,0.968157,0.821676,0.810581,1.04956,1.04523,0.863752,0.893684,1.14385,0.961916,0.822092,0.864284,0.934225,1.08511,0.956236,0.930998,0.894043,0.915952,0.748033,0.913002,0.841918,0.981578,1.18947,0.849687,0.973253,1.2412,0.82569,1.01381,0.897652,1.13825,0.974925,0.875071,0.984914,0.758852,1.08241,0.771204,0.980362,0.865296,0.986731,1.19082,0.875509,1.0568,0.896456,0.964494,1.01982,0.889672,0.919668,0.804569,1.09349,0.758382,1.12444,1.1474,1.00971,0.920635,1.02048,1.02407,0.992321,1.054,0.928083,1.02945,1.04095,0.931208,0.919179,1.03793,0.816391,1.01978
750,0.984594
751,0.718799,0.813602,0.918532,0.895595,0.872121,1.04691,1.02644,0.863395,0.989251,0.943595,0.865386,0.929101,0.961763,1.0595,0.975273,0.875627,1.01547,0.908266,1.05526,0.954544,0.8515,0.801158,0.957951,0.941711,1.1155,0.964816,1.02601,0.817926,0.847869,0.839601,0.965768,1.06118,0.985368,0.88824,0.904179,1.07615,0.947096,0.881577,1.02794,1.12195,0.839307,0.835126,0.96133,1.16026,1.03033,0.950618,0.751123,0.866571,0.994318,0.785186,0.986245,0.734966,0.707247,1.12768,1.00621,1.0703,0.958831,1.2948,1.03474,1.01572,0.911076,0.985777,1.0355,0.954316,0.869721,0.805898,1.00998,0.847189,0.977298,1.09522,0.866659,0.99834
752,1.10093
753,1.11847,1.01394,1.0574,0.92826,1.11522,0.949637,0.90069,1.03123,1.16181,1.04822,0.924088,0.949973,1.06777,1.06932,1.02957,1.07628,0.935771,0.944772,1.0032,0.920524,0.924708,0.905787,0.947503,1.05769,0.870495,0.960114,1.01567,0.969613,0.959025,0.97121,0.838584,1.02405,0.996525,1.00177,1.05791,1.0742,1.16105,0.989041,1.10196,0.898896,1.05425,0.922861,0.840365,0.960141,0.939884,1.13705,0.952287,0.922607,0.957215,1.06878,1.01686,0.924647,0.985035
754,1.53843
755,0.920181,0.740314,0.954397
756,1.03759,0.955383,0.915578,0.863328
757,1.04133
758,0.953087
759,0.4462
760,0.654818
761,1.29006
762,0.711333,0.981707
763,0.949571
764,1.20342
765,1.1485
766,0.722518
767,1.14743
768,0.721739
769,0.882963
770,1.1514
771,1.10374
772,1.02046,0.929766,1.00651,0.855086,0.939393,0.915773,0.952427,0.960205,1.00431,0.959868,1.04373,0.913103,1.01987,0.976989,1.00625,1.36881,0.931057,0.888969,0.984302,0.931959,0.927463,0.964831,0.866787,1.00411,1.02084,1.65372
773,1.07572
774,1.12949,1.02791,0.840577
775,1.20954,0.95615,0.914413,0.898971,0.997823,0.851444,0.883322,0.916243,0.882884,1.04595,0.845897,0.950975,1.08307,1.02176,0.919872,1.09636,0.983141,1.07698,0.861089
776,0.689984,0.953728,0.969293
777,0.934375,1.05928,1.05664,1.1746,0.948756
778,0.941207,0.936356,0.942139,0.895847,0.898867,0.852342,0.969632,0.833399,1.02366,0.856564
779,0.829139
780,0.902062,0.977979,0.85864,0.89591,0.974149,0.999695,0.892526,1.09174,0.972799,0.815484,0.829749,1.00362,0.889201,0.879052
781,1.09898,0.940805,0.983747
782,0.820124
783,0.754325,1.0098
784,0.950612
785,1.01601
786,0.796066
787,0.969299
788,0.878086
789,0.863801,1.06123
790,0.837763,0.792746,0.902604,0.964402
791,1.03057
792,0.908152
793,0.987927
794,0.969005,1.16158
795,1.16939
796,0.963557
797,1.17443,0.962921,1.05562,0.935121,0.861703,0.782556,0.888644,1.09939,0.918224,0.889334,1.11657,0.957362,1.28263,1.01429,0.879459,0.793815,0.896027,1.07887,0.880784,0.740768,1.10761,0.942425,1.035,1.07437,0.982166,0.800281,1.01294,0.842303
798,0.944205
799,0.786205
800,0.813833
801,0.986265,1.0381,0.855987,1.06418,1.03729,1.01417,1.0559,1.05235,0.874134,1.10639,0.918489,1.01453
802,0.983965
803,0.893317
804,1.28756
805,0.93872
806,0.855488
807,2.0279
808,0.725054
809,1.34961
810,1.17586
811,0.98489
812,0.827193,0.935443,0.926798,0.976263,0.877702,0.823975,0.791805,0.924078,0.832793,1.05206,0.958386,0.875652,1.05971,0.795012,1.07211,1.23846,1.03222,1.30303,0.989209,0.86411,0.929653,1.00581,1.11441,0.727648,0.949421,0.755818,0.889299,1.16295,0.931516,1.06764,1.1022,1.12623,0.988908,1.01417,0.94347,1.06295,1.10452,1.11076,0.881088,0.791113,0.758967,0.816353,1.08566,1.165,1.0909,1.09769,1.13972,1.11977,1.00274,0.811684,1.00048,1.01098,1.00232,0.943291,0.978433,1.21353,1.07544,1.27243,1.06979,1.07615,0.836244,0.927642,1.0626,0.873387,0.931874,1.18468,0.843694
813,0.933673,1.00894,0.832744,0.924722
814,1.13906
815,1.0998,0.881661,0.842227,0.872547,0.987953,1.08485,1.12339,0.828687,0.935528,0.822547,1.16788,1.06714,0.898943,0.904054,0.665828,1.05232,0.958953,0.832484
816,1.07288,1.00125
817,1.03933,1.04952,1.04028,0.907424,1.12806,1.02759,0.908205,0.950848,1.04115,0.946278,0.921774,0.99663,1.00819,1.00503,0.96626,0.915152,0.865528,1.04615
818,0.942492,0.933255,1.11773,0.806454,1.07343,1.01709,0.893409,1.03038,1.03095,1.10443,0.761386,1.19025
819,0.926755,1.01234,1.04426,1.04058
820,0.877695,1.11909
821,1.09437
822,0.916028
823,1.14008
824,0.977575,0.907005
825,1.01494,1.05825
826,1.14316
827,0.980726,1.56495
828,1.11128
829,1.14287
830,1.15328,1.22141
831,0.793072
832,0.875844
833,1.06387
834,0.808244
835,1.01064,0.993679
836,0.653587
837,0.959996
838,0.902772
839,2.23535
840,1.31653,1.26338
841,0.98433,0.999372,1.10079,0.908427,0.898497,0.900564,0.817964,0.898228,1.06095,0.869637,1.1692,0.971899,0.877996,0.793118,0.833699
842,0.913842
843,1.1426
844,0.893273
845,0.934394,0.863021,1.11417,1.03723,1.08894,0.772296,0.738031
846,1.21387,0.90571,1.05082,0.944536,0.969436,0.792017
847,0.902141
848,0.777803,0.863107,0.921785,1.01721,0.884348,1.11552
849,1.01387,0.845456,0.841553,1.2357,0.913302,1.24255,0.945702,0.965183,1.24291,1.38739,1.10888,1.09081,0.802868,1.12351,1.22197,1.27378,0.838941,1.11406,1.02209,0.83189,0.91467,1.04029,0.944088,0.917343,0.754702,1.03012,1.01585,1.0028,1.19466,1.10135
850,1.21659,0.960311,0.894362,1.00755,0.924311,1.12812,0.966086,1.03871,0.948107,0.97469,0.898497,0.896565,0.870641,1.03521,0.895315
851,0.947151,0.993128,0.909791,1.06863
852,1.0969,1.24747,1.14763,1.17078,1.10823
853,1.16807
854,0.902579
855,0.968305
856,1.05846
857,1.13265
858,0.902765
859,0.821363
860,0.906798
861,1.07023,0.777101
862,0.694016,1.00005,0.97039,0.857049,1.20542,0.950596,0.750119,1.08394,0.992446,0.86487,0.692327,0.907696,0.863163,0.74746,0.95382,0.891765,0.850629,1.05754,0.776322
863,1.00091,1.00821,0.858163,0.97399
864,0.983924,0.883867,0.893018,1.04113,0.929945,0.911868,0.934245,1.03688,1.06441,0.996021,0.944915,0.940199,0.977103,0.911386,0.924874,1.05654,0.98817,0.899894,1.09915,1.0269
865,1.03615,0.874608,0.865776
866,0.872823
867,0.941177
868,0.89816
869,0.835744
870,1.014,1.01121,1.12204,0.916287,0.836619,0.94843,1.00377,0.825289,0.918711,0.832998,0.981723,0.928595,0.947752,0.996069,1.10007,1.03019,0.964858,0.957656,1.07976,1.09595,0.937574,0.857226,0.849657,1.09145
871,0.877329
872,0.94016,1.00001,0.975707,0.898346,0.996796,1.12241,0.961708,0.832751,0.915773,0.892748,1.0219,0.885389,0.840419,0.916747,0.788357,0.864861,0.87251,1.03629,0.954145,0.894497,0.965804,0.986286,0.880932,0.966681,0.858527,0.824078,0.770315,0.86943,0.912478,1.0916,0.871123,0.763409,0.99706,1.13234,0.884022,0.905785,0.963371,0.85812,0.964538,0.908562,0.951813,0.990548,0.894425,0.742604,1.00905,0.924185,0.910411,0.901941,0.927436,0.919771,1.11803,0.940533,0.924242,0.704614,0.91863,0.718063,0.971214,0.922451,0.972566
873,1.0116
874,0.78842
875,0.708349
876,0.846999,1.01202,1.06358,0.865646,1.05318,0.862923,1.00628,0.982683,0.96925,0.759213,0.820721,1.02474,1.0662,0.903408,0.89072,1.11131,0.95031,0.813557,0.968128,0.970771,0.958832,1.07759,1.11784,1.07437,0.794506,0.795436,0.896549,0.973819,0.98269,0.893952,0.923235,0.917687,0.952762,0.81426,0.847869,0.972549,0.877021,0.930004,1.00928,0.98397,0.941056,0.988323,0.88152,0.928026,1.07332,0.768063,0.871522,0.89371,0.895228,0.860474,1.0399,1.26407,0.966372,0.903892,0.868984,1.01277,1.0362,0.954039,0.985601,1.09348,1.01409,0.925522,0.936767,1.08072,0.979609,0.994556,1.07205,0.893353,0.984248,0.76862,1.03987,0.938683,1.09667,0.687687,0.911217,0.897447,0.983578,1.0118,0.890649,0.931406,1.02294,0.964033,0.952079,0.943582,0.944747,0.854969,1.03416,0.951455
877,1.07213
878,1.11852
879,1.01527
880,2.01981
881,1.00768
882,0.9154
883,1.05996,1.09579,1.07623,0.935214,0.713383,0.85738,1.02228,0.76888,0.917084,1.03259,0.843887,0.803401,0.680156,0.80297,0.935856,0.87747,1.32032,1.02925,0.916968,1.01481,1.16433
884,1.0361
885,1.02203
886,0.82477,0.711261
887,1.0009
888,1.1063
889,0.985026
890,1.11742,0.938101
891,0.722624,0.896207,0.836145
892,1.00295,0.967748,0.955508,0.813792
893,1.07879
894,0.989126
895,1.12762
896,0.867285,0.805583,0.830784,0.881867,0.931205,1.02336
897,1.35012
898,1.14423,1.0944,1.15348,1.61428
899,0.901912
900,0.857131
901,0.927136,1.00488,0.843101
902,0.906578,0.942249
903,0.840068,0.961477,0.946779,0.897161,0.954851,0.882141,0.861767,0.847727
904,1.6743
905,1.42847
906,1.16988
907,0.784952,1.08085,0.881906,0.971549
908,1.00502,0.994617,0.858388,0.929722,0.861095,0.970628,1.0057,1.01949,0.848617,0.940864,0.932283,0.915932,0.889678,0.822812,0.916329,0.937446,0.854982,0.947644,0.948695,0.85289,0.804204,1.02533,0.842163,1.00249,0.907895,0.978038,0.970707,0.903839,0.929659,0.916378,0.851064,1.01587,0.865158,0.868338,1.14269,1.02071,0.876097,0.931593,0.843978,0.80194,0.8848,0.840535,0.945713,0.960401,1.02816,0.856186,0.851485,0.850638,0.838291,0.917073,0.914337,0.804592,0.838027,0.938027,0.841945,0.926295,0.88016,0.928274,0.845732,0.973042,0.894845,0.943462,0.970262,0.886139,0.900852,0.971398
909,0.875901,0.927526,1.01169,1.00966,1.01763,1.04588,0.833096,0.830655,0.963092,0.983086,1.0112,0.852723,0.73744,0.938739,0.808315,0.946862,1.09081,1.01045,0.906316,0.944458,0.903505,0.941889,0.967388,0.933478,1.04072,1.49718,0.84931
910,1.03125,0.818358,0.805523,1.12718,0.871925,1.27122,0.986416,0.900275,1.05016,1.03733,0.782133,0.742237,0.984236,0.960901,0.891068,0.793535,0.954358,0.799867,1.0885,0.882925,0.806883,0.917495,0.791129,0.828954,0.663979,1.01814,0.91648,1.26444
911,0.914296,0.908019
912,1.02433
913,0.86045
914,1.12499
915,0.97769,0.881368,1.08824
916,1.01813
917,0.879323,0.968504,0.969693,0.930136,1.03112,1.04606,0.999543
918,1.20745
919,1.14501
920,1.19485
921,0.839902
922,1.10648
923,0.867076
924,1.45299
925,0.833584,0.903684,0.764778,0.9639,0.972332,0.929903,0.755658,1.00241,0.953806,0.883714,0.949246,1.0592,0.905439,1.01119,0.985253,0.907998,0.918861,0.818234,1.08862,0.854449,0.801118,1.04651,1.00747,0.796294,0.986726,1.06813,0.863219,1.01251,1.00738,1.03151,0.872329,0.743566,0.984505,0.848363,0.940501,0.900386,0.957288,0.944125,1.02745,0.849659,0.846122,0.927149,1.05176,1.01477,0.960597,0.827523,0.712958,0.942748,1.22408,0.857909,0.942371,0.990568,0.987716,0.949693,1.06525,1.11168,0.796897,1.06486
926,0.925297,0.901718,0.860005,0.907489,0.997574,0.868881,1.03682,0.983756,0.811986,0.920203,0.90155,0.983367,0.863224,0.946795,0.888346,0.989543,0.818258,0.90137,1.00556,1.09678,0.862231,0.873604,0.879458,0.89123,0.996021,0.90619,0.85266,0.87637,0.923256,0.815429,0.946136,0.954176,0.940225,0.671201,0.956427,1.01821,0.862198,0.901341,0.852104,0.94972,0.793646,0.946794,1.07236,1.12261,0.826092,0.907191,0.790003,0.846359,0.899531,0.90624,0.98853,1.0263,1.00948
927,0.878995
928,1.17874
929,0.901033
930,0.803432,0.827155
931,0.924739
932,1.06347
933,1.81097,1.67884
934,0.749452,1.0969,0.890815,1.01331,0.916824,1.00213,0.767061,0.960003,1.05754,0.959357,1.08736,0.899474,0.875868,0.877025,0.811686,0.922926,0.973589,0.949097,0.850177,0.995289,0.728309,0.947081,0.959666,0.796566,1.01886,1.19843,1.10779,0.881957,0.957936,1.02589,1.10256,1.04493,0.975084,0.85259,0.990727,1.0255,1.07598,0.946914,1.03485,0.88885,0.759859,0.777542,1.07565,0.960043,0.92299,0.996812,0.981429,0.955771,0.991604,0.894596,1.03027,0.99712,0.985443,1.06347,0.917864,0.84319,0.918467,0.928485,0.933834,0.972039,0.936346,0.985424,0.891229,1.18251,0.952939,0.998376,0.925026,0.990033,0.823142
935,0.632661,0.814817,0.906792,0.954247
936,1.1114,1.03749
937,2.2692
938,1.28435,1.19884
939,1.2292
940,1.00066
941,0.964052
942,1.0112
943,1.05366
944,0.784383
945,0.919765,0.955217,0.977,0.96095,1.03184,0.9461,0.961113,0.925751,0.931111,0.96913,1.01479
946,0.91845,0.932936,1.13232
947,1.04813,1.19185,1.05512
948,1.51765
949,1.29983
950,1.02501
951,0.948308,0.920105,0.636093,0.907036,0.876307,0.93079,0.886045,0.855571,0.903531,0.882744,0.877608,1.04443,0.994302,1.06837,0.828857,0.879581
952,0.945862,0.929867
953,1.00896,0.761088,0.914835,1.04781,0.872374,1.06518,1.0777
954,0.91361
955,1.28294
956,0.759218,1.09725
957,1.10266
958,0.966855
959,1.06269
960,0.925342,0.959333
961,1.28737
962,0.993864,1.03445,0.938926,0.913706,0.979105,0.9632,0.852207,0.855942,0.910756,0.78709,0.896875,0.967264,1.12331,1.01621
963,1.06016
964,0.91577
965,1.18561
966,1.05432
967,0.859568,1.11712,0.853387,0.943984
968,0.99699,1.0274,0.94134,1.0227,0.919174,0.86395,1.08295,0.947463,1.07267,1.12736,1.06036,1.13919,1.06798,1.38618
969,1.02206,0.873878,0.832097,0.995242,0.89217,0.950527,0.963171,0.941231,0.940534,0.937276,0.933338,0.952618,0.972621,0.982091,0.938555,0.947652,0.979427,1.03245,0.953588,0.913269,0.933082,0.990558,0.822872,0.908899,0.908594,1.22677,1.32475,1.41612,1.05123,0.939223,1.02816,1.04549,1.27629,1.38122,1.45479,1.88288,1.81065,1.70577
970,1.30927
971,1.1442
972,0.844715
973,2.41686
974,0.913397
975,0.817342
976,0.710194,1.00787
977,0.957234
978,0.716947
979,1.00026
980,1.11791
981,1.11145
982,1.10565
983,0.971606
984,1.14442,0.94941,0.995607,0.945345,0.84462,0.877312,0.947288,0.926568,0.949565,0.859695,0.932115,0.965117,0.952944,0.97828,0.983823,0.984487,1.03065,1.02811,0.972535,0.928425,0.945218,0.968254,0.971071,0.928658,1.04298,1.18007
985,0.814993
986,0.931187
987,0.956088,0.874493,0.981974,0.975596
988,1.28744,0.900972,0.974821,1.05156,0.954214
989,0.6952
990,1.23461
991,1.01597
992,0.873446,0.944973,0.84914,0.870532,0.930217
993,0.920597,0.900174
994,0.966185,0.964938
995,1.02904
996,1.15841
997,0.91082,1.0718
998,0.781483
999,1.05185,1.06109,0.922602,0.947689,0.96517,1.03258,0.924069,0.916989,1.12608,1.06829,0.947539,0.996404,0.86955
1000,1.0468
1001,1.02271
1002,1.05645
1003,1.01455,0.913461,0.926874,0.92282,0.833045,1.07343,0.974186,1.15749,1.17943,1.02512,0.792349,0.920832
1004,1.13506,0.957378,0.987821,0.86764,0.968496,0.921462
1005,0.908649,0.894164,0.932868,0.982957,0.852578,0.966577,0.83611,0.85585,0.906446,0.839363,0.753452,1.14493,0.96764,0.898697,0.959826,0.778553,0.95785,0.793598,0.871367,1.03452,0.997886,0.832822,0.921186,1.07022,0.884971,1.00445,0.978116,0.987797,0.89044,0.87816,0.894598,0.928437,0.907773,0.847859,0.919196,0.885544,0.963539,0.887555
1006,0.952418
1007,1.00413
1008,1.24704
1009,0.974816
1010,1.05531
1011,0.879219
1012,0.854437
1013,0.983347
1014,1.02093
1015,0.945976
1016,0.886812
1017,0.889294
1018,1.30417
1019,1.78152,1.1666,0.969437,1.02307,1.08567,0.980029,0.998989,0.730138,1.1789,1.02755,0.909323,0.988563,1.03244,0.930633
1020,1.12067
1021,0.865058,0.9388,0.922524,0.952572,0.92788,0.983694
1022,1.60165
1023,0.784845
1024,0.920401
1025,0.961389,1.00495,0.929243,0.941387,0.954235,1.15563,1.43076,0.8867,0.903759,0.993612,0.974094,1.0297,1.11776,0.981097,1.01523,0.898487,0.816748,0.849937,1.15485,0.938679
1026,0.934922,1.15075,0.706834
1027,0.707236,1.06657
1028,1.05127,1.04776,1.34267
1029,1.30881
1030,1.03031
1031,1.17445
1032,1.11844
1033,1.09847
1034,1.03766,0.867363
1035,1.05422,1.00154,0.887177
1036,0.925176
1037,0.901318
1038,1.04413,0.928999,1.00088,1.00998,0.991728,1.03997,1.05868,1.1066,1.00397,0.868389,0.920782,0.800283,0.857209,0.933887,0.946913,0.976599,0.952905,1.11088,1.14133,0.903899,0.861732,0.883401,1.08395,0.995981,0.883551,0.909163,0.936854,1.10807,0.884845,1.11445,0.941164,0.817862,0.957228,1.04118,0.927034,0.870075
1039,0.93935,1.10881,0.996439,0.77529
1040,0.881643
1041,0.987805
1042,0.963413
1043,0.970844,1.06422,1.15758,1.18159,0.981186,1.23865,1.28747,1.13969,1.09621,0.898052,1.02063
1044,0.901702,0.843771
1045,0.945744
1046,0.956952
1047,1.01754
1048,0.878808
1049,1.17093
1050,1.67242
1051,0.947603
1052,0.88493,0.995813,1.09225,1.02173,1.07664,0.944128,0.907327,0.842485,0.914791
1053,1.21488
1054,0.903491
1055,0.977824
1056,0.912847
1057,0.992772,0.989402,1.02732
1058,0.937687,0.915289
1059,0.896172
1060,1.96986
1061,0.888922
1062,1.2456
1063,0.820197
1064,0.785313
1065,0.773755,1.18395
1066,0.730807,1.02505
1067,0.905364,0.953884,0.874146
1068,1.02922
1069,0.931227
1070,1.06969
1071,1.11938
1072,0.843887,0.865357,1.01226,0.97211,0.89847,0.887031,1.02086,0.986089,0.816849,0.824186,0.871756,0.898779,0.979148,1.10579,0.964061,1.05926,0.98202,0.964468
1073,1.09328,1.11443
1074,0.768612
1075,1.12215,0.988712
1076,1.09989
1077,0.726807
1078,0.791507
1079,1.01269,1.05214,0.836389
1080,0.984523
1081,1.06444,0.851049,0.875985,0.885515,1.04205,1.0171,0.812897,0.89818,1.19149,0.906542,0.884531,0.973127,1.0265,0.85547,1.1877,1.0525,1.03639,1.09335,0.74131,1.04709,0.971795,0.966347,1.05113,0.862207,0.881857,0.865316,0.978247,0.933868,0.958819,0.977965,0.877385,0.920864,0.921178,1.08252,0.781892,1.06152,1.00688,0.898217,0.804415,1.23864,0.94866,0.872008,0.855899,1.03206,1.15503,1.00025,0.868661,0.910828,1.14953,0.987571,0.893214,1.12814,0.849926,1.14555,0.961711,1.11513,0.947297,1.04492,0.900897
1082,0.96171
1083,1.74855
1084,1.01149,0.980662
1085,0.775725,1.08578
1086,1.08808,0.839873,0.955611,0.91829,1.00745,1.16305,0.898299,1.01044,0.942325,0.92111,1.00279,0.979479,1.03666,1.0311,1.04368,1.05358
1087,0.766998
1088,1.74193
1089,1.04918
1090,1.05217,0.733161
1091,0.792212,0.893983,0.858749,0.691767
1092,1.06623
1093,1.01202,0.995587,0.960032,1.01738,0.949512,0.98157,0.890161,1.29296,0.953337,0.817685,0.99247,1.00888,0.800373,0.989175,1.00991,0.978487,0.938575,0.729791,0.996186,0.816357,1.20131,0.941287,0.997007,1.03801,0.943856,0.941562,0.912706
1094,0.772905,0.704254,1.0868,1.03013,0.938336
1095,0.961397,1.02662
1096,1.14155
1097,1.08986
1098,1.27664,0.753313,0.96141,0.978421,1.00835,0.788815,1.05406,1.07397,0.880776,0.947715,0.918751,1.02259,1.03083,1.12106,0.734178,0.865382,0.918757,0.761756,0.959087,0.841599,1.12914,0.994417,1.06138,1.08016,1.05754
1099,0.978917,1.0139,1.23741,1.13268,1.16392,1.06877,0.955683,0.758563,0.958313,0.880828,0.911267,0.893227,1.07068,0.901975,0.919338,1.05708,0.751757,1.04561,0.955101,1.16095,1.00267,0.791339,0.923751,1.05763,1.09525,1.00647,0.988439,0.860032,1.0404,0.731155,0.816563,0.9654
1100,1.35366
1101,0.97538,0.966172,0.850367
1102,0.9821
1103,1.10632
1104,0.957673,0.858182
1105,1.04993
1106,0.882657
1107,0.953313
1108,1.30997,0.912935,0.994844,0.976372,1.01154,1.28606
1109,1.07653
1110,1.44794
1111,0.963442,0.964483
1112,1.07812,1.26236,1.08277
1113,1.35623
1114,0.843272
1115,0.89621
1116,0.974983,0.922126,0.992198,0.70125,0.98731,0.906738,0.949926,0.864579,0.968669,1.02443,1.07129,0.995625,0.962865,0.859397,0.95945,1.02448,0.887295,1.0518,0.941713,1.0427,1.06922,0.959532,0.952938,1.08521,0.968414,0.925163,0.974396,1.00206,0.898914,0.97335,0.993382,1.06999,0.913959,0.859286,0.94805,0.916949,1.11643,0.987581,1.00557,0.961174,1.09347,1.128,1.07464,0.981547,0.779286
1117,0.937531
1118,1.03012
1119,1.12161
1120,0.896473
1121,0.862607
1122,1.0578,1.09686,1.05374
1123,0.972979,0.967029
1124,1.0622
1125,0.98734,0.851066
1126,0.998884
1127,1.20662
1128,1.24951
1129,1.27808
1130,1.02378
1131,1.13608
1132,1.27025,1.00257,0.940168,0.935077,1.04525,1.0228,1.04929
1133,0.904624
1134,0.968455
1135,1.1454
1136,0.957359,0.954505,0.984324,0.993741,1.1911,0.954884,1.07466,0.958287
1137,0.794045
1138,0.868127
1139,1.06005,1.1181,1.10732,1.01449,1.36514,0.907388,0.973613,0.990984,1.0041,0.961337,0.827582,0.961296,1.11292
1140,0.866428,0.798424
1141,1.07333
1142,0.84821
1143,0.923725
1144,1.01762
1145,0.941448
1146,1.00562
1147,0.851813,0.939056,0.952844,1.03923,0.814463,0.917163,1.02085,0.962847,1.00663,0.883014,1.03921,1.21566,0.94463,0.891142,0.902987,0.861741,0.857698,1.0581,1.06655,1.22071,1.1054,0.77479,1.04125,0.953314,0.940974,1.03391,0.940493,0.862792
1148,1.12699
1149,0.882459
1150,0.76225
1151,0.821161
1152,0.986737
1153,1.16847
1154,1.42162
1155,0.936035,1.04019,0.73201,0.976456,0.937036,1.0313,0.940068,0.929742,0.733384
1156,0.924635
1157,0.984685,0.825878,0.880486,0.940049,0.897557
1158,0.913606
1159,0.756633
1160,0.780524,0.97987,0.815574,1.04021
1161,0.920375,0.924278,0.913708
1162,0.939256
1163,0.900705
1164,0.90388
1165,0.955014
1166,0.87065,0.919227,0.935189,0.915098,0.803412,0.867647,0.965103,0.995644,0.873251,0.998313,0.923465,0.782744,1.00609
1167,1.02179,0.978924
1168,0.862464,1.05951,0.935897,1.06217,1.09174,1.03331,0.789677,0.922908,0.973024,1.04399,1.11685,0.979434,0.993349,0.929828,1.04776,1.1875,1.00686,0.812039,0.957666,0.93901,1.01868,1.16033,1.05187
1169,1.00313,1.09029
1170,0.837409
1171,1.54726
1172,1.17566
1173,0.814641
1174,0.884801
1175,0.87195
1176,0.768681
1177,0.913352
1178,1.16576
1179,1.07945,0.972324,0.94778,1.01794,0.823231,1.10091,0.903943,1.09534
1180,0.878932
1181,1.063,0.968559
1182,0.872199,0.778329
1183,0.800215
1184,1.12101,1.10146
1185,1.10204
1186,1.33937,0.786527
1187,1.09555
1188,1.60512
1189,0.687162,0.781534,1.04415,0.895884,0.916887,0.867768,1.31051,0.795488,1.00473,1.05153,1.02674,0.885427
1190,0.927737,0.908553
1191,0.904255
1192,1.17364
1193,0.938837
1194,1.05619
1195,0.905901
1196,0.761849,1.10819,1.08651,0.987309,1.01868,0.941194,1.38078,1.06316
1197,0.782994
1198,1.03324,0.888877,1.01903,1.043,0.957647,0.96144,1.1726,1.20585,0.987372,0.922632,0.981867,0.857907,0.934078,1.02283
1199,0.854108
1200,1.08114,1.28558,1.00853,0.987002
1201,1.21937
1202,0.883433
1203,1.43007
1204,0.876756
1205,0.980214,0.977641
1206,1.0874,1.16838,0.933053,1.06936
1207,1.04049,0.984099
1208,1.11721,1.03718,0.946072,0.861846,0.952309,1.04498,0.899939,0.997817,1.07602,0.844745,1.04913
1209,0.909828,0.939537,0.929296,0.822139,0.904589
1210,1.55775
1211,0.968996,1.12183,0.942032,0.879435,0.740754
1212,0.990998
1213,0.953985
1214,0.976553,1.04754,0.920403,0.946678,0.971415,0.953877,1.00723,0.939098,0.864645,0.854549,1.02629,0.830887
1215,1.14792
1216,1.03129
1217,0.965366
1218,0.920476
1219,0.950063
1220,0.891804
1221,0.98664
1222,0.931585,0.984792,0.896048,1.00749,0.837019,0.885232,0.852571
1223,0.799306,1.14862
1224,1.38325
1225,0.909512
1226,1.12052
1227,1.05728
1228,0.969015
1229,1.12425
1230,0.897357
1231,1.07009,0.78258,1.17377,0.992252,0.966901,1.00977
1232,0.943836,0.916102,1.03792,1.02034,0.982435,0.980155,1.0373,0.973625
1233,0.845992,0.935298,0.831886,0.810801,0.947554,0.981939,0.983125,0.846095,0.814807,1.02404,0.927913,0.994569,0.885195,0.977871
1234,0.962055,1.15711,0.966649
1235,0.711936
1236,1.33189
1237,0.737081
1238,1.44033
1239,1.07745
1240,0.986322
1241,0.879322
1242,1.00959
1243,1.11787
1244,1.74019
1245,1.24071
1246,1.26588
1247,0.875756
1248,0.890298
1249,0.717224,0.997765,0.796562
1250,1.16479
1251,1.34455
1252,0.834598
1253,1.08958
1254,0.826805
1255,1.04252,0.944991,1.09316,0.872382,1.00481,0.971495
1256,1.01277,0.794365
