1,18772.2,18766.3,18766.1,18751.9,18753.7,18760.7,18755.7,18740.8
2,19233.7,19230.9,19249,19229.7,19223.1,19246.1,19228.5,19208.1,19237.3,19254.2,19229.7,19233.5,19241.5,19244.1,19237,19228.6,19230.1,19240.7,19225.8,19237,19227.5,19239.7,19227.5,19243.4,19239.3,19245.4,19237.9,19219.2,19244.2,19235.9,19232.4,19220.4,19253.8,19224.6,19229.8,19241.6,19243.8,19248.3,19239.8,19241.6,19235.9,19245.3,19226.3,19228,19214.7,19234.9,19230.4,19233.9,19236.1,19246.2,19224.2,19228.6,19234.5,19225.8,19238.5,19253.5,19233.2,19236.7,19223.8,19231.3,19233.9,19230,19230.3,19228.7,19240.1,19246.2,19232.8,19222.3,19243.4,19250.8,19242.2,19245.3,19222.2,19228.2,19216.2,19228.7,19240.1,19231.3,19228.1,19252.5,19244.5,19229.8,19236.7,19240.8,19243,19233.7,19228.2,19249.4,19244.1,19226.2,19236.2,19238.1,19223,19226,19239.3,19232.1,19240.8,19242.9,19245.2,19222.3,19241.5,19251.1,19223.6,19236.8,19222.3,19241.1,19228.4,19249.4,19228.2,19236.3,19247.4,19250.3,19236.3,19240.9,19222.1,19243.2,19240,19247.7,19232.4,19228.1,19236.1,19250.2,19248.9,19224.8,19222.5,19226.3,19224.8,19234.9,19250.9,19254.5,19246,19236.2,19255.1,19241.9,19243.8,19221.5,19246.3,19272.2,19264.2,19248.7,19257.3,19230.3,19232.8,19240,19249.8,19262.8,19239.6,19249.8,19233,19258.5,19255.5,19248.3,19248.2,19234.3,19228.6,19248.3,19251.1,19242.8,19258.3,19247.8,19219.1,19230.6,19239,19270.2,19247.4,19236.8,19251.2,19255,19238.8,19227.9,19240.8,19249.6,19240.7,19257,19251.8,19258.4,19243.6,19257,19252.8,19258.7,19261.7,19243.9,19245.2,19244.6,19255.9,19242.1,19250.3,19267,19273.8,19259,19256,19254.6,19239.5,19243.7,19254.5,19265.9,19249.3,19231.7,19269.3,19240.5,19253.6,19252.7,19240.1,19245.6,19259.1,19236.1,19250.2,19274.4,19247.7,19255.3,19249.2,19260.9,19231.9,19249.2,19254.8,19246.4,19263.6,19251.6,19253.8,19258.8,19254.3,19265.2,19238.2,19260.6,19249.5,19248,19255.7,19249.4,19235.4,19236.8,19263.8,19247.3,19256.6,19243.2,19265.6,19241.9,19258.9,19259.7,19257.9,19249.6,19245,19261.4,19258.8,19250,19255.9,19246.2,19241.7,19232.8,19245.1,19279.4,19244.4,19253.9,19254.7,19269.4,19255,19252.3,19272.9,19254.7,19258.3,19240,19263.1,19247.5,19256.5,19252.4,19239.1,19261.9,19255.7,19260.1,19260.5,19266.4,19257.8,19236.5,19267.2,19243.8,19251.3,19235,19251.6,19241.5,19259.7,19280.1,19248.6,19256.8,19265.9,19274.8,19251.5,19258.8,19245.3,19250.1,19240.2,19236.6,19248,19238.5,19233.1,19238.1,19248.6,19237,19259.3,19264.7,19258.4,19240.9,19265.5,19257.2,19266.8,19242.7,19234.3,19258.7,19248.7,19238,19259.6,19242.3,19256.5,19237.7,19259.1,19261.4,19250.9,19242.8,19250.2,19241.9,19241.3,19260.5,19235.5,19268,19242.3,19250.6,19245.2,19263,19238.8,19263.4,19256.5,19261.6,19250,19275.9,19238.6,19248.6,19259.5,19284.8,19273.3,19261.8,19259,19257.6,19267.7,19253.7,19268.2,19260.2,19269.9,19267.7,19265.1,19251.2,19259.5,19267.6,19257.2,19263.8,19241.6,19256.9,19257,19258.6,19264.6,19267.8,19282.1,19250.4,19258.1,19273.7,19264.4,19237.9,19257.9,19242,19263.9,19266.4,19267.4,19255.4,19273,19268.3,19270.1,19269.6,19240.3,19271.3,19256.5,19271,19257.1,19244.4,19295.8,19262.4,19257.4,19268.7,19258.7,19278.4,19271.3,19281.5,19262.2,19259.3,19272.2,19265,19252.9,19275,19278.6,19277.5,19276.9,19245.6,19259,19236.8,19270.1,19253,19271.8,19272.9,19263.2,19278.7,19252.1,19266.6,19267.2,19268.7,19264.3,19266,19255.8,19258.7,19270.5,19258,19253.3,19267.8,19255.6,19275.9,19287.3,19280.2,19255.6,19259,19273.5,19264,19270.9,19260.5,19283,19283.1,19273.7,19260.2,19285.4,19254.3,19276.2,19279.7,19249.2,19270.9,19277.7,19282.1,19257.4,19281.1,19270.1,19266.8,19272.8,19259,19272.1,19272.2,19276.7,19276.3,19270.2,19261.9,19269.1,19278.7,19280.6,19264.3,19264.2,19255,19278.6,19261,19263,19273,19264.1,19281,19285.7,19283,19259,19277.1,19257.1,19271.7,19268.5,19268.1,19282.2,19277.1,19268.8,19275.6,19277.9,19297.1,19294.9,19271.5,19264.8,19271.8,19268.8,19280.2,19287.7,19268.9,19278.7,19274,19265.3,19276.9,19281.5,19290.3,19260.2,19257.9,19279.2,19279.8,19267.3,19278,19294.5,19272,19257.5,19286,19287.3,19274.7,19286.4,19322,19287.7,19278,19270.2,19273.7,19264.7,19274.1,19292.8,19262,19265.5,19292.9,19274.7,19284.2,19273.5,19267.9,19282.1,19283.8,19279.6,19271.2,19276.6,19258,19284.2,19290,19291.1,19272,19286.7,19282.5,19268.6,19277.5,19282.2,19264.1,19285.9,19279.5,19290.5,19263.7,19264.6,19281.6,19278.8,19274.3,19292.2,19294.5,19291.9,19288.1,19293.1,19281.5,19243.6,19288.8,19279.5,19266.8,19277.7,19280.2,19271.7,19266.5,19257.5,19273.5,19282.8,19267.7,19267.9,19280.6,19277.8,19276.8,19284.8,19296,19281.7,19286.6,19271.1,19292.3,19282.8,19277.5,19265.8,19283,19269.8,19269.5,19283.5,19282.1,19274.8,19294.1,19271.7,19281.3,19281,19293.4,19273.2,19272.6,19274.4,19266.3,19260,19306.6,19279.2,19294.1,19273.4,19272.8,19286.3,19286.8,19284.2,19286.4,19286.3,19300.5,19284.8,19282.4,19283.5,19280.4,19274.8,19289.1,19276.7,19282.4,19281.6,19262.4,19289.5,19280.5,19280.5,19272.6,19280.9,19274.3,19279.2,19280.6,19277.5,19274,19282.6,19273.2,19290.7,19275.3,19285.9,19286.2,19273.6,19299.7,19271.5,19275.1,19263.3,19288.3,19280.1,19279.4,19278.3,19279.1,19280.3,19267.4,19302.6,19267,19266.3,19296.3,19317.5,19288.6,19298.5,19291.7,19290.6,19287.6,19289.3,19298.9,19272,19274.5,19302.6,19266,19273.9,19284.4,19276.2,19287.3,19281,19274,19270.7,19280.8,19280.6,19283.3,19281.5,19289.6,19273.3,19289,19286.8,19290.6,19307.7,19284.8,19282.2,19281.9,19290.4,19275.3,19279,19299.4,19268.1,19283.6,19295.4,19288.4,19284.7,19272.5,19287.2,19310.9,19301.2,19280.5,19288.1,19273.8,19282.5,19283.8,19286.7,19297.7,19308.1,19272,19277.2,19289.3,19283.7,19300.6,19306.2,19282.5,19292,19318.1,19287.3,19285.4,19291.3,19285.2,19292.7,19318,19295.3,19280.3,19291.5,19297.2,19296.5,19308.2,19286.7,19286.4,19283.6,19275.5,19273.4,19290.1,19295.5,19303.6,19301.3,19285.4,19278.8,19282.1,19310.6,19290.3,19273.2,19304,19280,19292.9,19309.8,19276.2,19273.8,19294.9,19303,19317.9,19303.5,19285.3,19283,19277,19291.3,19286.4,19277.2,19298.4,19273.3,19279.2,19294.2,19263.9,19276.7,19267.7,19274.4,19264.3,19286,19279.5,19279.7,19289,19294.9,19271.9,19288.4,19310.9,19299.7,19274.4,19299,19277.4,19281.8,19289.6,19301.2,19298.8,19302.6,19297.9,19290.1,19296,19288.2,19312.8,19315.4,19311.9,19299.6,19285.8,19287.6,19288.3,19288.7,19286.6,19282.8,19280.6,19295.4,19287.5,19293.5,19284.1,19298.9,19304.7,19278.3,19290.9,19303.3,19288.8,19289,19297.2,19270.9,19283.5,19291.6,19286.3,19275.5,19302.6,19261.6,19306.3,19272.7,19280,19292.9,19289.2,19293.9,19288.1,19295.3,19299,19294.7,19301.7,19291.6,19313.7,19287.4,19285.4,19271.9,19278.3,19300.9,19292.4,19290.2,19283.5,19296.9,19292.9,19284.3,19272.3,19263.7,19290.6,19300.2,19291,19287.2,19286.2,19289.7,19286.4,19303.9,19273.1,19280.9,19293.9,19283.7,19296.6,19296.7,19281.5,19286.9,19302.7,19292.7,19292,19288.9,19284.1,19271.8,19288.3,19302.7,19280,19281.9,19306.9,19290.7,19281.8,19289.9,19297.9,19282.6,19284.5,19288.9,19275,19296,19276.3,19296.1,19287.9,19288.4,19284.9,19305.1,19274.7,19288,19270.3,19290.6,19285.3,19287.5,19284.4,19283.3,19281.9,19288.2,19269.1,19290.4,19275.8,19297.9,19287.4,19291.1,19277.8,19282.5,19272.3,19289.5,19277.9,19264.7,19303.9,19287,19285.7,19303.5,19292,19302.3,19303.5,19290.7,19282.5,19289.6,19304.8,19291.7,19296.6,19306,19298.9,19283.2,19287.6,19282,19298,19276.9,19289.8,19292.7,19287.1,19294.1,19309.5,19295.4,19291,19285.3,19286.7,19275.5,19296.9,19296.8,19289.7,19276,19308.9,19297.7,19281,19284.7,19297,19305.8,19304.1,19311.5,19289,19299.4,19293.8,19285.8,19287.7,19279.4,19294,19280.6,19295.9,19274,19291.8,19298.4,19280.4,19304.2,19286.5,19296.9,19302.5,19282,19292,19286.5,19295.7,19285.3,19296.6,19294.9,19293.6,19296.5,19286,19300.4,19291.5,19285.3,19293,19293.1,19303.1,19276.8,19272.3,19259.9,19283.4,19305.9,19300.3,19301.5,19291,19283.7,19296.3,19287.6,19290.8,19305.8,19289.2,19307.7,19286.2,19314.2,19304.8,19301.2,19303.8,19287.8,19275.3,19303.7,19309.9,19299.5,19304.6,19281.4,19290.7,19308,19296.3,19307.1,19293.9,19285.6,19305.2,19293.5,19294.5,19303.3,19287,19309.7,19287.1,19296.5,19305.8,19286.4,19305.1,19304.3,19288.6,19301.2,19303.7,19299.3,19280.7,19295,19291.6,19302.5,19291.5,19293.7,19288.5,19289.6,19287.9,19301.9,19292.2,19301.5,19299.8,19307.4,19287.8,19284.8,19280.9,19294.9,19297.2,19307.8,19298.9,19298.1,19290.7,19274.8,19293.8,19283.5,19311.2,19286.4,19287,19294.6,19294.5,19294.5,19305.9,19280.2,19291,19289.5,19274.6,19301.8,19299.7,19285.2,19299.6,19279.6,19297.5,19291.9,19282.3,19285.3,19288.2,19291.3,19293.4,19290.5,19268.8,19300.3,19298.2,19300.4,19309.3,19306,19303.6,19284.8,19303.5,19274.3,19296.4,19285.3,19286.1,19300.6,19291.5,19280.5,19281.4,19294.8,19280.7,19275.3,19281.4,19283.5,19289.8,19301.1,19300.6,19296.2,19312.6,19310,19297.4,19293.6,19271.1,19267.8,19313.5,19271.3,19297.1,19303.3,19286.2,19296.6,19290.2,19302.9,19269.7,19282.4,19276,19296.4,19297.4,19299.2,19278.4,19300.1,19284.5,19309.6,19278.2,19284.7,19285.9,19290.3,19306.3,19305.8,19310.8,19291.8,19286.5,19287.6,19281.3,19285.6,19300.9,19321,19300,19300.2,19311.9,19284,19293.4,19287.9,19299.7,19313.5,19271.6,19311.6,19277.7,19300.2,19268.2,19296.1,19293.1,19303.2,19283.3,19292,19286.9,19311.5,19293.6,19295,19304.1,19303.2,19297.2,19287.2,19270.7,19304.5,19293.1,19301.2,19292.5,19299.2,19282,19288.1,19291.5,19283.7,19308.8,19304.8,19273.6,19306.5,19279,19287.2,19288.2,19286.3,19269.7,19296.5,19286.5,19304.1,19302.5,19284.7,19298.1,19289.9,19308.8,19278.2,19299.8,19309.8,19293.8,19300.8,19315.4,19296.6,19308.2,19324.9,19307.6,19292.4,19292.8,19311.6,19283.8,19292.9,19298.6,19281.6,19307.7,19299.1,19294.5,19315.4,19300.3,19306.1,19299.5,19300,19301.2,19299,19326.1,19299.6,19296.4,19312.4,19317.8,19316,19310.1,19316.1,19288.5,19306.7,19319.1,19312,19309.5,19317.1,19311.9,19318.6,19313.8,19313.2,19317.5,19288.8,19299.7,19316.5,19302.7,19317.6,19313,19285.5,19317.1,19295.5,19312,19312.1,19283.1,19300,19317,19326.2,19304.8,19317.3,19287.3,19307.1,19315.3,19292.4,19312.7,19307.7,19290.3,19328,19292.5,19309.5,19321.1,19328.7,19299.7,19310.4,19305.7,19332.3,19320,19305.5,19311.5,19319.4,19301.5,19312,19300.8,19313,19309.3,19321.1,19297.2,19322.3,19321.2,19334,19316.7,19331.4,19323.4,19308.6,19305.1,19291.4,19308.4,19309.9,19336.5,19330.8,19302,19307.2,19321.3,19311.6,19315.8,19303.5,19321,19315.9,19316.8,19324.9,19307,19317.8,19300.1,19303.6,19300.3,19337.9,19310.3,19313.7,19297.6,19310.3,19308.8,19326.9,19297.5,19293.1,19299.2,19315.4,19321.5,19300.5,19304.4,19337.6,19314.9,19322.7,19314.4,19332.3,19311,19324.7,19307.9,19295.2,19314,19321.5,19310.2,19299.1,19321,19322,19327.4,19313.3,19318.8,19300.3,19323.3,19330.4,19324.6,19322.1,19324.9,19292.1,19307.9,19325.7,19281.5,19311.7,19305.5,19324.8,19291.7,19334.7,19333.6,19326.5,19328.1,19314.3,19309.2,19302.2,19316.8,19313,19337.6,19318.1,19305.7,19325.4,19314.9,19319.7,19295,19330.9,19312,19303.2,19335.9,19307,19317.8,19319.7,19311.9,19308.6,19323.8,19300.9,19318.4,19306.6,19297.4,19326.7,19325.5,19321.5,19317.6,19307.2,19299.2,19313.7,19315.1,19338.5,19313.4,19304.1,19318.2,19315.3,19314.4,19314.8,19320.4,19316.4,19346.4,19305.6,19333.3,19292.1,19296,19308.2,19319.5,19334.9,19319.1,19307,19310.2,19311,19304.1,19313.5,19332.7,19331.1,19323.6,19328.6,19326.3,19305,19332,19306.6,19306.1,19319.8,19334.4,19304.2,19312.9,19313,19316.7,19313,19300.5,19315,19321.3,19310.8,19319.5,19309.9,19301.2,19315.6,19326.1,19315.1,19301.6,19307.6,19303.8,19320.2,19309.3,19305.1,19321.8,19309.6,19325.9,19319.5,19320.4,19329.9,19308.5,19324.2,19302.3,19296.6,19319.7,19311,19294.6,19312.1,19326.1,19308.5,19310.2,19319.5,19314.2,19302.3,19322.4,19300.3,19305.6,19338.5,19299.1,19331.6,19305.6,19292.4,19320.2,19311.4,19315.5,19302.6,19327.8,19316.2,19334,19306.9,19322.4,19299.7,19318.4,19297,19321.3,19320.9,19302.2,19319.6,19337.8,19314.2,19292.4,19303.9,19321.4,19326.7,19306.6,19315.3,19315.1,19314.2,19325.3,19320.4,19321.8,19318.7,19295.5,19307.7,19328.8,19329.3,19308.6,19313.1,19318.9,19312.4,19323.7,19318.7,19295.2,19332.9,19302.2,19312.1,19312.9,19306.8,19324.2,19317.1,19310,19317.7,19319.3,19327.1,19315.7,19335.1,19295.1,19330.2,19314.7,19343.3,19336,19311.2,19325.3,19333.4,19307.2,19340,19337.1,19326.2,19303.5,19313.4,19351.5,19325.4,19311.5,19315.5,19307.6,19312.1,19338.9,19331.5,19330.3,19322.5,19303.9,19334.6,19305.3,19319.6,19312.4,19297.3,19334.3,19321.1,19323,19323.1,19331.5,19309.3,19281.3,19340.2,19313.5,19317,19318.3,19316.5,19311.5,19318.6,19323.9,19312.6,19313.6,19301.4,19334.9,19331.4,19309,19324.9,19299.6,19314.9,19276,19344.5,19287,19322.7,19319.4,19317.9,19325.5,19319.3,19307.9,19309.1,19329.8,19328.1,19309.5,19328.6,19311.3,19328.7,19305.5,19305.8,19344.8,19336.2,19310.2,19315,19324.8,19318.2,19307.6,19320.3,19311.6,19323.3,19315.7,19337.4,19346.7,19338.4,19326.6,19320.7,19303.6,19327.1,19313.2,19309.3,19303.2,19325.9,19324.4,19300.1,19317.1,19324,19332.6,19319.7,19337.8,19321.2,19341.3,19331.4,19306.3,19307.6,19313.4,19325.2,19311.9,19311.8,19336.6,19319.5,19290.7,19321.5,19323.2,19328.3,19333.2,19329.1,19309,19318.8,19324.2,19304.7,19323.7,19312,19315.1,19307.7,19286.6,19316.3,19323.4,19325.8,19333.5,19314.2,19308,19333.2,19309.7,19324.2,19342.9,19327,19322,19318.7,19326.6,19307.1,19307.8,19320.6,19324.9,19303.2,19335.8,19306.3,19285.1,19327.4,19315.4,19290.8,19302.9,19336.9,19336.4,19323.2,19313.2,19316.5,19317.7,19324.8,19292.7,19314.8,19317.9,19330.9,19302.8,19320.5,19313.5,19311.7,19309.6,19310.7,19308.5,19319.5,19326.7,19323.3,19321,19312,19348.4,19344.5,19351.9,19331.5,19325.7,19336,19323.2,19307.1,19337.7,19336,19324.1,19321.1,19338.3,19327.2,19317.5,19314,19330.1,19319.7,19348.9,19328.2,19314.1,19332.8,19330.7,19328.8,19330.8,19325.9,19324.6,19311,19319.5,19333.9,19334.3,19326.4,19309.5,19323.3,19306.1,19316.8,19330.4,19327.3,19317.2,19319.1,19315,19336,19326.9,19345.9,19330.3,19328,19320.6,19353.9,19331.2,19316.6,19332.1,19336.7,19338.2,19356.2,19312.7,19317.1,19329.7,19334,19332.6,19343.8,19311.5,19333,19315.8,19350.4,19339.7,19332.9,19335.5,19341.9,19332.2,19349.5,19325.8,19338.3,19349.9,19339.2,19363.4,19325.5,19361.8,19334.3,19334.8,19325.2,19336,19354.2,19332.6,19336.2,19312.3,19340.7,19336.9,19321.9,19312.8,19345.5,19337.7,19342,19317.8,19344.8,19326,19353.4,19348.7,19315.1,19316.9,19320.1,19339.5,19323.5,19332.9,19344.4,19343.2,19334.9,19353.6,19324.4,19344.9,19318.8,19328.5,19331,19333.6,19337.9,19314.5,19347.3,19345.9,19327.5,19311.6,19343.2,19338.2,19327.5,19342,19347.6,19334.7,19306,19326.3,19325,19323.5,19320.2,19362.5,19311.1,19327.7,19338.4,19331.7,19328.7,19326.8,19326.2,19343.1,19317.5,19335.3,19345.7,19306.5,19315.9,19322.1,19340.8,19331.9,19350,19325.7,19302.7,19334.7,19342.8,19331.1,19332.1,19321.3,19331.3,19338.1,19339.3,19344.1,19347.5,19304,19326.5,19319.6,19327.3,19337.8,19339.8,19344.2,19335.3,19328.8,19335.8,19318.2,19341.3,19328.3,19329.4,19328.9,19349,19332.4,19328.2,19315.2,19346.1,19338.3,19323.2,19349.2,19354.6,19330.8,19354.9,19339.1,19334.5,19319.6,19331.3,19357.3,19334.4,19338.5,19319.8,19318,19329.4,19341.6,19331.2,19321.5,19338.3,19336.9,19314,19318.8,19333.7,19355.6,19347.4,19332.7,19342.6,19356.6,19318.6,19343.6,19353.9,19329.1,19332.1,19342.3,19322.2,19368.7,19344.9,19342.9,19337.6,19340.8,19335.3,19337.1,19350.5,19323.1,19335.8,19330,19345,19329.2,19324.2,19338.5,19323.7,19331.3,19317.5,19343,19344.7,19361.4,19346.6,19330,19330.5,19322.6,19334.5,19343.9,19328,19346.1,19329.5,19337.6,19323.9,19345.3,19316.8,19335.3,19334.9,19342.1,19349.2,19343.1,19327.1,19340.1,19329.2,19325.9,19326.9,19340.7,19325.5,19319.8,19318.8,19352.9,19326.1,19328.5,19328.9,19341.7,19324.3,19313.1,19323.6,19344.9,19335.6,19325.4,19334.6,19338.8,19339.2,19334.7,19341.9,19360.4,19313.4,19325.6,19329.9,19362.1,19328.6,19355,19317,19337.3,19333.8,19347.2,19364.1,19337.6,19339.1,19324.8,19358.4,19315.1,19334,19345.2,19340.8,19340,19340.3,19336.1,19345.6,19350.8,19332.1,19331.9,19330.9,19342.4,19353.4,19339,19338.8,19344.6,19335.7,19337.3,19362,19360.7,19336.7,19368.7,19343.3,19363.7,19336.2,19345.3,19343.3,19374.3,19368.9,19355.1,19345.8,19346.5,19350.8,19352.3,19352,19353.6,19324.5,19334.2,19340.1,19355.7,19363.3,19349.7,19318.7,19356.7,19357.9,19348.4,19346.7,19336.2,19365.1,19351.2,19345.3,19333,19341.9,19321.8,19344.2,19336.3,19358.1,19358.7,19357.6,19353.5,19355.9,19357.5,19360.5,19358,19350.2,19367.4,19333.5,19339.9,19339.1,19334.1,19355.7,19360.2,19348,19334.6,19360.7,19352.9,19350,19377.3,19358.8,19368.8,19347.3,19373,19351.1,19353.6,19368.2,19349.1,19367.5,19342.9,19368,19350.7,19343.9,19345.2,19353.2,19344,19336.7,19371.8,19368.3,19377.4,19351.6,19369.5,19346.4,19355.2,19356.8,19334.9,19346,19338.4,19338.9,19342,19360.1,19328.5,19350.7,19343.9,19374.3,19340.9,19358.7,19339.6,19360.2,19357.7,19353.2,19349,19330.7,19347.4,19349.5,19356.4,19383.2,19363,19358.4,19340,19359.1,19337.9,19348.7,19357.4,19361.3,19350.1,19359.5,19363.7,19356.7,19344.3,19359,19356.4,19362.5,19358.1,19362.6,19336.6,19368.1,19358.7,19359.7,19343.5,19346.2,19369.3,19370.1,19375.6,19350.3,19368.7,19355.1,19345.4,19368.9,19377.5,19344.2,19350.5,19355,19368.8,19355.3,19354.3,19359.6,19362.8,19365.6,19365.5,19339.7,19342.3,19367.4,19357.8,19343.5,19375.9,19357.2,19380.3,19352,19369.6,19360.5,19359.4,19369.1,19337.9,19365.8,19351.8,19367.8,19353.6,19347.1,19370.3,19356.8,19367.1,19354.8,19337.2,19362,19355.9,19360,19384.1,19364.4,19355.1,19351.8,19365.5,19357,19370.4,19353.8,19364.2,19363.4,19360.9,19379.2,19367,19365.3,19345.5,19355.7,19362.3,19372.2,19359.1,19353.6,19363,19369.8,19354.1,19373.3,19354.6,19357.5,19370.4,19342.2,19366.3,19367.6,19358.6,19357.8,19351.9,19380.8,19358.5,19358.1,19370.6,19361.3,19364.1,19360.1,19348.4,19372.9,19385.7,19363.3,19362.5,19367.6,19340.6,19334.9,19371.6,19357.2,19351.4,19354.4,19382,19338.8,19371.2,19378.7,19370.6,19357.5,19359.5,19359.7,19357.6,19347.8,19352,19363,19355.4,19359.8,19365.6,19355.7,19365.7,19369.3,19347.1,19374.3,19365.2,19370.9,19339.7,19358,19340.5,19364.6,19367.1,19346.1,19380.2,19371.3,19339,19362,19357.5,19349.6,19366.1,19371.7,19342.9,19376.6,19354.2,19340.1,19369.6,19365.5,19370,19357.5,19362.8,19359.4,19363,19347.4,19363.5,19379.4,19354.6,19371.5,19356.5,19363.4,19365,19360.4,19370,19375.8,19352.8,19381.5,19399.5,19361.2,19368,19359,19361,19348.3,19383.6,19390.7,19358,19341.2,19363.8,19386.3,19380.6,19355.9,19370.5,19366.4,19374.7,19364.2,19364.1,19376.1,19345.8,19367.6,19377.4,19373.3,19379.8,19352,19370.3,19356.8,19353.3,19378.1,19362,19375.2,19365.6,19375.6,19381.9,19365.6,19364.7,19370.2,19388.7,19363.5,19355.8,19371.3,19368.8,19389.8,19367.8,19385,19372.5,19377.9,19372.1,19386.3,19389.7,19380.9,19382.4,19380.2,19368.5,19376.2,19369.9,19395.2,19374.8,19363,19360.7,19370.3,19376.5,19380.5,19379.3,19388.4,19362.7,19368,19380.6,19359.5,19376.1,19370,19365.6,19374.9,19371.1,19384.8,19360.6,19368.9,19377.4,19393.1,19396.5,19361.6,19382,19360.2,19375.4,19378.5,19349.9,19354.1,19388.3,19360.4,19383.1,19376.5,19370,19385.2,19385.3,19383.6,19385,19378.6,19383.5,19357.2,19375.2,19370.7,19379.8,19360.2,19365.1,19384.1,19364.6,19371.9,19377.2,19382.4,19379.5,19372.8,19366.7,19364.1,19359.5,19371.2,19360.4,19383,19374.4,19358.3,19395.5,19359.4,19370.7,19366.8,19385.3,19360.2,19364.3,19375.8,19376.4,19366.5,19375.7,19389,19367.8,19373.2,19366.3,19374,19374.6,19371.2,19381.5,19352.5,19361.8,19348.9,19383.7,19365.8,19363.2,19373.3,19376.4,19372.2,19359.4,19392.2,19370,19350.1,19367.7,19386.5,19376.3,19362.2,19366,19383.7,19366.5,19347,19381,19377.4,19355.3,19339.9,19385.8,19373.7,19358,19360.6,19352.7,19359.7,19368.4,19347.1,19356.9,19351.4,19366.1,19380.3,19376.4,19370.2,19376,19350,19382.7,19374.7,19386.5,19367.8,19366.3,19371.6,19371.6,19358.3,19372.1,19351.6,19372.1,19367.2,19373.9,19341.7,19356.9,19356.1,19361.7,19378.2,19370.2,19388.8,19358.4,19389.1,19378.1,19393,19363.1,19368.9,19374,19372,19371.1,19359,19365.9,19371.5,19364,19384.1,19352.2,19369.8,19367.1,19369.1,19365.9,19348.3,19373,19371.4,19374.4,19352.3,19383.2,19368.8,19349.4,19374.1,19361,19369.1,19364.1,19378,19347.3,19352.4,19347.8,19340.8,19363.3,19355,19369.7,19355.4,19368.2,19351.6,19355,19367,19351.4,19361.8,19368.9,19360.5,19356.9,19378.2,19357.1,19364.9,19357.3,19365.4,19357.9,19380,19350,19373.2,19376.3,19363.7,19351.5,19365,19359.4,19342.8,19381.9,19343.8,19366.8,19361.6,19374,19375.1,19376.2,19371,19386.5,19349.1,19367.9,19359.8,19370.9,19347.3,19372.5,19353.5,19359.9,19348.2,19356.4,19370.7,19361.9,19367.2,19379.6,19357.5,19365.5,19373.3,19345.5,19373.2,19350.9,19374.5,19367.7,19361.4,19367.2,19369.7,19393.8,19360.8,19363.8,19348.8,19371.1,19354.3,19358.4,19375.6,19377.2,19373.3,19355.8,19406.4,19372.3,19340.5,19374,19385.4,19367.3,19359.2,19362.9,19380.7,19369.9,19359.2,19346.4,19356.6,19366.7,19353.4,19374.3,19371.5,19364.2,19372.3,19392.3,19370.6,19358.5,19369.9,19364.2,19363.9,19384.9,19355.8,19379.6,19363.8,19337.7,19372.2,19390.9,19375.4,19363.8,19347.2,19378.4,19376.4,19373.7,19377.9,19380.5,19378.3,19370.2,19362.1,19388.1,19371.4,19381.5,19368.5,19390.5,19375.1,19370.3,19384.2,19391.7,19375.7,19385.5,19354.4,19366.5,19368.7,19360.4,19372.8,19388.8,19351.8,19383.5,19375.7,19370.5,19379.2,19383.4,19389.2,19373.8,19388.3,19381.8,19372.5,19368.1,19350.2,19380.1,19363.9,19373.5,19364,19377.7,19372.6,19355.8,19386.5,19360,19387.3,19386.5,19367.5,19358.9,19376.6,19364.9,19371.8,19368.6,19367.4,19375.7,19381,19374.3,19373,19354.7,19385.9,19372.4,19375.4,19375.7,19399.4,19369.6,19375.6,19368,19376.9,19395.3,19380.8,19375.2,19374.9,19350.6,19396.7,19358.5,19380.1,19379.4,19388.5,19343,19364.2,19376.3,19370,19391.3,19376.5,19376.8,19371,19380.4,19372.4,19373.5,19347.2,19382.5,19379.3,19389.5,19380.1,19390.3,19369.4,19385.5,19387.3,19349.2,19354.4,19378.4,19372.7,19376.5,19365.1,19364.6,19379.2,19382,19376.5,19376.4,19373,19378.3,19386.8,19376.7,19366.1,19375,19378.9,19388.7,19373.3,19385.8,19378.1,19410.3,19372.8,19387.1,19357.6,19379.6,19369.4,19386.5,19387.5,19382.6,19382.4,19386.4,19385,19367.2,19368.1,19366.4,19380,19385.5,19365.3,19372.2,19378.1,19416.1,19385.7,19381.7,19383.8,19364.3,19378.5,19371.2,19387.6,19374.1,19380.3,19388.5,19384.6,19384.6,19347,19386.3,19380.1,19370,19386.5,19378.8,19365.2,19372.7,19388.7,19368.9,19387.2,19368.1,19373.5,19366.8,19379.3,19373.2,19369.8,19362.5,19365.4,19373.6,19365.7,19365.9,19358.6,19371.2,19375.4,19370.4,19365,19397.6,19381.4,19390.2,19370.7,19360.4,19375.2,19362.8,19391.2,19372,19388.6,19380.3,19385.4,19380.7,19369.5,19363.4,19360.9,19361,19368.2,19375.2,19374.3,19367.3,19380.3,19373,19367.9,19363.9,19361.5,19377,19374.3,19380.2,19372.7,19360.7,19370.3,19377.4,19378.4,19375.8,19378.2,19371.1,19360,19356.6,19387.4,19381,19377.9,19366.1,19367,19399.7,19373.4,19369,19388.3,19384.5,19390.5,19373,19380.4,19369.2,19371.5,19389.5,19376.5,19363.1,19382.1,19353.3,19399.5,19365.5,19382.2,19363.8,19377.1,19381,19377.2,19377.2,19388.9,19397.6,19380.1,19378.6,19383.5,19378.7,19393.3,19399.1,19382.5,19387,19385.5,19372.3,19398.2,19391.6,19374.2,19388.3,19369.1,19390.5,19378.5,19373.3,19380.6,19376,19382.4,19369.1,19390.8,19391.6,19364,19390.9,19367,19398,19403.2,19377.9,19398.3,19360.3,19401.5,19381.4,19382.3,19370.3,19378.8,19381,19385.2,19374.4,19381.7,19371.3,19399.4,19373.2,19385.1,19383.9,19376.4,19387.1,19366.6,19370.2,19360.6,19385,19396.5,19374.7,19374.5,19387.9,19376,19382.5,19372,19372.2,19381.8,19369.2,19377.6,19404.3,19391.4,19387.1,19371.2,19373.8,19372.2,19388.3,19392.6,19381.2,19389.5,19387.9,19377.5,19379.5,19389.8,19403.8,19374.1,19379.7,19374.8,19371.2,19382.2,19383.8,19364,19382.5,19374,19379.3,19398.8,19365.4,19388.1,19380.3,19381.2,19375.5,19385.4,19399.6,19370.4,19391.9,19393,19381.6,19400.9,19381.3,19378,19396,19387.6,19384.8,19381.7,19372.3,19385.6,19376.2,19371.7,19396.1,19378.9,19398,19395,19383.3,19375.2,19378.8,19403.5,19385.7,19375.5,19392.5,19387.5,19382.9,19395.7,19369.2,19388.8,19387.3,19390.8,19388.3,19389.8,19374.2,19374.8,19387.3,19377.2,19382.7,19392.4,19380,19391.7,19365,19415.4,19360.3,19369.3,19396,19390,19381.1,19371.9,19395,19367.3,19365,19374.9,19371.4,19361.8,19397.8,19383.7,19392.3,19394,19373.4,19382.8,19366.1,19382.4,19375.4,19395.2,19376.5,19367.5,19402.9,19396.1,19361.8,19371.5,19396.9,19385.6,19382,19384.1,19379.6,19373.5,19371.5,19382.1,19384.3,19379.2,19384.5,19389.9,19373.3,19382.2,19401.2,19379.5,19399.4,19380.6,19384.1,19387.1,19384.6,19384.6,19372.4,19400,19395.7,19374.4,19380.6,19380.7,19384,19380.7,19375.4,19371.3,19392.3,19402.3,19370.2,19384.9,19383,19380.2,19383.5,19387.1,19386.6,19370.9,19352.8,19364.8,19403.2,19388,19378.5,19411.1,19368.2,19367.8,19379,19366.8,19401.4,19363.7,19386.5,19403.1,19368.2,19367.7,19382.1,19369.4,19367.4,19382.9,19380.5,19387.9,19394.7,19354.2,19385.8,19386.7,19383.4,19371.1,19369.4,19363.9,19386.1,19383.3,19375,19381.7,19379.1,19355.7,19386.3,19380,19390.5,19381.2,19381.1,19383.2,19370.7,19373,19403.9,19373.3,19407.6,19367.5,19384.2,19397.5,19370,19403.4,19391.9,19386.6,19387.3,19389.2,19394.3,19366.1,19370.4,19387,19385.8,19385.8,19382.4,19403.6,19385.5,19385.3,19361.7,19402,19378.5,19396.8,19403.5,19385.6,19376.3,19387,19361.1,19391.2,19384.6,19388.4,19392.5,19373.9,19368.1,19380.1,19382,19375.6,19380.2,19395.3,19390.5,19399,19392.5,19365.9,19394.5,19397.1,19390.9,19371.9,19365,19387,19382.1,19379.5,19400.3,19367.8,19409.1,19377.2,19392.2,19397.2,19383.8,19367.7,19387,19400.8,19388.1,19362.8,19390.7,19399.9,19383.5,19399.8,19377.4,19402.9,19365.6,19408.7,19391.2,19388.9,19379.1,19369.1,19379.3,19364.8,19397,19377.8,19380,19350.1,19374.7,19374.6,19391,19389.3,19384.9,19367.1,19371.6,19418.6,19387.9,19385.4,19384,19380.2,19383.7,19383.9,19410.7,19387.3,19391.4,19365.6,19367.9,19384.6,19391.7,19383.1,19376.3,19378.8,19390.3,19409.7,19377.5,19385.7,19385.7,19392.2,19374.3,19391.1,19383.3,19384.9,19385.1,19381.1,19375.7,19362.3,19398.3,19372.8,19381.8,19384.7,19382.3,19383.1,19394.8,19391.9,19391.4,19367.1,19382.7,19361.1,19384.6,19380.7,19391,19396.8,19421.5,19397.8,19382.4,19407.4,19384.9,19365,19391,19376.9,19383.7,19388.2,19378.2,19367,19401,19378.1,19366.2,19386.2,19382.5,19399.9,19389.5,19409,19401.7,19382.7,19387.1,19374.7,19391.2,19389,19396,19397.1,19397,19364,19385.8,19390.3,19380.4,19388.9,19413,19418.6,19408.8,19394.3,19396.8,19369.6,19383.7,19410.9,19390.3,19387,19381.5,19379.8,19372.5,19381.8,19377.7,19372.5,19393.4,19375.4,19371.8,19401.3,19379.9,19393.2,19382.5,19371,19388,19393.5,19378.7,19382.5,19374.8,19377.3,19385.7,19394.7,19405.6,19397.4,19391.5,19401.2,19398.8,19394,19391.4,19399.1,19375.6,19398.6,19387.9,19407.5,19401.3,19395.7,19392.9,19387.8,19372.7,19408.5,19393.2,19371.6,19394.4,19391.9,19373.6,19397.2,19377.4,19357.4,19371.7,19363.8,19385.4,19399.7,19386.4,19401.3,19391,19386.7,19361.1,19389.3,19383.8,19369.8,19389.1,19392.4,19383.1,19396.4,19363.9,19356.5,19371.1,19368.4,19373,19382.9,19375,19399.7,19372.7,19382,19393.1,19376.6,19398.8,19395.6,19383,19376.6,19371.5,19378.3,19383.9,19372.7,19384.3,19389,19392.2,19401.9,19373.7,19386.7,19379.2,19382.4,19375.6,19384.4,19395.4,19395.4,19400.3,19396.4,19377.6,19387.3,19392.7,19385.2,19404.3,19401.3,19395.1,19410.9,19383.4,19370.3,19385.3,19385,19362.7,19398.1,19370.7,19371.4,19378.7,19400.1,19388.1,19387.8,19395.7,19372.5,19424.1,19389.1,19395,19390.6,19393.3,19395.7,19388.8,19399.1,19386.7,19389.8,19394.7,19386.3,19399.2,19381.8,19389.5,19390.8,19398.8,19389.8,19405.3,19380.3,19392,19395.9,19378.8,19387.3,19382.9,19398.4,19403.5,19384.9,19390.7,19386.5,19396.1,19381.3,19371.5,19389.8,19398.9,19410.9,19383.4,19379.3,19415.9,19407,19397.1,19396.7,19382.6,19405,19403.4,19389.9,19409.6,19389.5,19390.1,19393.8,19393.2,19383.7,19395.9,19386.2,19405.9,19397.6,19401.9,19421.4,19399.3,19409,19396.4,19386.8,19397.4,19384.3,19372,19397.8,19390.4,19408.4,19393.3,19388.1,19399.2,19377.5,19384.4,19392.3,19388.8,19391,19393.2,19402.1,19381.2,19381.1,19386.2,19376.1,19393.3,19402.8,19406.6,19398.2,19388.9,19377.2,19393.5,19379.6,19405.9,19410.7,19409,19365.3,19400.5,19416.9,19392.5,19389,19388.1,19391.3,19401.3,19389.7,19384.5,19389.8,19407.8,19398.8,19402.3,19397.7,19390.2,19394.7,19390.1,19405.5,19397.9,19391.4,19399.8,19402.6,19391.6,19404.1,19377.5,19423.5,19398.7,19402.7,19415.9,19427.5,19385.5,19374.1,19403.8,19388.3,19394.1,19412.2,19402.5,19397.9,19385.8,19387.2,19403,19392.4,19365.8,19410.1,19433.1,19387.6,19405.8,19410,19399.1,19411.6,19401.7,19387.7,19380.8,19379.9,19401.1,19407.9,19388.4,19401.1,19395.9,19391.2,19402.2,19402.2,19407.2,19396.4,19381.9,19396,19408.7,19406.3,19377,19406.4,19380.7,19402.5,19400.3,19389.5,19396.9,19393.4,19397.5,19397.2,19395.8,19402.8,19387.7,19403.3,19411.6,19376.4,19402.6,19408.3,19399.6,19410.5,19375.3,19407.4,19398.6,19401.1,19405.4,19386,19388.8,19403.2,19403.6,19395.8,19384.9,19393.1,19388.1,19393.1,19404.5,19414.3,19411.6,19402.6,19386.2,19400.4,19407,19409.6,19385.7,19405.1,19412.4,19392.8,19398.2,19400.6,19384,19408.8,19392.8,19406.9,19406.8,19414.7,19410.2,19385,19419.1,19420.4,19377.6,19405.8,19389.4,19398.8,19425.2,19390.2,19374.9,19400.5,19404.9,19407.1,19416,19407.4,19406.4,19394.8,19387.4,19403.2,19403.3,19397.6,19402.1,19425.7,19430.9,19383.1,19415.9,19394.4,19377.6,19402.8,19389,19409.4,19407.4,19398.1,19385.7,19391.7,19406.8,19429.2,19393.1,19368.6,19410.8,19382,19399.7,19393.7,19389.8,19389,19398.6,19414.6,19400.4,19399.3,19370.6,19398.1,19380.1,19398.8,19410,19403,19399.1,19410.2,19390.8,19402.7,19421.7,19387.9,19412.8,19381.6,19405.2,19411.5,19409.9,19420.2,19404.7,19396.9,19394.6,19401.9,19409.6,19377.8,19389.6,19418.1,19387.9,19395.7,19382.2,19398.6,19412.6,19403.5,19396.5,19405.4,19394.7,19396.3,19398,19401,19390.2,19397.5,19392,19401.1,19421,19401.5,19400.2,19382.5,19406.6,19400.6,19390.4,19419.1,19405.8,19389.6,19390.1,19385.6,19394.6,19384.9,19412.2,19393.7,19428.1,19414.7,19397,19383.6,19394.2,19388.6,19393.6,19402.8,19417.7,19398,19421.1,19415.1,19397.2,19401.7,19387.3,19409.1,19413.3,19430.8,19376.1,19385.9,19396.9,19420.7,19398.4,19412.7,19410.2,19394.5,19387.5,19406.5,19386,19384.5,19371.9,19411.9,19378.6,19396.2,19396.7,19402.1,19411.6,19413.3,19406,19393.1,19399.8,19416.6,19383,19399.6,19394.6,19390.8,19398.6,19400.3,19391.8,19395.2,19399.6,19407.5,19397,19405.6,19404.3,19400,19401.1,19400.3,19390.6,19404.4,19410.1,19402.6,19405.7,19413.9,19403.8,19405.2,19407.1,19394.3,19382.4,19392.2,19406.2,19403.2,19396.8,19381.5,19400.8,19406.8,19376.1,19410.3,19395.9,19412.7,19419.6,19391.8,19387.4,19407.9,19392.8,19401.7,19398.7,19380.2,19424.6,19398,19386.8,19392.3,19396.7,19408.1,19407.1,19381.4,19410,19387.2,19423.5,19387.6,19384,19407.8,19417.8,19404.5,19402.8,19380.2,19392,19408.6,19392.8,19386.6,19418.4,19390.2,19397.4,19391.2,19407.5,19399.6,19391.9,19408.1,19411.7,19411.9,19358.7,19404.3,19406.2,19383.7,19376.5,19399.4,19395.8,19385.5,19401.9,19407.5,19387.2,19403.7,19403.3,19391.6,19399.6,19410.7,19399.9,19393.4,19410.1,19378.3,19413.7,19372.9,19407.9,19387.4,19379.4,19411.7,19404.2,19372.2,19380.2,19388.4,19389.9,19397.7,19377.5,19396.9,19413.3,19396.6,19402.2,19399.4,19379.4,19400.5,19382,19388,19373.4,19387.3,19407.9,19372.7,19379.2,19381.2,19375.5,19396.6,19395.5,19388.3,19399.1,19398.9,19383.8,19399.8,19381.5,19409.4,19406.8,19401.7,19405.6,19377.5,19406.5,19375.7,19383.3,19380.3,19387.8,19381,19375.9,19388.2,19383.5,19386.6,19400.9,19398.9,19397.6,19360.8,19366.2,19392.6,19380.1,19385.3,19388.8,19383.8,19382.5,19400.8,19383.8,19389.1,19374.6,19370.6,19381.9,19398.5,19382.5,19375.3,19415.6,19374.7,19383.4
3,34049.4,34100,34100.3
4,32011
5,29841.1,29778.5
6,18976.2,18952.5,18967.5,18957.9,18984.8,18982.4
7,36639.8
8,26690.7
9,27797.4
10,26609.8,26580.9,26583.3,26589.2,26598,26600.8,26603.9,26581.7,26624.2,26588.1,26562.6,26581.6,26597.7,26634,26626.7,26715.7
11,36769.5,36779.9,36794.4,36802.8,36789.4,36783.4,36788.8,36758.2,36782.9,36784.2,36794.4
12,20288.9,20309.4,20284.1,20284.7
13,19037.9
14,24585.5,24641.2,24655.5
15,26365.5,26378.9,26369.6
16,15294.9,15322.9,15285.5,15253.1,15289.1,15289.4,15263.6,15312.4,15293.9,15259.8,15279,15286.7,15252.4,15290,15288.7,15267.7,15290.9,15281.9,15267.2,15245.4,15258.5,15304.2,15289.1,15313.2,15301.3,15305.3,15292.9,15289.7,15289,15315.2,15276,15301.8,15298.9,15336.8,15385.3,15326
17,34185.9
18,6238.94
19,33263,33298.7,33285.8,33288.1
20,7906.83
21,28168,28214.8,28199,28181.8,28202.6,28199.9,28221.4,28207.7,28204.7,28194.4,28170.8,28195.1,28230,28227.3,28222.3,28233.3,28197,28213.4,28208.8,28214.6,28228.6,28232.8,28243.4,28231.1,28242.2,28242.9,28269.1,28262.3,28245.2,28230.2,28223.6,28258.1,28259,28248.6,28240.1,28237.6,28249.8,28255.2
22,32964,32999.4,32989.8
23,6953.07,6954.92
24,38843.7
25,36339.9,36320.4,36331.3,36367.4,36344.6
26,39376.2,39386.3,39414.3,39374.4,39410.4,39360.2,39417.5,39401.4,39391.5,39396.7
27,33342.4,33334.1,33352.4,33321.6,33349,33346.6,33335.7,33317,33334.6,33336.1,33369.4,33326.4,33364.9,33348.2,33365.2,33334.8,33353.3,33346.2,33352.7,33358.3,33344.1,33359.5,33322.8,33383.1,33364.6,33368.9,33372.8,33366.8,33344.3,33390.1,33381.2,33374,33381.1,33366.6,33359.7,33343.7,33376,33358.6,33394.8,33395,33404.5,33344.8,33358.6,33385.6,33364.7,33399.8,33402.9,33398.7,33396.6,33400.5,33398.1,33335.1,33380.2,33415.3,33393.5,33457.5,33461,33451.1,33448.1,33458.8,33444.2,33448.4,33456.8,33465.1,33467.3,33468.5,33446.4,33463.9,33468.8,33454.8,33482.2,33456.9,33509.2,33476.7,33458.7,33470.4,33456,33481.2,33483.9,33481.4,33503.5,33426.7,33476.8,33490.1,33470.3,33480.1,33501.6,33488.8,33432.1,33491.9,33500.2,33466.6,33491.2,33541,33499.9
28,7557.86
29,21543.8,21509.4,21646,21645.7
30,28253.5,28171.9
31,8010.88,8019.67,8020.9,7989.44,8038.54,8060.54,7992.94,8053.75,8066.83,8110.86,8056.91,8074.13,8085.73,8093.67,8119.91,8047.57,8150.82
32,34591.9
33,8188.16
34,34009.6,33959,33983.8
35,19080.6,19066.9,19024.3,19068.5,19068.3,19045.7,19035.9,19044.7,19042.8,19043.8,19037.4,19033.4,19073.6,19058.6,19108.4,19060.4,19066.1,19046.8,19034.7
36,36322.6,36318.4,36313.6,36265.9,36353.4,36357,36290.2
37,30190.2
38,10922.4
39,26098,26112.4,26126.8,26125,26128.1,26111,26114.3,26142.9,26104.4,26120.6,26176.6,26124.3,26129.6,26195.2,26146.8,26151.8,26184.7,26153.1,26170.8,26138.2,26190.4,26193.5,26165.1,26174.5,26292.6,26249.4
40,36317.1,36306.6,36302.4,36315,36290.3,36322.7,36321.3,36322.2,36339.1,36422.4
41,2710.52
42,14407.4
43,15832.8,15813.5,15809.4,15824,15836.2
44,26669,26658.6,26582.5
45,24590.3,24575.8,24594.7,24564.7,24558.8,24609.6,24643.1,24618,24599.3,24623,24629.9,24616.7,24600,24618.7,24624.3,24659.8,24640.2,24660.5,24626.6,24621.1,24654.8,24701.3,24670.4,24658.4,24664.9,24638,24689.6,24662.5,24640.4,24657.9,24714.4,24678.7,24682.7,24705.3,24730.2,24703.2,24717.2,24722.9,24712,24732.7,24716.8,24734.8,24728.2,24735.9,24731,24733.5,24720.8,24737.8,24714.7,24718.7,24738,24758.8
46,29622.2
47,11745
48,21313.3
49,24785.3,24844.1
50,13163.5,13186.2,13165.2,13177.8,13150.9,13169,13153.5
51,40098.1
52,38907.1
53,23351.1
54,13525.8,13525.7,13544.6,13519.8,13546,13519.2,13501.8,13515.3,13518.2,13518,13526.1,13484.9,13528.8,13536.5,13571.1,13518.9,13549.8,13560,13562.5,13547,13541.8,13510.8,13582,13476.7,13543.8,13548.6,13560.3,13549.4,13536.5,13554.1,13562.2,13549.1,13525.2,13544.1,13544.9,13521.6,13578.1,13533.4,13568.2,13561.7,13568.1,13570.9,13555.9,13575.7,13570.6,13552.3,13539.8,13553.1,13569.8,13575.2,13598.6,13571.2,13571.7,13536.4,13578.4,13571.8,13588.2,13562.6,13593.2,13521.6,13544.7,13501.6,13588.5,13563.4,13552.5,13557,13551.1,13562.6,13601.6,13551,13598.1,13585.6,13548.2,13582.3,13541.9,13583.2,13558.7,13538.7,13605.4,13611.4,13541.2,13565.5,13567.9,13594.7,13581.7,13558,13528.9,13562.8,13588.7,13562.7,13570.7,13539.4
55,28163.7
56,16985
57,29600.2
58,23050.5,23038.9,23105.9
59,26940.5
60,25539.9,25542.2,25535.4,25552,25530.1,25522,25566.9,25545,25527,25535.6
61,25210.8,25227.2,25254.1,25260.6
62,4305.35,4359.69,4304.36,4186.02,4191.51,4171.87,4167.98,4179.47,4179.51,4171.33,4166.41,4141.75,4184.29
63,18638.4
64,33119.4
65,23571
66,38385.7,38432.2
67,33549.1,33521.5,33582.7,33550.1
68,19522.2
69,37142.8
70,24256.5,24235.5,24255.4,24255.3,24240.1,24254.6,24255.8,24218.5,24230.7,24274,24248,24247.2,24251.7,24221.8,24234.5,24220,24223.8,24248.1,24251.4,24227.8,24234.5,24241.1,24246.7,24224.4,24225.4,24219.7,24243.9,24252.7,24229.4,24234.2,24230.9,24235.1,24245,24233.7,24244.1,24239.1,24258.3,24230.3,24266.3,24240.5,24257.1,24254.3,24248.2,24266.8,24258.9,24245.6,24228.6,24248.8,24252.6,24228.5,24257.5,24239.9,24251.7,24243.1,24260.2,24236.3,24240.5,24267.5,24240.7,24228.6,24242.7,24231,24244.2,24215.8,24243.4,24250.2,24253.5,24211.4,24228.7,24255,24234.9,24223,24241.9,24259.4,24225.7,24232.4,24231.4,24242.6,24239,24239.8,24233.9,24255.3,24232.2,24243.9,24227.8,24236.9,24256.7,24263.5,24225.7,24261.5,24239.3,24253.7,24258.4,24237.6,24242.2,24255.8,24221.3,24229.9,24269.9,24264.8,24237.2,24246.8,24235.4,24227.7,24230.3,24245.3,24217.6,24259.8,24259.1,24262.5,24236.2,24224.9,24247.2,24239.6,24247.5,24244.8,24242.3,24252.9,24275.3,24251.6,24241.7,24261.4,24247.6,24247.1,24259.1,24269.7,24247.6,24224.1,24230.9,24230.3,24237.2,24226.7,24241.9,24236.6,24247.2,24240.4,24241.9,24242.2,24258.4,24237.6,24235.4,24254.3,24229.4,24245.6,24229.7,24249.1,24230.2,24236.3,24244.2,24234.6,24245.9,24234.2,24248.6,24267.4,24259.6,24232.4,24240.4,24272,24275,24269.8,24266.4,24223,24264.6,24266.1,24244.4,24243.9,24255.4,24237.9,24259.9,24225.4,24272.5,24288.3,24258.6,24250.1,24232.6
71,17870.8,17887.6,17878.7
72,39633,39665.3
73,8391.32,8380.38,8387.06
74,39019.2
75,22814.4,22875.9,22840.5
76,38254.8,38265.8,38266.3,38238.3,38243,38258.1,38266.3,38259.9,38251.1,38255.4,38245.6,38282.1,38254.6
77,25684,25675.5,25650.7,25612.6,25610.6,25644,25671.1,25630.3,25658.9,25646.8,25685.1,25674.1,25697.6,25680.1,25643.2,25687.8,25604.1,25570.6,25566.7,25569.4,25689,25686.1,25766.2,25711.5,25713.3,25761.1,25714.9,25730.3,25746.6
78,29140,29022.3
79,28485.5
80,31347.2
81,31947.6,31913.9
82,32612.4
83,30253.3
84,32613.8,32478.1
85,38798.3,38847.6
86,5643.58,5692.75,5679.58,5712.82,5678.86
87,6086.22
88,36819,36788.1
89,26979.2
90,12325
91,35923.3
92,30195.6,30252.3,30251.2,30244.7,30246.4,30245.3,30259,30250.6,30271.5,30311.3,30250.3,30230.6,30268,30259.7,30242.8,30310.5,30232.9,30251.6,30230.5,30259.2,30230.6,30257.5,30266.3,30227.5,30228.4,30292.2
93,33703.5,33654.1
94,32429.3,32530.8
95,34892.3
96,25228.6
97,24424.1
98,28390.9,28373.4
99,9423.87,9414.87,9416.35,9415.53,9431.58,9415.06,9407.5,9428.9
100,15827.7
101,37099.9
102,36456.8
103,36798.9
104,37000.6
105,37634.6,37613.7
106,8437.04,8448.16,8434.59,8417.7,8438.14,8479.64,8460,8475.94,8447.43,8443.97,8494.48,8475.76,8534.26,8524.04,8489.66,8503.83,8492.34,8499.22,8480.9,8505.15
107,25591.5,25694.8,25683.2,25688.3,25713.9,25696,25731.8,25701.9,25728.2
108,32022,32024.7,32017.1,32018.5,32043.3,31974.9,32021.8,31997.2
109,34123.3,34138.5
110,13987.1
111,38565.6
112,20656.1,20686.4,20723.5,20765.8
113,20886.5,20885.5
114,38135.6,38137.5
115,39243.3,39244.5,39228.1,39271.2,39327.3,39362.5,39342.9,39386.8,39370.1,39359.8
116,25658.5
117,23666.3
118,5157.5
119,17110.6,17109.6,17102,17104.1,17048,17099.4,17096.4,17069.9,17088.7,17079,17115.1,17119.3,17107.1,17103.2,17085.5,17099.8,17136.9,17077.8,17130,17132,17109.2,17103.9,17117.7,17113.3,17106.7,17110.9,17146.8,17126.7,17123.2,17122.7,17123.3,17100.1,17129.8,17143.7,17137.8,17153,17138.6,17129.6,17113,17142.1,17123.1,17117.9,17097.8,17165.8,17181.4,17148.2,17158.7,17161.9,17143.4,17150.6,17150.7,17118.5,17133.2,17131.3,17132.6,17117.7,17166.4,17146.6,17151.1,17116.8,17161,17143.2,17098,17171.1,17143.7,17139.5,17154.2,17167.7,17118.8,17133.5,17113.2,17181.2,17161.2,17147.9,17184.9,17145.7,17166.6,17221.8,17167.4,17145.5,17153.6
120,26382.5,26386.9,26424.6,26404.3,26375.9,26411.2,26409.7,26384,26412,26397.5,26389.3,26406,26426.6,26450.2,26447.5,26434.1,26454.7,26436.8,26431.9,26458.1
121,20486.3,20514.5,20512.6,20482.4,20521,20501.3,20521.3,20522.8,20513.2,20499.1,20482.7,20489.3,20552.9,20536.2,20523.1,20504.8,20509.7,20529.1,20511,20538.8,20499.8,20527,20531.5
122,5362.68,5373.81
123,27547.4,27578.5,27551.8,27579.5,27571,27585.7,27577.3,27597.6,27572.2,27571.2,27579.3,27602.8,27552.5
124,37120.9
125,25040.4,25016.9,25014,25007.7,25020.9,25009.1,25014.8,25019.7,25013.1,25022.1,25028.3,25029.1,25047.4
126,37229.7,37151
127,37069.7,37061.2,37070.1,37070.5,37083.4,37051.9
128,28670.2,28647.2
129,26266.1
130,27938.8
131,25579.7,25503.4,25541.3
132,21859.4
133,25330.9
134,25280.5
135,25432,25314.3
136,17629.8
137,26504.9
138,4243
139,21111.2
140,32999.9,33062.5,33057
141,10114.3,10135.4,10109.3,10144.8,10114.7,10128.1,10145.7,10122.6,10148,10138,10152.8,10159.7,10183.8,10145,10142.8,10137.8,10111,10144.3,10176.4,10135.8,10144.2,10132.4,10133.4
142,29591.8
143,32769.6,32752.2,32760.9,32747.5,32762.3,32741.8,32776.9,32759.2,32805.9,32754.8,32778.1,32781.8,32790.7,32781.6,32788,32769,32783.4,32786,32764.6,32770.6,32787.9,32793.9,32794.2,32771.6,32774.5,32773,32783.2,32763.7,32777.6,32781.7,32785.5,32797.6,32795.7,32803.1,32785.2,32832,32795.2,32789.8,32788.1,32800.6,32803.6,32789.8,32793.9,32787.7,32788.6,32791.3,32782.7,32818.5,32792.4,32803.4,32748,32795.8,32780.6,32786.5,32805.1,32803.4,32810.3,32811.4,32784.5,32795.2,32805,32805.8
144,8267.12
145,28291.3,28218.8
146,18370.9,18357.2,18347.9,18373.7,18363.9,18378.2,18365.9,18347.6,18365.9,18333.2,18360.8,18351.4,18355.5,18341.1,18378.8,18358.8,18372.8,18376.2,18383.3,18363.4,18384.7,18393.4,18400.7,18374.2,18382.8,18365.3,18370.6,18381.8,18368.6,18408.6,18397.8,18386.5,18364.3,18380,18374.8,18393.7
147,29549.4
148,32461.9
149,23041.7
150,10993.5
151,27146.2
152,28378.9
153,37252.9,37242.8
154,31846.5,31877.6
155,31207.9
156,12834.1
157,30184.9
158,17284.5
159,24785,24769.4,24811.4,24833.6,24791.9
160,30466
161,30297,30324.6,30302.4,30301.1
162,30934.3
163,11623
164,34079.4,34142.5,34064.5
165,36007.6
166,34506.5
167,22141.6,22138.6,22156,22168,22181.8,22115.6,22221.9,22186.5,22177.9,22192.8,22182.7,22203.1,22179.7,22194,22169.1,22173.5,22211.1,22174.2,22191.5,22191.8
168,7195.1,7170.55,7191.62,7179.57,7198.22,7174.42,7063.14
169,37710.1
170,6263.09,6221.83,6194.6,6200.47,6207.96,6246.2,6263.04,6242.64,6256.44,6225.28,6233.19,6293.66,6256.56,6293.4,6280.87,6308.07,6315.09
171,30676.2
172,34646.9
173,38104.2
174,34500.2,34496,34531.6
175,22527.1
176,34166.3,34200.4,34218.4,34190,34178.2,34194.3,34184.4,34174.9,34170.4,34184.5,34180.7,34187.6,34176.2,34180.8,34199.4,34187.4,34195.3,34173.2
177,31364.3,31363.9,31424.7,31440.4,31400.8,31405.1,31379.4,31370.3,31427.7,31383.6,31387.3,31421.3,31400.3,31387.9,31422.8,31432.8,31410.2,31396.8,31409.3,31377.5,31379.5,31386.7,31406.5,31399.4,31385,31372.1,31430,31425.6,31388.3,31395.7,31392.1,31402.1,31396.1,31405,31397.1,31384.4,31397.1,31401.1,31413,31393.7,31425,31388.6,31407.9,31401.6,31436.4,31408.3,31423.1,31433.1,31425.4,31421.2,31414.5,31404.5,31429.9,31405.8,31412.8,31426,31446.9,31411.8,31434.3,31420.8,31404,31390,31390.3,31382.3,31414.8,31406.1,31442.9,31446.7,31363.5,31379,31372.6,31385.6,31398.1,31420.1,31434
178,25460
179,26400.2
180,23231.6,23217.7,23219.5,23189.7,23213.8,23201.8,23223.2,23235.5,23214.8,23248.8,23202.9,23262.8,23226.4,23201,23254.8,23270.1,23241.7,23255.5,23221.9,23227.9,23260.9,23230.3,23266.4,23226.8,23261.7,23229.6,23238,23237.9,23246.2,23218.4
181,23370.3
182,32182.5,32177.6
183,30275
184,34409.4
185,8016.69
186,10879.4,10834.6,10881.3,10884.6,10885.1,10878.5,10880.5,10884.6
187,35375.9
188,25817.3
189,32903.6
190,26178.9
191,10824.4,10776.2,10794.6,10789.6,10832.4,10760.9,10782.8,10761.4,10755.8,10836.7,10802.7
192,35772.8
193,34872.8
194,27767.3
195,34739.8
196,34437.9
197,32384.4,32376.5,32383.5,32392.5,32385.8,32407.7,32391.9,32365.9,32365.9,32393.9,32386.1,32371.8,32379,32378.3,32368.5,32386.8,32385.9,32372.4,32371.5
198,31188.4
199,21859.5,21864.8,21864,21875,21875.4,21831.6,21867.9,21852.2,21825.9,21864.8,21882,21840.7,21872,21837.8,21902.4,21874.7,21901.4,21880.6,21868.2,21914.3,21879.4,21883.9,21889.9,21878.9,21879.3,21857.4,21880.3,21887.7,21880.5,21883.4,21847.2,21887.6,21893.8,21872.1,21862.7,21864.8,21865.7,21860.1,21876.8,21900.1,21865.5,21909.9,21880.7,21846.6,21855,21902.9,21879.4,21900.7,21868.5,21912.8,21911.5,21876,21883.4,21873.7,21852.7,21885.4,21925.8,21902.9,21888,21885.7,21898.3,21862.9,21881.2,21888,21866.9,21920.1,21866.3,21858.5,21913.8,21911.8,21923.5,21894.6,21897.4,21805.3,21886.6,21879.6,21900.5,21912,21897.4,21890.7,21931.2,21889.3,21908.6,21913.1,21876.2,21897.5,21904.9,21937.7
200,7235.77,7234.83
201,17322.8
202,16647.4,16634.8
203,23313.6,23285.7
204,13091.7,13124.8,13114.6,13099.8
205,7538.19,7695.1,7721.4,7742.97,7734,7730.01,7727.93,7776.23
206,25596.8,25561,25561.8,25497.4,25512.2,25507.2,25496,25477.2,25519.3,25530.6,25480.7,25492.8
207,6442.9,6415.58,6410.77,6435.54,6419.3,6435.53,6441.8,6459.54,6423.67,6411.75,6428.88,6462.64,6436.43
208,39039.3,39047.9,39039.5,39045.6
209,32722.2
210,13603.5
211,22576.1
212,27007.8
213,22443.2
214,9630.53
215,23495.2
216,19027.3,19095.8,19124.6,19153.6,19098.6,19167.2
217,40276.8,40267.9
218,33206.2
219,24715.4
220,31959.4,31915.4
221,31815.7
222,28080.6
223,37194.3,37224.4
224,18026.2,18019.3,17962.3
225,30948.3
226,36824.1
227,21653.5,21583.7,21611.5
228,37766.4,37732
229,14263,14254.8,14309,14271.5,14205.6,14233.5
230,33035
231,40270.6,40195.7,40215.1,40249.3,40238.6,40256.1,40176.3,40209.9,40178.2,40248.3,40250.5,40202.7,40217.1,40242.4
232,25933.1
233,30906.4
234,31487.5
235,33905.3,33801.6
236,36586.8
237,33985.2,34129.9
238,33650.2,33669.3
239,35006,35071.2,35011.3,35027.1
240,22735.5,22742.4,22674,22685.7
241,27727.4
242,31880.8
243,30247.3
244,31410.4
245,34333.2,34373.9,34366.3
246,25756.9,25754.5,25733.4,25760.2,25758.8,25735.4,25741,25768,25755.6,25783.1,25781,25788.8,25784.5,25755.2,25773.9,25764.8,25765.3,25736.2,25770,25737.9
247,38057.2,38082.2
248,37067.5,37034.4
249,19287.6
250,32472.5
251,19007.4,19028,19023.6,19016.4
252,22071.8,22098.7,22099.3,22103.2,22126.2,22103.8,22103,22106.7,22121.1,22114.2,22111.1,22114.3
253,20777.4
254,39136.2,39180.8,39228.1,39180.3,39154.6,39114
255,21308.2
256,13066.6,13088.8,13051.4,13040,13113.9,13055.4
257,21878,21889.9,21880.3,21882.6
258,30518.3,30511.8,30509.9,30472.1,30503.6,30514.9,30510.9,30491.8,30516.3,30495.7,30514.3,30532.1,30530.7,30493.9,30495.3,30523.2,30504.7,30512.6,30508.3,30511.4,30553.8,30569.9,30570.6,30593.8,30565.5,30568.1,30533.1,30583.4,30546.7,30529,30588.2,30557,30535.5,30565.3,30563,30557.5,30580.5,30528.7,30550.3,30579.8,30527.4,30540.8,30541.9,30570.9,30570.8
259,12919.2
260,29005.4
261,28498.3
262,39418.6,39376.1
263,13214.3,13255
264,35486.8,35624.9,35695.6,35699.9,35705.3,35711.5,35673.6,35694.3,35705.8,35674.6,35665.4,35684.3,35647.6,35698.4,35707.6,35702,35698,35681,35695.8,35684.5,35687.1,35684.5,35704.3,35687.3,35682.2
265,31460.9,31457.2,31487.1,31452,31467.8
266,30787.2
267,19864.2
268,26314.7
269,22751.8
270,25411.1
271,24110
272,15508.8,15470.2,15471,15488.8,15462.9
273,26172.1,26228.7,26227.2
274,28138.8
275,26967.9
276,21803.4
277,23385.1
278,26317.9
279,12338.9,12292.9,12339.6,12378.1,12368.2
280,13182.4
281,39884.8
282,6881.49
283,17422.4
284,30930.1
285,38446.5
286,10295.3,10266.2
287,28200.3
288,38314.1
289,36881.6
290,6401.47
291,6110.85,6146.92
292,37633,37763.4,37782.8,37793.7
293,31339.6
294,16454.6,16449.8
295,27590.1,27582.8,27563.4,27568.9,27570.8,27583,27586.3
296,36151.5,36122.9,36163.2,36151.9,36142.6,36164.2,36152.2,36151.2,36132.2
297,38885.8,38904.8,38803.5
298,17629.8,17643.3,17668.7,17643.4,17633
299,22213.8,22221.7,22232.1,22247.8,22233.7,22217.3,22250.4,22213.9,22214.6,22263.2,22233.4,22239.4,22233.6,22241.9,22239.4
300,21734.2,21787.5
301,5657.29,5677.37,5674.78
302,25194.9
303,27657.8
304,24002.3
305,36558.2
306,5603.73,5587.87,5589.94,5609.52,5601.15,5603.49,5563.51,5601.14,5618.86,5572.43,5615.27,5619.19
307,30475.6
308,21661.9,21624.6,21622.1,21608.7,21619.6
309,33551.7,33575.6
310,21781.2,21777.2,21765.8,21771.6,21730.4,21715.7,21754,21742.8,21714.2
311,38230,38274
312,38603.8
313,32314.3
314,36979.7
315,39999.7
316,13453.1,13484.1,13473.5,13511.7,13504.2,13502.3
317,32836.6,32852.8,32843.7,32846.4,32847.8,32833.8,32833.3,32835.7,32827.8,32843.2,32849.6,32857.3,32857.4
318,19811
319,30317.3
320,19480.8,19499.6
321,12585.1
322,6239.14,6332.54,6273.66,6289.89,6261.9,6294.2,6268.36,6291.03,6261.3,6286.82,6268.54,6253.26,6267.53,6285.78,6271.58,6251.48,6291.13,6259.48,6311.54,6293.09,6220.65,6316.05,6277.93,6296.9,6285.58,6270.16,6242,6266.65,6255.48,6238.31,6274.8,6260.29,6264.41,6292.73,6267.82,6290.7,6289.47,6276.43,6226.89,6284.41,6324.95,6282.79,6307.93,6284.6,6264.19,6273.78,6268.23,6362.33,6315.11,6320.62,6283.88,6300.18,6303.69
323,28794.9,28786.9,28798.9,28791.1,28791.4,28816.3,28806.1,28799.5,28820.2,28793.2,28806.7,28853.8,28847.6
324,25712.5,25696.5,25685.5,25665.7,25669.2
325,33696.8
326,38888.6
327,28555.7,28495.7,28472.8,28485.9
328,22798.3,22810.3,22811.9,22798.2,22856.8,22841,22826.8,22844.3
329,28199,28191.7,28194.9,28191.9,28193.9,28193.8,28176,28178.1,28221.1,28195.7,28196.2,28209.9,28213.4,28208.1,28205.1,28221.7,28210.7
330,23624.3
331,34954.1,34879.6
332,17453.5,17448,17428.8
333,31934.3,32082
334,24837,24841.5,24837.4
335,39701.4
336,35384.4
337,32008.8,32020.8
338,22769,22843.3,22843.9
339,37653.8
340,34220.4
341,25886.9,25877.7
342,25749.5,25708.1,25793.6
343,1355.04,1324.59,1247.27,1206.07,1209.04,1242.65,1232.68,1207.15,1228.48,1255.06,1197.28,1227.8,1200.13,1222.12,1207.88,1232.72,1200.84,1227.54,1199.08,1190.35,1198.23,1202.9,1233.96,1204.09,1253.4,1251.11,1205.56,1236.37,1200.55,1254.7,1241.56,1222.01,1246.9,1200.04,1237.82,1205.27,1216.59,1229.61,1234.31,1270.47,1162.26,1208.37,1228.48,1191.72,1244.1,1170.05,1236.33,1206.32,1206.56,1262.18,1231.09,1200.2,1229.37,1243.21,1233.66,1231.89,1245.7,1216.75,1253.14,1256.99,1212.42,1261.1,1258.01,1228.3,1226.43
344,6546.81
345,26143.6
346,26989.3,26927.9,26963.9,26979,26966.2,26955.1,26990.9,26955.5,26974,26992.6
347,24138,24177.1
348,28991.9
349,26131.1
350,19917.4
351,27285.7
352,5802.17
353,35006
354,30109.9
355,29820.1,29811.8,29833.9,29800.1,29777.4,29806.8
356,18881.8,18858.2,18912.5
357,31836.9
358,30233.8,30227.6
359,27748.9,27730.4,27746.1,27729.9,27733.9,27740.8,27747.8,27740.4,27742.3,27733.7,27721.2,27727.4,27747,27729.6,27716.3,27740.2,27742.7,27747.2,27723.8,27729.5,27738.2,27746.1,27718.2,27733,27723.9
360,15354.5
361,29654.9,29658.6,29677.9,29703.8
362,27819
363,11796.9,11819.5,11791.3
364,25957.9
365,32700
366,30927.3
367,18405.5,18414.8,18364.2,18350.4,18366.9,18345.5,18346.8,18369.2
368,21627,21625.7,21564.3,21629.3,21581.1,21577,21583,21606.7,21581.3,21606.3,21585.3,21592,21570.3,21600.9,21606.5,21611.2,21611,21579,21616.8,21601.8,21611.4,21625.7,21622.9,21625.8,21621.3,21648.7
369,38377.5
370,15655.8
371,946.438,965.742
372,39400.4,39392.8,39407.7,39380.4,39429.9,39400,39378.9,39413.8,39358.1,39395.5,39376.5,39396.8,39389.4,39389.1,39370.2,39423.1,39398,39369.2,39449.1,39389.6,39422.9,39411.1,39404.3,39393.7,39410.4,39414.1,39391.2,39391,39409.3,39436.9,39389.3,39405.2,39403.4,39398.9,39402.1,39418.4,39429.1,39405.6,39404.1
373,32454.8,32405.4,32426.6,32441.2,32472.5,32429.5,32425.4,32415.7,32426.1
374,33287.3
375,26582,26539.3,26531.6,26576.3,26548.7,26534.8,26507.4,26500.4,26512.7,26551,26533.7,26516.9,26500.9,26514.9,26525.4
376,25896.6
377,33975.8,33878.2
378,32739.3,32777.1
379,33764.7
380,40201.1
381,27138.2
382,32432.1
383,34253,34127.8,34124.1,34127.3,34139.7,34133.7,34122.9,34121.8,34112.9,34131.5,34122,34126.6,34133.7,34089.4,34114.7,34138.6,34147.1,34142.9,34130.7,34134.4,34135.4,34125.1,34115.9
384,34341.7
385,34192.8
386,33967.6
387,19182.7,19223.1,19218.7,19227,19238.8,19237.1,19234.4,19253,19263.7,19269.1,19261.5,19268.5,19254.4,19270.7
388,13803.5
389,37652.4
390,27700.3
391,22460
392,22965.7
393,33093
394,25210.4
395,25742,25790.5
396,11859.5,11874.3,11887.2,11885.1,11879,11879.8
397,28998.5
398,12792.1
399,3299.94,3329.94,3315.08,3333.81,3330.32,3312.58,3316.38,3379.24,3351,3348.84,3347.53,3382.7,3317.3,3341.99,3351.97,3313.03,3319.45,3344.03,3355.8,3311.94,3329.7,3346.05,3334.76,3348.58,3332.22,3329.21,3304.48,3298.96,3355.28,3337.5,3362.88,3351.38,3349.64,3348.88,3338.82,3346.02,3352.42,3327.93,3320.36,3361.11,3375.1,3350.26,3382.73,3353.15,3350.96,3346.11,3365.32,3340.97,3348.79,3334.69,3359.47,3339.13,3365.98,3322.2,3340.18,3406.1,3388.91,3311.71,3329.98,3387.51,3389.85,3334.82,3344.74
400,37437.4
401,31770.5,31749.7,31722.2,31705.7,31749.8,31711.4,31725.1,31768.9
402,30466.9
403,30216.9,30200.6
404,10842.5
405,31262.4,31274.5
406,2841.32
407,30702.5,30748.6,30705
408,9208.72,9285.52,9291.26,9255.49,9265.04,9271.35,9252.12,9232.5,9237.13,9245.04,9258.15,9301.26,9287.44,9286.1,9215.21,9286.65,9263.79,9293.04
409,19199.4
410,29442.5,29414.2,29431.7,29400.4,29440.8,29427.3,29447.4,29440.1,29463.6,29449.9,29426,29440.9,29418.4,29418.7,29417.3,29440,29436.5,29453,29438.9,29425.1,29408.9,29421.9,29425.2
411,35707.3,35740.7,35775.2,35738
412,32461.6
413,29208.3
414,15879.5,15903,15923.1,15911,15849.3,15862.1,15875.2,15877.1,15878.4,15884,15877.6,15925,15838.5,15922,15888.7,15865,15926.4,15852.9,15921.2,15899.7,15873
415,28055.7,28076.8
416,29082.8
417,38550.3,38552.6,38562.7,38618.2,38566.3,38591.6,38568,38559.6,38573.9,38564.4,38540.1
418,26987.3
419,31645.6
420,13341.1,13328.7,13346.8,13328.9,13348.2,13346.2,13333,13341.4,13354.8,13345,13370.4,13326.2,13347,13366.6,13332.3,13331.5,13347.5
421,33775.1
422,36592.9
423,36797.1
424,40048.9
425,34359.5
426,27172.4
427,28979
428,34591.2
429,17672.3,17631.8
430,34742.4
431,37663.8
432,25261.4
433,15216.4
434,39635
435,13208.3,13242.1
436,38536.5
437,24490.1,24372.5,24380.3
438,38966
439,24936.5
440,39039.4
441,31645.6
442,11365.1
443,12725.4
444,13855.2
445,29747
446,33016.8
447,30968.6
448,34227
449,22272.2
450,21693
451,33977.3
452,22711.2,22710.5,22731.4,22713.8,22714.1,22743.3,22734.9,22713.3,22719.9,22722.4,22723,22721.5,22722.5,22730.6,22708.1
453,32595.8
454,25614
455,23447.8,23539.4
456,22397
457,22813.2
458,27627.6
459,37480.9
460,9752.25
461,15774.5,15763.2,15775.7
462,19706.6
463,23897.3,23902.8,23956.4
464,11040.7,11071.3
465,37914.5
466,28351.5
467,34871.4
468,12465.7
469,33206.6
470,20613.2
471,15142.5,15108.8,15144.5
472,19867.6,19883
473,4291.46
474,20116.5
475,37315.6,37317.7,37321,37329.6,37288.1,37316.7,37311.8,37337.6,37322.9,37295.7,37315.7,37291.4,37320.2,37310.7,37306.2,37321.9,37291.6,37318.1,37375.1,37311.4,37360.3,37351.6,37374.7,37338.1,37397.4,37378.9,37412,37394.3,37410,37422.7,37391.9
476,998.052,988.505,1023.28
477,15861.1
478,11832.3,11852.7,11867.5,11830.5,11858.7,11827.3,11853.3,11847.4,11853.6,11835.9,11913.6,11861,11826.8,11799.3,11862.3,11890.5,11852,11856.6,11844,11851.1,11829.5,11898.6,11833.5,11872,11844.3,11861.1,11840.6,11844,11831.6,11836.2,11817,11849.3,11847.4,11815.8,11843.1,11860.6,11813.3,11855.8,11819.4,11837.1,11866.6,11838.8,11819.8,11854.1,11854.7,11837.2,11886.8,11854.4,11849,11893.7,11853,11861.3,11868.5,11862.4,11842.9,11881.1,11875.5,11845.1,11861.9,11899.7,11869.3,11872.4,11886.3,11867.3,11891.6,11832.7,11865.6,11845.9,11856.7
479,18931.9,18912.9,18895.7,18882.9,18873,18933.4,18932.9,18898.6,18900.2,18902.9,18887.8,18904,18859.6,18902.8,18880.6,18873.3,18903.1,18898.9,18878,18918.4,18898.1,18926.4,18931.3,18900.6,18830.9,18898.2,18873.8,18889.9,18909.7,18904.7,18890.2,18963.1,18942.9,18875.3,18909.6,18908.8,18922.3,18850,18886.4,18919.9,18903.5,18909.3,18902.9,18939.4,18883.5,18952.5
480,39130
481,30513.2
482,18635.7,18579.2
483,38630.3,38601.9,38547.7,38562.9,38597,38587.7,38652.9
484,21117.4
485,34239.2
486,28541.3
487,25770.6
488,30749.6
489,21064.9,21085.7
490,30815.9
491,37273.9
492,29820.1,29857.9,29853.4,29877,29863.3,29847.8,29861.6,29850.8
493,24171.4
494,30103.1
495,28030.1
496,37889.3,37893.4
497,32642.7,32664.2,32651.9,32660.4,32668.3,32660.2,32681.1,32681.5,32691.6,32670,32672.7,32687.8,32690.2,32656.1,32675.9,32659,32692.6,32686.8,32702.7,32675,32634.5
498,34100.7
499,37561.8,37547.4
500,2375.47,2388.79
501,12360.6
502,30927.4
503,3181.5,3164.51,3151.93,3150.24,3147.36,3164.56,3163.15,3166.37,3178.4,3154.18,3166.9
504,20297,20286.3,20278.3,20283,20261.9,20276.1,20288.4,20284.5,20294.3,20282.3,20263.8,20270.3,20287.3,20290.4,20291.4,20271.5,20297
505,33146.2
506,12827.2
507,28251.3
508,38611.7
509,36412,36330.5,36368.4,36360.6,36360.4,36333.4,36341.7,36374.6,36371.8,36359.9,36362.4
510,31384
511,38626.9
512,27131
513,26097.5
514,33540
515,26220.4
516,26275.5,26247,26277.7,26266.6,26298.1,26277.3,26278.2
517,39405,39408.8,39420.5,39390.7,39405.1,39420.2,39437.3,39420.1,39419.5,39394.1,39391.2,39406.1,39421.8,39417.9,39396,39432.4,39416.9,39437.4,39422.3,39416.9,39391.1,39411.4,39402.9,39392.8,39415.3,39400.4,39400.3,39427.9,39418.1,39441.1,39434.2,39402.3,39413.1,39425.9,39399.3,39402.5,39448.2,39419.8,39461.3,39405.5,39410.9,39443.1,39453.8,39391.5,39420.6
518,29123
519,25755.8,25734.2,25709.6
520,33130
521,6151.24
522,37559.3
523,37687.5
524,36881.4,36876.7,36899.4,36738.1,36758.5
525,24338,24286,24294.4,24344.2
526,21896
527,7775.34
528,31659.8
529,38553.5
530,34905.9,34864.6
531,29809
532,30017
533,33977.6,34010.7,34010.7,34010.7,34025.6,33969.2,34026.7,34030.3
534,771.284
535,28264.5
536,32473.8
537,26500.7
538,17462,17442.2,17466.2,17501,17438.9,17492,17452,17468.6
539,36311.8,36340.3
540,9721.01
541,24672.3,24690.6
542,27952,27960.4,27949.8,27921.4,27938.3,27929.7,27887.3,27932.5,27941.3,27955.7
543,15091.9,15090.6
544,28307.3
545,34813.2
546,17460.4
547,11619.9,11769.1,11718.6,11735.5,11780.8,11812.8,11772.4
548,36292.7
549,38309.7
550,36102.1
551,32737.8
552,4047.93
553,36635.2,36639.6,36623.1,36621.3,36607.9,36622,36593.1,36582.1,36614.6,36607.9,36644.9
554,33021.9,32999.3,33010.7,33005.5,33021.7,33033.3,33010.8,33005.6
555,10119.2
556,26955.7
557,34759.6,34736,34871.1,34861.3
558,32767.1
559,34811.5,34785.9
560,20613.9,20575.7,20587,20578.8,20585.9,20610.3,20607.9
561,27431.8
562,17924.5
563,32191.9
564,8762.21,8760.15
565,29994.1,29959.3
566,33350.9
567,39777.3,39826.1
568,34741.8,34740.8,34752.4
569,36377
570,36545.1
571,36618.3
572,38171.9
573,37828.4,37823.8
574,36393.2
575,24602.5
576,35351.4
577,39676.2,39655.6,39664.3,39690.3,39702.6,39648.8,39624.5,39643.4,39678.7
578,32073.5
579,35275.1
580,16260.7
581,28463.3,28491,28556.3,28539.2,28531,28533.5,28515.5,28543.8,28539,28520.8,28529,28503.3,28510.3,28545.5,28515.9,28539.9,28538.4,28548.8,28568.6,28537.5,28545.7,28542.3,28551.5,28554.4,28519.9,28530.1,28551.2,28564.9,28530.7,28572.9,28527.8,28515.6,28562.8,28524,28547.7,28546.6,28552.6,28575.9,28606.1,28544.8,28554.4,28557.5,28510.6,28531.4,28565.8
582,24296.8,24297.5,24298.3,24266.4,24279.2,24300.2,24285.4,24267.8,24275.2,24286.7,24298.1,24300.7,24345.7,24366.5
583,37103.5,37124.1,37142.9,37122.9,37113.2,37119.6,37140.4,37124.5,37111.1,37133.4
584,1795.75
585,33515.2,33497.7
586,34413
587,1545.86,1609.39
588,40094.7,40120.9,40144.3,40125.1,40087.1,40118.1,40117.5,40105.7,40117,40127.3,40102.6,40129.7,40138.9,40091.4,40131.2,40122.2,40131.6,40115,40121.2,40124,40122.9,40097.4,40106.2,40117.7,40134.6,40104.8,40127.3,40133.7,40128.3,40109.1,40125.4,40119.5,40115.4,40129.3,40116.9,40149.1,40142.7,40155.6,40157,40133.2,40132.9
589,40021
590,28071.7
591,12082.6
592,19294.9,19257.1
593,27311.6
594,31500
595,14617.7
596,37962.2
597,15669.8,15677.5,15705.2,15691,15676.5,15680.3,15686.6,15684.2,15731.7,15664.5,15707.1,15731.3,15696.6,15696.3,15688.7,15718.3,15706.6,15723.2,15737.1,15714.8,15707.7,15754.8,15722.2,15719.9,15690.2,15735.4,15683.7,15718.3,15726.4,15724.2,15709.9,15685.9,15704.2
598,37303.2
599,29554.6
600,19127.1
601,23864.7
602,22666.4,22664.8
603,21343
604,34942.9
605,35481.5,35475.5,35476.3
606,39180.7,39250.9
607,33959.1
608,24413.8
609,33035.2
610,32830.2
611,24397.7
612,23718.7,23737.3,23686.7,23723.3,23746.6,23741.3,23704.6,23642.3
613,26837.3,26862.8,26896.6,26834.4
614,3908.28
615,6887.84,6897.55,6859.63,6897.77,6863.68,6867.59,6847.25,6866.08,6903.61,6857.45,6883.64,6888.63,6874.51,6908.11,6941.55,6871.85
616,13558,13537.7,13511.7,13546.6,13523.4,13503.3,13521.9,13494.4,13568.2,13493.1,13550.2,13539.8,13531.7,13529,13507,13546.4,13535.4,13523.1,13546,13537.6,13524.6,13543.9,13545.7,13580.4,13553,13552.6,13535.3,13573.6,13545.5,13535.4,13541.1,13550.3,13514.3,13570.8,13510.3,13548,13562.3,13542.7,13558.3,13562.2,13561.7,13564.7,13499.2,13526,13571.8
617,32380.8
618,4052.42,4135.83,4094.75,4109.79,4103.74,4154.51,4086.96,4088.21
619,29742.5
620,12819.2
621,23998.5
622,11366.6,11309.4
623,30945.6,30955.3,30938.8,30942,30944.4,30936.2,30971,30974,30949,30920.4,30927.1,30974.3,30963.8,30952,30996.5,30952.6,30955.7,30988.5,30965.2,30940.6,30958.7
624,37396.9
625,11868.3,11811.4,11783.5,11814.1,11799.5,11793.9
626,23510.4
627,20376.6,20380.6,20399.9,20410.3,20393.2
628,34166.3,34156.1,34176.5
629,7967.55
630,31589.6
631,34368
632,31030.6
633,23512.5
634,26645.7
635,20180.9,20182.4,20199.1,20192.6,20224
636,7389.38,7377.69,7389.4,7388.16,7409.44,7386.99,7402.7,7398.6,7424.25,7420.85,7415.1,7441.22,7491.01,7464.05,7457.6
637,23553.9
638,27022.6,27039.4,27023.6,27046,27047.7,27045.7,27055.1,27037.9,27048.6,27051.5,27045.6,27054.4,27036.6,27058.2,27026,27034.6,27033.6,27061.2,27059.7,27066.7,27025.3,27019.1,27050.5,27039.4,26992.9,27057.8,27042,27058.3,27051.9,27072.2,27093.4,27066.1,27079.6,27079.5,27088.9,27078.3
639,16133.6
640,1197.33,1190.95,1220.97,1184.07,1204.67,1216.14,1227.03,1204.5,1223.65
641,30079.4,30077.2
642,20053,20080.8,20067.2,20075,20067.7,20076.2,20077.4,20074.6,20075.5,20066.5,20072.3,20089.6,20076.3,20089.1,20088.9,20086.6,20089.5,20088.6,20060,20076.5,20060.3,20080.5,20076,20094.6,20089.4,20090
643,29715
644,9289.39,9289.26,9293.07
645,7607.27,7625.33,7622.19,7620.01,7670.34,7642.92,7639.4,7636.55,7625.89,7635.84,7652.01,7650.93,7622.61,7617.39,7677.27,7650.23,7672.23
646,15382.8
647,16430.5
648,35616.3,35638.7
649,23461
650,37330.3
651,36281.7
652,37124.4
653,28028.3
654,18951.1
655,31672.6
656,24675,24679.8,24681.4,24686.4,24664.6,24677.5,24679.7,24701.3,24688.7,24689.7,24670.9,24720.2,24665.7,24702,24694.9,24708.6,24676,24672.6,24700.7,24670.3,24737.2,24697.9,24680.2,24710.1,24688,24678.8,24684.1,24688.9,24699.3,24667.7,24688.2,24728.8,24671.8,24715.1,24694.6,24647.1,24669.3,24668,24694.8,24719.9,24703.6,24684.1,24726.5,24693.1,24740.5,24683.4,24708.2,24663.8
657,8159.39
658,35087.3,35105.3,35090.4,35099,35095.6,35101.9,35107.3,35108.4,35104.5,35123.3
659,28516,28546.3,28515.9,28503.4,28492
660,37102.6
661,28818.1
662,33432.7,33541.4
663,23838.4
664,38230
665,31202.3
666,35054.1
667,34653.6
668,24997.3,24995.2,25040.1,24981
669,33140
670,29241.9,29237.3,29230,29260.1,29255.1,29230.8,29259.7,29229.5,29247.9
671,21518.7,21541.6,21509.7,21610.3
672,34625.4,34614.9,34592,34619.5,34584.4
673,30372,30306.3
674,24602.8
675,33560.8
676,37792.5
677,36530
678,5931.47
679,36246.5
680,36148.4
681,18241.2
682,35693.9,35678.3,35708.3,35703.3,35698.6,35706.7,35695,35681.3,35660.1
683,3431.82
684,7732.48
685,6833.85,6845.23,6847.97,6851.25,6835.4,6844.77,6825.15,6830.27,6846.2,6816.71,6825.66,6858.73,6839.86,6849.12
686,37857.8,37847.7,37807.7,37838.8
687,20866.1
688,23093
689,25236.2
690,24873.4
691,32864.3,32856.9,32850.4,32856.8,32871.9,32843.4,32858.9,32854,32822.4,32849.4,32857.6,32890.5,32862.3,32908,32836.3,32870.3,32861.6,32853.9,32843.4,32857.2,32861.2,32854.2,32805.9,32847.4,32880.4,32854.7,32846
692,36362.3
693,39231.1
694,40176
695,16951.9
696,37142.3,37162.2,37158.7
697,35272.6,35271.8,35292.1,35279.2,35300.3,35275.9,35288.6,35288.2
698,24833.8
699,38095
700,23392.3,23347.6,23388.4,23404.6
701,33746.6
702,36935.7
703,32997.9
704,18467.8
705,22798.3
706,22825.3,22718.3,22669.6,22753.3,22692.4,22744.1,22717.8
707,16849.4
708,15745.8,15659.4,15701.5
709,29497.3,29483.3
710,8475.37
711,28401.2,28357,28376.9,28375.5,28361.5
712,18119.6
713,35484.8,35489.1,35506.8,35462.9,35482,35463.2,35473.1,35403.8,35475.1,35456.6,35459.3,35494.1,35480,35485.6,35478.3,35429.5,35477.5,35472.7,35425.4,35478.5,35440.6,35489.1,35487.1,35468,35479.5,35484.6,35455.7,35463.6,35474.3,35503.8,35469.8,35477.5,35513.2,35483.3,35495.1,35512.4,35491.4,35540.4,35460.7
714,3513.01,3448.68,3527.02,3491.13,3474.05,3517.55
715,28909.8,28920.2
716,36263,36218.5
717,38032.6,38090.5
718,8904.94
719,8464.24
720,35839.2
721,9334.78
722,14512.8,14537.5
723,37022.6
724,36190.3
725,36626,36626
726,33919.2
727,26377.6,26336,26365.1,26364.5,26363.4,26364,26361,26351.9,26360.6,26376.2,26357.3,26358.3
728,5614.1
729,13322.1
730,24763.9,24777.9
731,12736.9
732,12551.6
733,1682.25
734,33787.9
735,22125.9
736,27466.4,27414.8,27411,27382,27404.3,27435.2,27417,27424.9,27437.8,27412.8,27406.7,27395.7,27403.3,27440,27412.4,27403.5,27425.1,27401.8,27387,27410.4,27387.7,27419.2,27400.7,27461.1,27376.7,27401.4,27385.5,27415.8,27432.9,27398.5,27393.3,27392.2,27447.4,27418.4,27421.5,27441.6,27459.7,27421.3
737,33776.8
738,20510.4
739,27040.7
740,5958.53,5942.33,5978.34,5932.12,5950.3,5939.76,5977.22,5938.81,5940.67,5942.87,5928.1,5945.09,5949.05,5938.73,5955.31,5952.74,5963.01,5970.72,5948.21,5925.78,5954.23,5945.97,5968.14,5973.93
741,26698.8
742,33272.2,33287.2,33315.9
743,34822.8
744,6715.23
745,21649.6
746,22729.9,22719.8,22755.9,22722.3,22735.9,22730.3
747,22778.6
748,33910.1,33875.4
749,26396.6,26377.2,26408.3,26411.2,26409,26404.7,26423.2,26434.1,26434.8,26421.3,26401.1,26413.2,26384.4,26416,26440,26435,26399.9,26409.5,26431.1,26399.2,26428.3,26405.3,26416.2,26396.4,26444.5,26417.6,26384.4,26386,26394.8,26407,26425.3,26447.1,26399.4,26417,26382.3,26394.4,26436.7,26430.9,26438.5,26427.1,26391.3,26410.8,26413.6,26409.6,26393.7,26426,26421.6,26420.6,26422.8,26398.6,26394.1,26413.3,26390,26404.8,26438.6,26435,26381.4,26445.9,26418.9,26424,26455.3,26428.5,26393.6,26406.2,26408,26419.9,26411.8,26399.2,26443.8,26411.2,26429.9,26416.6,26406.4,26419.9,26422.3,26392.6,26432.6,26417.7,26392.5,26428.7,26420.1,26454.3,26430.5,26426.5,26445.2,26441.9,26430.7,26427,26410.8,26433.4,26434.9,26390.1,26428.6,26424.8,26423,26431.3,26376.2
750,29864.4
751,30560.9,30569.9,30559.8,30550.3,30603.8,30590.9,30551.6,30565.2,30572.5,30564.7,30556.7,30557.5,30550.7,30578.8,30592.4,30575.8,30568.2,30568.9,30550.1,30567.8,30548.5,30560.5,30601,30595.2,30558.2,30538.5,30569,30592.5,30584,30583.2,30573.7,30575.4,30555,30563.7,30577.4,30565.7,30593.2,30575.1,30577.9,30563,30589,30582.4,30572.8,30570.5,30567.3,30577.4,30604.5,30578.7,30585.7,30660.3,30614.1,30661.7,30622.7,30608.9,30596.1,30599,30596.5,30594.2,30579.1,30613.5,30606.4,30613.6,30610.5,30593.4,30631.5,30629.8,30623.3,30584.4,30617.3,30552.6,30575.1,30568.4
752,31975.9
753,20773.7,20761.5,20743.3,20715.3,20742.5,20774.3,20755.2,20756.4,20729.6,20764.2,20757.2,20741.6,20731.4,20745.2,20776.2,20753.9,20764.5,20770.8,20743.2,20734.2,20727.7,20745.1,20746.7,20770,20743.2,20751.7,20746.3,20739.2,20746.1,20762.9,20784.1,20768,20760,20783.3,20770.7,20785.7,20751.3,20730.8,20811.2,20768,20761.2,20788.2,20772,20770,20785.9,20798.6,20757.6,20749.8,20769.9,20758.2,20735,20815.7,20746.4
754,25030.4
755,39267.4,39251.1,39255.1
756,26377.5,26367.1,26355.4,26375.8
757,33047.1
758,35945.8
759,20665
760,33956.8
761,28059.7
762,18151.5,18115.9
763,33550.8
764,35601.2
765,36001.5
766,39464.8
767,34162.6
768,38178.1
769,4908.29
770,3833.48
771,14655.9
772,33069.9,33076.5,33107.1,33082.5,33077.3,33096.8,33062,33072.4,33078,33068.4,33084.5,33082.3,33083.9,33079.4,33069.5,33077.6,33083.2,33077.6,33082.5,33096.9,33093.8,33071,33092.2,33102.5,33110.2,33052.4
773,33198.6
774,36926.2,36817.4,36894.9
775,28301.4,28345.5,28346.2,28307.9,28334.3,28324.4,28323.3,28322.1,28349.1,28347.7,28324.5,28343,28329.1,28329.4,28336.9,28305.2,28321.4,28369.9,28333.9
776,33569.5,33572.3,33511.3
777,34397.7,34363.8,34409.4,34387.3,34393.1
778,23395.9,23413.9,23408.7,23411.9,23388.8,23397.3,23386,23414.4,23385.1,23376.2
779,3654.04
780,23282.7,23292.9,23271.5,23292,23293.4,23296.3,23299.1,23297.4,23297.8,23305.1,23323.1,23301.6,23287.4,23309.7
781,5655.18,5654.64,5725.81
782,21652.3
783,22727.4,22750.1
784,29065.2
785,32298.2
786,27605.4
787,31205.3
788,18309.5
789,19763.9,19771.1
790,33791.9,33788.4,33813.1,33784.6
791,33435.6
792,35819.8
793,12409.8
794,5621.16,5714.37
795,36271.3
796,36249.5
797,18830.1,18866.8,18807.8,18857.1,18817.7,18860.8,18822.8,18872.1,18822.4,18860.3,18844.5,18861.8,18846.3,18879.5,18826.9,18799.1,18807.5,18864.7,18839.8,18846.7,18882.5,18873,18877.4,18909.4,18880.4,18862.5,18860.5,18845.3
798,35746.7
799,35400.5
800,10842.9
801,26403.2,26408.3,26436.2,26419.6,26407.9,26413.9,26404.6,26412.4,26415.5,26416.9,26413.4,26441.6
802,7199.56
803,38514.5
804,33532.6
805,13326.4
806,26007.4
807,14967.9
808,26477.9
809,40309.1
810,23758
811,23955.7
812,19570.7,19663.1,19658.8,19672.1,19653.3,19656.2,19607.2,19637.5,19663.1,19647.3,19645.6,19677.4,19600.6,19646.6,19711,19701.1,19638.2,19656.5,19655.8,19647.6,19650.9,19659.4,19652.7,19669.4,19683.8,19686,19639.7,19649.5,19663.5,19648.2,19620.1,19617.6,19648.5,19610.9,19651,19614.5,19657.3,19673.1,19654.9,19663.7,19712.3,19686.8,19661.5,19697.8,19669,19662.8,19623.9,19657.3,19643.5,19638.9,19690.2,19675.2,19684.8,19679.4,19675.2,19692.3,19645.4,19669.2,19625.6,19676.6,19655.6,19659.5,19680.9,19709.2,19686.2,19645.1,19654.1
813,26866.9,26850.7,26866.3,26866.3
814,39511.2
815,39250.5,39357.4,39388.3,39373.7,39330,39332.1,39367.3,39367.8,39366.3,39334.2,39346.2,39375.4,39345.8,39359.1,39386.7,39341.7,39368.9,39376.3
816,23576.6,23706.1
817,18140.4,18175.1,18166.8,18154.2,18161,18156.8,18162.4,18156.5,18142.5,18142.8,18168.8,18152.8,18150.7,18186.1,18175.1,18154.7,18133.6,18161
818,29104.8,29119.7,29090.5,29121.8,29132.2,29135.5,29141.3,29115.7,29128,29121.4,29141.9,29136.3
819,9624.61,9581.65,9614.21,9619.12
820,33771.8,33798.4
821,780.487
822,24681.3
823,30728
824,11348.2,11414.3
825,30052.3,29905.3
826,12043.3
827,32963.9,32867.4
828,14986.2
829,33927.8
830,11790.2,11812.4
831,21924
832,21274.4
833,17148
834,40277.8
835,26911.1,26910.4
836,25873
837,9224.74
838,32573.4
839,37995.3
840,9783.1,9841.96
841,22240.4,22208.3,22217,22193.1,22234.4,22241.4,22229.5,22238.9,22241.3,22215.1,22218.4,22233,22234.4,22228.2,22236.5
842,34206.8
843,31489.1
844,25795.4
845,25945.8,25899.5,25927.6,25932.5,25950.8,25908.7,25930.5
846,2811.23,2806.33,2824.89,2842.48,2839.28,2839.07
847,10806.1
848,5352.85,5337.8,5333.46,5330.72,5341.84,5319.77
849,6883.99,6907.86,6912.86,6898.83,6865.53,6897.47,6896.95,6898.6,6928.39,6893.47,6900.28,6878.06,6904.83,6910.87,6940.44,6850.33,6859.89,6882.88,6907.12,6917.58,6903.99,6946.07,6907.34,6911.39,6886.7,6875.6,6917.18,6916.53,6890.37,6876.7
850,27201.1,27243,27252.3,27248.2,27239,27247.2,27276.6,27241.3,27212.4,27236.6,27243.1,27269.3,27247.3,27249.7,27264.2
851,33330.4,33321.2,33312.6,33272.5
852,16890.2,16898.6,16871.4,16919.5,16902.6
853,1473.64
854,31401.3
855,38960.4
856,39604.2
857,14444.1
858,13186.7
859,28899
860,18228.7
861,31444.3,31560.7
862,29476,29468.6,29477,29487.6,29465.7,29516.5,29507.8,29518.8,29490.6,29481.6,29475.6,29484.3,29464.2,29500.9,29492.8,29500.8,29500.9,29502.1,29473.6
863,22442.7,22390.3,22456,22437.4
864,35653.9,35654.6,35640.4,35646.2,35678.5,35647,35651,35661.4,35613.2,35633.8,35664,35641.1,35624.7,35650,35683.6,35664.8,35670.3,35667,35635.2,35663.9
865,27851.2,27881.4,27841
866,22019.5
867,15806.1
868,23657.4
869,12162.6
870,20823.8,20795.1,20787.7,20771.3,20793.1,20803.8,20772.6,20788.8,20782.9,20784.1,20820.2,20777,20831,20825,20795.8,20781.3,20803.3,20785.9,20812.1,20810.6,20801.9,20784.2,20818.2,20774.1
871,21146
872,38060.9,38063.8,38050.5,38041.1,38041.8,38063.6,38058.7,38042.7,38047.2,38083,38079.1,38052.4,38067.9,38077.1,38075.9,38055.9,38055.9,38073.5,38086.1,38042.3,38075.3,38038.9,37999.6,38048.8,38073.4,38054.2,38049.7,38059.4,38066.3,38072.1,38043.1,38047.1,38059.1,38063.5,38064.8,38082.9,38062.4,38059.7,38088.5,38059.4,38019,38071.4,38044.2,38068.7,38088.8,38038.1,38074.7,38062,38070.2,38079.6,38097.9,38058.4,38050.5,38086.8,38048.1,38025.9,38052.7,38125.5,38097.9
873,19089.3
874,27478.2
875,19217
876,26408.3,26430.8,26403.1,26429.5,26402.2,26417.1,26409.1,26421.7,26433.2,26410.7,26454.2,26407.2,26430.5,26424.1,26417.1,26429,26414.9,26425.9,26421.8,26454.2,26453.1,26435.4,26429.6,26441.6,26449.3,26442.1,26409.5,26462.2,26388.4,26436.1,26412,26439.8,26418.9,26426.6,26410,26446.6,26421.2,26437.8,26424.3,26417.3,26420.6,26433.1,26429.9,26411.5,26464.4,26432.3,26456.7,26471.4,26443.3,26427.6,26445.5,26422,26421.1,26452.1,26412.5,26454,26434.3,26452.3,26455,26451.7,26451.2,26425,26427,26474.6,26473.3,26484.4,26468,26444.1,26443.7,26441.5,26447.6,26441.7,26462.8,26448,26479,26472.8,26472,26439.7,26430.3,26463.8,26446.6,26464.8,26462,26461.7,26451.7,26470.2,26456.9,26446.2
877,27378
878,31707.3
879,31620.3
880,19139.2
881,20995
882,34431.3
883,30028.7,30058.1,30054.9,29995.5,30022.6,30053.1,30041.3,30017.2,30053.6,29985.6,30028.2,30027.8,30069.3,30017,30024.3,30038.8,30032.6,30021.9,29999.2,30038.7,30000.9
884,7804.63
885,28204.6
886,17442.6,17432.3
887,16200.1
888,13150.4
889,17334.1
890,37340.6,37382.7
891,37442.1,37460.6,37449.1
892,33639.8,33633.7,33657.6,33638.8
893,27987
894,26818.3
895,35244.3
896,39221,39223.8,39217.7,39211,39214.1,39180.9
897,22543.6
898,27523.4,27519.1,27491.9,27505.1
899,33486.1
900,24551
901,40046.4,40049.2,40032.9
902,20397.8,20442.1
903,22329.9,22338.6,22340.3,22316.1,22348.9,22350.6,22368.9,22344.3
904,32269.4
905,31737.2
906,15160.8
907,14873.8,14897.4,14875.9,14859.1
908,29658.7,29658.1,29668.8,29675.4,29693.2,29644,29657.4,29711.6,29657.6,29660.2,29660.1,29668.7,29665.2,29655.1,29678.6,29654.3,29665.4,29659.5,29686.9,29687.4,29659.2,29665.2,29663.3,29655.6,29677.2,29672.6,29675.3,29665.3,29654.9,29664.5,29657.1,29674.3,29653.7,29651.5,29672,29670.2,29666.1,29682.7,29656,29648.4,29669.6,29665.8,29668,29665.7,29656.8,29653,29704.5,29654.1,29672.3,29670.2,29681.6,29668.7,29662.8,29659.4,29659,29677.5,29655.9,29664.8,29662.8,29665.8,29653,29681.5,29682.6,29675.8,29674.8,29669.2
909,28983.3,28965.8,28975.5,28986.8,28986.7,28971.7,28966.7,28962.4,28971.4,28980.5,28961.5,28976.5,28989.1,28979.8,28993.8,28992.2,28977.8,28979.9,28995,29019.6,28990,29007.2,29027.5,28963.3,29019.5,28963.1,28948.3
910,30524.4,30545.7,30544.2,30554.1,30533.6,30598.4,30561.8,30559.5,30516.2,30570.9,30568.7,30570.2,30568.1,30554.7,30560.3,30564.7,30585.1,30592.2,30572.1,30576.7,30507.7,30548.9,30564.3,30552.2,30586.5,30556.7,30568.7,30581.2
911,36717.1,36724.5
912,33630.1
913,27019.7
914,29410.6
915,39315.5,39275.5,39293.1
916,40229.5
917,19205.1,19207.3,19181.2,19180.2,19160.6,19196.1,19188.1
918,40120
919,34586.2
920,39835.9
921,21014.9
922,38131.4
923,38523.8
924,28868
925,22853.3,22828.5,22806.4,22840.2,22847.2,22841.9,22817,22842.6,22845.9,22873.5,22839,22834,22815.7,22783.4,22841.3,22845.4,22843.2,22838.1,22845.6,22843.1,22842.7,22869.3,22849.3,22832.7,22845.9,22821.9,22855.5,22842.3,22817.3,22847.9,22833.6,22849.4,22850.3,22854.9,22839,22857.6,22845.4,22832.5,22863.7,22829.3,22855.4,22833.9,22819.8,22854.4,22862.6,22837.8,22869.1,22866.8,22821.2,22864.2,22861.2,22852.8,22825.7,22858.5,22845.7,22837.2,22960.7,22850.2
926,37607.2,37618.2,37598.9,37599.2,37604.6,37626,37600.3,37627.9,37615.6,37596.2,37626.9,37589.1,37611.5,37614,37609.5,37601.5,37591.7,37612,37593.2,37607.8,37613.2,37602.4,37603.3,37604.8,37617.7,37587.3,37606.1,37641,37607.2,37601.3,37606.2,37629,37616.8,37586.1,37626.4,37622.4,37620.4,37623.5,37608.3,37591.4,37639.5,37631.3,37616.8,37604.3,37638.5,37625.3,37636.3,37613.9,37629.1,37612.5,37616.3,37630,37611.5
927,21892.8
928,25605.9
929,33435.2
930,33902.1,33875.5
931,33891.1
932,33784.9
933,28390.3,28438.2
934,39420.5,39427.8,39447.7,39433.9,39433.7,39412.6,39471,39439.6,39420.8,39443.2,39436.1,39422.3,39455.8,39440.2,39434.3,39446.9,39483.7,39463.1,39445.3,39446.9,39452.9,39440.1,39436.8,39446.3,39459.2,39427.6,39431.2,39461.3,39457.2,39435.8,39441.5,39455,39455.5,39418.5,39455.7,39412.1,39435,39433.7,39451.8,39489.5,39456.5,39481.7,39438.1,39468.9,39437.5,39470,39469.8,39478.9,39466.4,39452.7,39440.8,39474.7,39485.2,39429.5,39425.8,39435.1,39406.4,39469.8,39456.6,39463.1,39426.1,39465.7,39449.2,39454.4,39445.4,39461,39459.5,39441.3,39434.7
935,28786.1,28712.5,28762.3,28736.9
936,12921.8,12874.8
937,30020.9
938,17787.6,17770.7
939,26886
940,14860.8
941,35776.7
942,5260
943,23850.4
944,8976.6
945,22707.5,22689.9,22710.8,22684.5,22692.6,22703.2,22700.1,22694.1,22704,22715.1,22688.3
946,21744.8,21690.2,21730.3
947,6073.89,6066.5,6070.34
948,26962.1
949,25546.7
950,37056
951,24060.9,24065.1,24107.3,24064.1,24079.7,24046.1,24051.8,24062.9,24049.7,24050.4,24021.1,24036,24057.2,24039.3,24054,24051.5
952,38083.3,38127.2
953,38332.7,38376.2,38366,38353.1,38320.6,38302.5,38317.1
954,8548.26
955,20521.7
956,16439.8,16443.1
957,36536.9
958,34482.9
959,29917.3
960,40043.7,40025.5
961,34100
962,29000.9,29049.6,29039.9,29017.8,29024.9,29020.2,29060.8,29037,29026.9,29061.3,29031.1,29057.2,29046.8,29051.6
963,28890.8
964,27352.6
965,26972.8
966,26213.6
967,35882.3,35998.7,35967.1,35989.7
968,12407.9,12437.7,12444.1,12398,12437.6,12427.2,12425.1,12405.2,12442.8,12421.9,12430.8,12425,12409,12433.7
969,30705.9,30681.8,30742.9,30698.9,30695.7,30706.9,30702,30706.7,30683.2,30689.1,30707.4,30688.5,30693.8,30702.5,30702.3,30689.3,30698,30673.1,30685.1,30687.2,30700.5,30695.1,30690.8,30700,30694.7,30684.2,30667.7,30683.2,30754.4,30744.8,30722.9,30699.8,30707,30673.7,30635.7,30688.5,30721.6,30642.9
970,33168.3
971,35117
972,33129
973,29891.1
974,36576.5
975,39884.9
976,35346.6,35321.2
977,38691.2
978,37674.5
979,38859.8
980,37048
981,38207.2
982,23137.9
983,22623.9
984,38546.2,38578.9,38571.2,38564.3,38568.5,38552.9,38577.6,38572.1,38573.2,38571.7,38575.7,38547.5,38600.9,38563.2,38566.4,38572,38553.8,38562.3,38569.8,38579.6,38557.9,38582.5,38541.6,38562,38557.6,38646.2
985,12540
986,36630.4
987,28836.8,28800.9,28804.2,28831.7
988,33116.1,33247.2,33230.2,33211.6,33263.7
989,18068.3
990,35787.4
991,36840
992,33452.5,33457.2,33447.4,33451.8,33435.9
993,36499,36516.1
994,5239.09,5244.28
995,17147.3
996,26840.6
997,39791.3,39763
998,6561.33
999,38882.5,38882.3,38895.3,38864.5,38880.5,38867.8,38876.3,38872.7,38850,38883.2,38887.2,38881.6,38893.6
1000,38800
1001,22833
1002,29430.1
1003,35933.5,35951,35939.3,35919,35941.3,35931.9,35928.7,35934.2,35912.9,35949.2,35914.4,35928.1
1004,28587.3,28612.5,28598.1,28599.6,28593.8,28606.5
1005,37537.9,37554,37549.8,37542.9,37559.2,37539.5,37552.6,37582.5,37547.4,37538.5,37572.4,37552,37544,37559.4,37554.3,37565.2,37547.9,37513.3,37528.1,37535.8,37537.7,37549.4,37578.3,37575.1,37568.3,37556,37593.9,37562.2,37545.6,37572.1,37545.4,37571.1,37540.1,37565.4,37560.5,37566.5,37548.7,37552.8
1006,16077.9
1007,17111.2
1008,17282.4
1009,4846.87
1010,19564.8
1011,26138.6
1012,38076.5
1013,32650.8
1014,37281.7
1015,39680
1016,32853.1
1017,16986.2
1018,33951.6
1019,3222.48,3321.74,3337.04,3316.23,3294.92,3321.83,3310.52,3315.51,3335.61,3330.89,3328.97,3336.29,3339.87,3332.78
1020,32104.2
1021,34727,34706.3,34632.2,34535.8,34505.9,34488
1022,27692.1
1023,24635.8
1024,33411
1025,31907.7,31933.9,31933.8,31906.7,31907.3,31953.4,31971,31948.9,31921.5,31949.2,31921.3,31929.9,31919.2,31921.5,31937.8,31934.1,31937.5,31951.6,31916.4,31932.9
1026,27849.2,27815.2,27830.3
1027,27547.2,27566.7
1028,37407.8,37395.3,37326.5
1029,30664.8
1030,32929.9
1031,32090.1
1032,25824.5
1033,34219.7
1034,28735,28729.1
1035,39512.4,39507.2,39513.6
1036,24184.6
1037,21071.7
1038,28667.5,28615.6,28642.7,28650.4,28606.4,28648.7,28633.8,28606.6,28632.4,28639.6,28660.4,28629.9,28649.1,28615.6,28642.3,28657.2,28647,28641.1,28642.2,28627,28634.9,28623,28638,28636.3,28674.3,28642.5,28657.3,28646.8,28671.5,28639,28627.3,28674.3,28645.1,28660.1,28658.6,28656.8
1039,35352.8,35382,35355.2,35419.2
1040,39710.3
1041,9189.54
1042,32096.3
1043,28508.6,28536.7,28524.2,28561.8,28543.5,28523.6,28576.2,28524.7,28565.9,28549.6,28549
1044,5553.72,5605.67
1045,19710.5
1046,16604.3
1047,36466
1048,25510
1049,16723.2
1050,35282.3
1051,31893.7
1052,20553.6,20545.9,20538.4,20553,20523.3,20529.7,20523.2,20566.3,20536.2
1053,32106.1
1054,32444.6
1055,35670.9
1056,38511.4
1057,24927.7,24905,24950.6
1058,25512.6,25522.9
1059,1587.63
1060,24493.4
1061,33782.4
1062,22988.1
1063,22845.3
1064,38049.9
1065,10454.9,10447.2
1066,33229.1,33252.1
1067,22151.7,22150.1,22161.7
1068,38311
1069,28851.2
1070,29562.8
1071,36826.4
1072,31569.2,31581.8,31592.9,31586.2,31582.3,31616.9,31609.3,31574.1,31607.4,31591.6,31591,31591.7,31567.2,31597,31597.4,31585.5,31581.1,31593.5
1073,29548.6,29475.7
1074,36511.2
1075,22002.4,22048.3
1076,22961.8
1077,39883.1
1078,38546.9
1079,35486.9,35488.6,35532.1
1080,11672.5
1081,10140.8,10111.4,10157.6,10126.1,10112.9,10115.1,10101.9,10118.9,10116,10106.6,10098.8,10148.6,10114,10121.6,10125.7,10118.8,10136.1,10097.3,10102.8,10136.4,10139.3,10159.7,10163.2,10124.9,10138.8,10121.8,10145.4,10102.4,10096.5,10135.2,10127.2,10171.6,10144.9,10105.5,10138.6,10153,10109.8,10078.4,10137.7,10135.5,10118.8,10130,10081.3,10122.4,10122.8,10112.8,10166.7,10154.8,10106,10162.8,10102.7,10093.9,10171.3,10129.1,10152.6,10063.5,10158.7,10107.2,10123.2
1082,19865.7
1083,20039.7
1084,21310.2,21282.8
1085,33907.7,33931
1086,35569.1,35558.4,35554.9,35541.6,35567.7,35521,35528.2,35512.3,35532.7,35575.7,35546,35616.5,35514.5,35577,35532.8,35563.8
1087,33427
1088,16198.6
1089,19553.4
1090,22246.4,22242.6
1091,30987,31009,30979.8,31010.5
1092,25187.1
1093,27621.9,27611.7,27583.7,27634.9,27620.3,27578.3,27644.3,27644,27613.8,27630.5,27626.2,27609.9,27626,27605.2,27641.5,27591.8,27640.1,27620.5,27629.1,27637.4,27629.3,27606.4,27626.8,27621.6,27623,27644.2,27613
1094,27147.5,27111.5,27079,27109,27115.8
1095,24202.7,24312.9
1096,25919.9
1097,13531.9
1098,30022.2,30023.9,29986.5,30034.5,30036.8,30070.5,30072.7,30045.9,30037.6,30048.5,29989.7,30066.2,30052.9,30039.8,30066.2,30053.2,30060.4,30044.9,30045.6,30058.1,30047.9,30059,30061.3,30050.1,30029.3
1099,23255.4,23220.4,23207.7,23160.4,23200.6,23193.2,23199.4,23220.7,23216.1,23211.9,23213.9,23208.1,23241.3,23234.2,23233.2,23255.4,23210.1,23240,23202.3,23225.9,23215.2,23205.3,23229.6,23187.3,23207.6,23261.8,23210.7,23205.7,23215.6,23200.6,23229.3,23215.1
1100,32102.4
1101,26674.5,26652.4,26647.9
1102,27861.9
1103,38654.6
1104,31729,31763.5
1105,26339.5
1106,13153.8
1107,9611.37
1108,21808.8,21762.9,21783.6,21758.4,21759.9,21761.1
1109,28896.6
1110,27807.4
1111,22838.2,22836.3
1112,6482.78,6550.81,6576.23
1113,26676.5
1114,35401.2
1115,38280.5
1116,20413.4,20378.8,20410.9,20437.7,20423.2,20402.4,20411.6,20410.8,20399.7,20421.3,20396.9,20398.9,20398.1,20415.9,20409.9,20420.1,20432,20414.9,20421.5,20410.7,20410.2,20387.8,20403.1,20414.2,20408.6,20427.8,20412.6,20418.3,20417.7,20427.7,20393.4,20418.8,20403.3,20409.9,20402.9,20418.5,20405.2,20418.3,20420.3,20419.5,20420.8,20424.2,20437.3,20433.1,20437.2
1117,13303.9
1118,39037.2
1119,11337.3
1120,35940.6
1121,2040.84
1122,28394.7,28383.3,28363.2
1123,33313.7,33294.5
1124,34455.2
1125,24217.8,24212.9
1126,39425.5
1127,15819.4
1128,6305.32
1129,24578.1
1130,23364
1131,39675.2
1132,22207.3,22242.5,22244.5,22231.1,22234.9,22214.8,22240.4
1133,39135.2
1134,16758.2
1135,5498.29
1136,23993.5,24020.7,24010.3,24006.1,24001.2,24007,23999.9,24009.5
1137,13775.2
1138,32867.4
1139,17482.5,17546.7,17505.4,17539.1,17537.4,17527.5,17514.9,17548.9,17607.6,17572.9,17571.7,17531.5,17548.4
1140,31255.6,31211.5
1141,27956.5
1142,22807.1
1143,29223.5
1144,38099.6
1145,34641.9
1146,30503.7
1147,39641.4,39649.9,39641,39667.4,39647.4,39642.3,39650,39649.8,39613.3,39644.8,39649.4,39653.9,39672.2,39651.4,39662.2,39623.4,39627.9,39644.9,39647.7,39627.4,39628,39657.7,39645.2,39632.4,39633.4,39623.6,39623.4,39624.3
1148,24449.2
1149,8959.34
1150,9409.63
1151,9078.43
1152,24591.4
1153,5438.86
1154,32985.8
1155,24327.6,24349.6,24307.2,24334.4,24322.6,24337.2,24331.3,24325.5,24339.7
1156,18533.6
1157,24695.5,24671.6,24723.7,24703.3,24705.1
1158,36621.8
1159,24712.1
1160,1034.94,981.355,983.854,1008.19
1161,40236.1,40223,40233.2
1162,4086.6
1163,18478.7
1164,33509.1
1165,29485.3
1166,37934.4,37918.6,37936.4,37935.3,37946.1,37936.7,37946.7,37918.7,37945.2,37939.1,37929.4,37941.8,37920.6
1167,13350.1,13369.4
1168,7736.47,7732.72,7776.92,7720.05,7721.98,7750.84,7750.3,7714.89,7737.05,7728.95,7732.74,7732.27,7718.32,7727.38,7718.74,7758.13,7763.61,7731.87,7722.09,7731.22,7751.81,7765.71,7753.64
1169,16593.9,16583.6
1170,30751.8
1171,34607
1172,35305.9
1173,24467.7
1174,32101.8
1175,29573.4
1176,22595.4
1177,11613.7
1178,19128.4
1179,16309.7,16262.1,16302.9,16259.1,16344.2,16223.5,16253.1,16293.5
1180,34858.9
1181,35103.3,35100.1
1182,27354.4,27397.9
1183,30693
1184,15801.6,15837
1185,12328.9
1186,34915.2,34995.6
1187,15235.3
1188,31147.7
1189,40013.8,40005.8,40039.3,40093,40041.7,40031,40070.9,40061.2,40013.1,40029.8,40027.5,40056.5
1190,28501.6,28489.2
1191,30385.5
1192,30109.3
1193,25024.3
1194,33759.6
1195,39911.9
1196,7172.3,7164.72,7208.69,7163.64,7174.61,7145.67,7142.55,7166.35
1197,4167.85
1198,20638.8,20644.2,20617.7,20621.2,20671.6,20611.5,20591.4,20617.1,20586.2,20643.2,20593.4,20646,20615.9,20621
1199,36889.9
1200,979.653,961.008,1000.61,965.586
1201,39857.5
1202,9312.54
1203,35322.6
1204,25988.3
1205,25886.9,25900.7
1206,27233.6,27270.8,27242.5,27226.2
1207,35602.9,35538
1208,29258.8,29354.4,29358,29288.8,29320.1,29321.8,29304.7,29288.6,29303.1,29287.5,29311.3
1209,20924.5,20945.3,20934.7,20940.9,20911.2
1210,26072.9
1211,13323.3,13314.6,13331,13303.3,13294.3
1212,25520.5
1213,6470.69
1214,32001.5,31969.1,31994.7,31998.9,32000.4,32017.6,32010.6,32017.5,32003.2,32027.8,31972.3,32034.9
1215,34551.2
1216,10749.1
1217,34502.3
1218,35471.8
1219,31492.2
1220,20588.3
1221,19704.5
1222,4143.55,4140.37,4142.71,4140.82,4149.69,4160.93,4152.49
1223,38155.9,38138
1224,29325.5
1225,28235.4
1226,7720.8
1227,2370.96
1228,29256.8
1229,33316.4
1230,24617.4
1231,32280.4,32306.7,32311.6,32299.5,32322.1,32277.8
1232,34725,34733.3,34723.8,34722,34722.1,34728.5,34743.7,34712.7
1233,27118.2,27162.6,27164,27145.4,27129.1,27193.4,27147.7,27101.4,27160.1,27153.1,27131.3,27125.5,27100.6,27148.9
1234,6811.24,6871.46,6839.68
1235,28975.7
1236,34082.8
1237,22321.3
1238,24105.8
1239,36794.9
1240,25034.5
1241,24125.1
1242,24664
1243,38759.3
1244,32754.5
1245,25771.9
1246,25769
1247,33605
1248,28168.7
1249,28140.7,28153.3,28191.3
1250,27733
1251,29886.4
1252,24586.9
1253,15869.9
1254,22428.6
1255,16212.8,16225.7,16207.1,16240.3,16191.1,16252
1256,36214.4,36243
