1,8648.92,8628.26,8638.76,8700.35,8636.46,8647.38,8656.01,8662.56
2,5158.25,5144.5,5143.68,5130.33,5141.56,5143.88,5142.58,5121.69,5139.17,5135.05,5141.74,5132.17,5130.73,5150.38,5123.55,5122.84,5142.73,5125.74,5136.35,5140.11,5137.07,5145.3,5133.08,5139.7,5143.39,5138.48,5137.62,5130.3,5145.19,5143.11,5129,5136.14,5133.83,5133.09,5150.04,5138.13,5149.7,5128.79,5128.2,5137.55,5141.38,5126.41,5130.96,5138.98,5146.35,5117.82,5131.5,5143.24,5136.24,5139.63,5122.65,5121.56,5155.13,5132.96,5133.29,5131.79,5132.48,5145.16,5133.81,5134.62,5154.2,5141.87,5148.67,5141.31,5139.33,5143.75,5140.11,5131.15,5148.62,5143.81,5154.99,5143.75,5143.45,5140.34,5139.07,5131.49,5133.5,5153.9,5143.2,5144.79,5147.2,5145.87,5137.96,5131.56,5145.5,5137.21,5141.55,5143.12,5139.21,5148.1,5140.98,5125.14,5141.81,5141.55,5144.95,5136.15,5136.83,5138.6,5146.49,5138.21,5135.6,5146.63,5142.11,5137.21,5139.57,5161.2,5126.97,5153.21,5143.56,5123.21,5138.74,5144.62,5150.64,5147.27,5132.88,5151.48,5162.94,5150.69,5135.59,5152.98,5127.98,5133.62,5125.87,5160.91,5140.08,5146.31,5133.18,5144.54,5137.47,5145.5,5149.98,5155.42,5149.24,5140.78,5131.57,5145.28,5138.73,5149.68,5143.33,5143.31,5154.95,5145.76,5150.86,5154.18,5140.14,5128.09,5136.31,5138.18,5143.9,5146.61,5155.64,5146.74,5135.65,5151.57,5134.91,5131.5,5148.25,5147.03,5164.92,5137.18,5150.47,5141.46,5151.96,5147.32,5129.05,5155.89,5140.4,5131.9,5154.95,5139.72,5151.31,5145.82,5146.3,5151.55,5133.96,5143.19,5139.78,5143.06,5147.34,5156.88,5147.56,5139.74,5133.97,5146.5,5147.23,5132.86,5156.06,5140.42,5139.82,5136.19,5156.35,5148.88,5152.2,5151.59,5143.07,5147.4,5143.6,5128.88,5140.31,5135.51,5128.04,5150.48,5165.36,5148.53,5147.31,5152.8,5152.81,5135.07,5157.93,5132.15,5158.91,5149.97,5154.98,5130.72,5138.92,5155.26,5140.51,5136.73,5151.02,5138.43,5139.7,5151.38,5151.23,5158.58,5141.3,5134.82,5146.39,5155.79,5139.69,5146.34,5150.32,5148.46,5159.2,5141.66,5160.06,5143.5,5150.97,5155.17,5159.32,5142.88,5141.92,5135.93,5139.21,5155.79,5150.74,5151.03,5146.16,5140.26,5161.47,5140.16,5142.17,5147.15,5159.63,5140.6,5141.4,5133,5130.92,5136.47,5149.99,5127.12,5134.72,5137.83,5149.87,5148,5151.16,5147.96,5165.11,5126.14,5138.29,5143.96,5144.47,5147.22,5142.81,5150.26,5145.37,5134.21,5167.12,5138.07,5145.98,5149.54,5144.65,5135.48,5162.07,5152.14,5150.75,5156.86,5148.1,5148.63,5134.57,5137.32,5139.69,5138.89,5149.14,5153.19,5156.81,5167.18,5148.28,5146.81,5158.95,5140.39,5142.14,5143.43,5153.36,5155.97,5168.23,5142.29,5144.77,5143.47,5141.29,5140.17,5146.68,5143.65,5148.89,5141.06,5148.78,5146.25,5152.61,5153.81,5155.96,5150.61,5154.14,5144.2,5153.39,5163.71,5150.19,5139.07,5136.05,5147.35,5155.66,5151.02,5136.72,5162.93,5151.54,5132.48,5136.83,5143.52,5139.47,5150.37,5138.43,5141.75,5127.76,5137.51,5149.58,5152.67,5128.8,5151.89,5154.39,5165.12,5137.1,5143.89,5126.93,5149.23,5151.75,5146.24,5154.87,5151.55,5163.58,5148.56,5153.46,5148.92,5140.35,5156.95,5151.66,5149.57,5139,5133,5149.02,5151.09,5150.58,5165.14,5145.12,5132.71,5147.51,5155.87,5129.66,5150.87,5158.62,5145.97,5158.02,5158.37,5144.59,5155.09,5140.2,5155.26,5151.29,5150.08,5147.96,5129.06,5149.87,5161.89,5155.61,5146.75,5158.19,5141.72,5150.04,5163.72,5148.99,5160.76,5152.11,5151.18,5140.56,5142.2,5150.11,5151.3,5131.69,5162.51,5145.67,5150.04,5161.08,5160.83,5138.68,5155.94,5141.81,5149.17,5152.33,5150.79,5143.38,5153.94,5155.36,5149.1,5138.38,5150.2,5165.18,5153.54,5146.86,5149.96,5144.65,5153.47,5156.18,5136.48,5151.26,5142.67,5142.76,5139.66,5148.38,5140.11,5153.62,5144.72,5149.03,5150.15,5154.1,5128.25,5148.1,5155.33,5160.44,5147.84,5154.43,5138.28,5158.49,5164.33,5147.07,5156.99,5140.15,5153.57,5157.69,5150.85,5163.07,5142.72,5144.73,5141.89,5153.09,5146.4,5136.42,5149.87,5147.01,5155.74,5159.47,5154.86,5141.81,5145.77,5141.05,5171.1,5148.74,5145.8,5159.26,5156.23,5142.87,5154.7,5152.55,5159.47,5149.67,5135.74,5151.83,5141.3,5139.48,5148.23,5159.47,5140.03,5135.74,5145.51,5149.46,5136.75,5137.61,5157.95,5139.56,5138.01,5143.39,5143.18,5151.2,5147.36,5141.12,5147.07,5133.24,5159.12,5139.21,5142.8,5148.33,5135.45,5131.11,5140.89,5153.42,5139,5146.04,5130.41,5140.74,5133.3,5142.26,5153.72,5137.36,5152.07,5162.3,5134.47,5131.12,5124.33,5142.15,5128.94,5127.44,5149.81,5155.6,5145.34,5139.81,5144.16,5156.58,5147.13,5143.98,5144.67,5131.13,5141.6,5143.74,5149.63,5139.29,5141.59,5132.72,5137.99,5140.61,5130.38,5145.64,5146.03,5122.56,5122.51,5126.94,5134.5,5147.85,5141.99,5137.01,5135.64,5138.66,5144.24,5145.28,5142.48,5143.99,5138.52,5138.48,5129.52,5138.14,5124.32,5129.88,5143.83,5141.5,5138.07,5117.49,5141,5131.32,5148.6,5139.08,5118.47,5139.98,5147.23,5120.33,5137.29,5128.24,5122.31,5134.08,5150.67,5141.01,5134.62,5138.12,5138.35,5132.59,5141.69,5132.28,5138.3,5130.4,5144.29,5148.24,5131.34,5125.59,5124.63,5143.89,5138.38,5133.83,5134.95,5141.28,5150.35,5124.26,5141.11,5133.27,5145.46,5138.06,5133.89,5131.22,5131.53,5121.26,5151.41,5134.15,5134.4,5130.53,5160.23,5135.24,5144.32,5131.4,5146.25,5148.09,5134.04,5142.89,5136.92,5130.2,5138.75,5129.48,5125.99,5129.14,5130.25,5124.24,5128.79,5126.62,5135.11,5154.89,5137.73,5147.81,5120.65,5142.26,5142.93,5130.52,5158.55,5133.31,5126.01,5134.37,5142.23,5130.28,5142.33,5142.87,5139.75,5138.81,5129.35,5120.98,5146.35,5124.9,5135.57,5134.38,5137.58,5133.37,5134.89,5135.59,5149.29,5141.22,5130.1,5141.59,5133.82,5143.49,5146.69,5135.42,5138.87,5132.21,5133.73,5125.97,5148.55,5122.46,5126.75,5141.16,5127,5135.72,5130.14,5129.48,5134.92,5135.01,5118.85,5134.23,5138.72,5122.16,5157.31,5145.02,5134.92,5133.99,5119.14,5151.09,5134.8,5124.45,5129,5127.67,5135.57,5124.59,5121.37,5119.47,5141.45,5138.17,5146.03,5135.9,5152.16,5143.5,5151.11,5138.07,5118.48,5126.71,5152.35,5123.89,5129.45,5148.26,5133.13,5124.91,5135.33,5141.64,5144.78,5134.7,5138.62,5129.56,5123.58,5136.45,5121.89,5135.99,5127.03,5120.37,5131.29,5132.5,5138.01,5139.06,5133.98,5149.39,5116.42,5134.99,5129.64,5127.43,5115.74,5124.29,5128.21,5134.24,5137.83,5136.09,5137.63,5142.31,5129.1,5132.96,5127.36,5133.71,5120.35,5131.04,5113.09,5140.73,5131.17,5138.46,5134.18,5118.35,5137.45,5142.06,5117.14,5137.91,5116.33,5140.84,5130.55,5127.09,5139.83,5126.63,5153.21,5130.11,5134.97,5142.1,5126.81,5114.14,5127.13,5124.37,5130.84,5132.35,5145.19,5130.2,5129,5140.47,5128.78,5113.07,5131.27,5130.03,5130.56,5133.03,5125.08,5137.71,5128.15,5133.93,5134.87,5136.36,5139.42,5136.5,5128.55,5149.26,5134.8,5130.76,5125.07,5123.73,5121.28,5126.77,5110.36,5118.44,5136.93,5130.2,5128.59,5119.67,5118.62,5125.39,5117.48,5131.43,5125.01,5132.68,5134.51,5142.71,5125.88,5130.71,5139.2,5135.44,5109.3,5121.47,5128.81,5129.63,5131.56,5123.03,5139.9,5127.78,5128.44,5130.16,5127.48,5147.64,5138.37,5120.76,5127.98,5140.27,5129.47,5137.27,5125.93,5145.1,5137.47,5124,5108.16,5123.85,5149.07,5129.7,5140.47,5138.31,5137.43,5128.28,5133.83,5114.21,5112.12,5114.59,5132.89,5136.75,5130.54,5117.08,5110.5,5117.82,5119.57,5120.74,5114.06,5117.28,5136.7,5127.65,5120.63,5135.77,5120.78,5125.7,5121.81,5135.31,5128.27,5135.53,5114.25,5119.14,5130.53,5126.05,5131.73,5122.72,5137.27,5123.12,5129.97,5131.28,5125.98,5131.2,5121.64,5124.22,5147.19,5115.68,5135.98,5128.79,5124.97,5133.35,5115.38,5128.13,5128.68,5112.08,5126.04,5127.91,5127.91,5130.46,5123.01,5130.87,5139.38,5118.42,5141.69,5116.24,5120.92,5135.86,5129.87,5132.65,5132.26,5110.76,5126.04,5130.1,5107.9,5143.41,5130.82,5132.8,5123.8,5136.26,5135.36,5128.77,5119.33,5125.37,5119.52,5124.29,5131.11,5133.31,5143.15,5133.06,5120.82,5129.73,5135.52,5122.52,5117.88,5130.72,5143.85,5133.7,5136.8,5124.64,5139.46,5123.09,5130,5120.27,5128.93,5131.11,5122.68,5114.36,5124.48,5112.94,5130.36,5129.38,5127.43,5122.8,5130.13,5132.96,5127.85,5121.94,5138.29,5109.3,5130.55,5124.16,5134.18,5136.32,5124.97,5123.37,5126.4,5133.65,5115.38,5140.75,5133.24,5140.95,5132.05,5137.37,5116.36,5127.26,5121.25,5129.24,5127.95,5129.62,5110.33,5130.66,5119.49,5127.44,5143.88,5132.74,5131.8,5126.96,5129.98,5122.93,5103.87,5123.14,5114.2,5115.86,5127.54,5137.22,5132.86,5122.64,5112.35,5136.73,5114.31,5117.01,5136.53,5115.55,5125.35,5126.3,5130.09,5131.65,5126.79,5132.35,5131.26,5133.71,5130.77,5151.62,5137.17,5130.89,5130.58,5139.75,5133.25,5116.49,5132.33,5128.63,5131.31,5119.78,5132.43,5121.03,5137,5132.47,5122.68,5142.03,5124.29,5140.88,5130.04,5120.69,5127.97,5133.41,5141.96,5133.49,5129.89,5130.86,5120.1,5131.98,5126.42,5134.47,5125.97,5112.83,5135.14,5138.09,5125.32,5121.87,5130.37,5119.67,5143.26,5135.53,5131.84,5124.37,5130.88,5124.64,5118.36,5123.69,5127,5117.63,5138.05,5145.89,5129.17,5129.52,5132.79,5137.64,5121.39,5139.99,5132.33,5138.17,5138.79,5122.68,5113.57,5113.57,5144.87,5134.79,5140.81,5127.36,5132.08,5137.94,5129.02,5137.22,5142.5,5122.78,5120.48,5133.09,5127.7,5135.96,5130.56,5125.99,5138.8,5131.02,5139.36,5134.19,5124.51,5130.45,5132.38,5147.51,5133.82,5129.74,5125.82,5122.91,5123.15,5128.01,5130.43,5140.54,5130.41,5132.68,5121.86,5134.21,5125.15,5129.45,5123.45,5139.74,5133.07,5131.69,5115.48,5117.49,5123.8,5148.45,5133.75,5139.66,5133.69,5116.48,5130.6,5130.17,5146.15,5149.45,5123.39,5145.19,5133.14,5137.68,5138.57,5135.46,5120.38,5128.22,5137.81,5133.39,5135.18,5136.58,5143.99,5126.42,5126.4,5146,5139.04,5130.18,5138.66,5144.39,5141.42,5160.28,5126.76,5126.71,5131.18,5126.86,5123.8,5112.63,5134.42,5147.97,5140.28,5145,5158.99,5138.96,5133.92,5137.48,5137.99,5126.83,5135.63,5122.21,5123.76,5117.3,5137.29,5142.89,5133.5,5145.76,5139.41,5126.85,5161.95,5137.92,5133.49,5147.58,5127.99,5135.83,5146.68,5133.62,5142.4,5128.99,5137.71,5134.97,5133.3,5144.01,5146.71,5137.83,5129.73,5135.42,5149.59,5144.19,5142.17,5149.22,5146.94,5146.28,5144.38,5135.38,5137.54,5142.44,5106.67,5123.38,5149.83,5146.67,5139.74,5136.66,5132.19,5138.69,5134.19,5146.58,5142.76,5128.77,5132.56,5144.96,5130.68,5135.94,5149.1,5141.34,5147.19,5142.18,5138.57,5134.04,5128.05,5138.03,5150.16,5144.47,5130.38,5145.23,5136.25,5131.96,5121.73,5133.37,5157.35,5137.35,5123.13,5145.76,5143.73,5156.26,5140.81,5143.73,5123.07,5126.93,5136.15,5132.9,5148.77,5131.16,5126.23,5143.2,5130.56,5146.42,5146.35,5134.27,5134.74,5137.43,5144.15,5125.56,5139.45,5129.2,5161.15,5127.31,5135,5138.66,5149.8,5136.16,5142.07,5132.97,5133.76,5129.96,5137.17,5122.91,5117.19,5136.65,5141.85,5123.44,5136.63,5130.32,5127.37,5123.06,5131.04,5125.47,5149.23,5125.58,5129.62,5136.82,5129.82,5137.61,5151.36,5134.73,5141.94,5127.11,5143.42,5141.88,5153.81,5129.21,5131.79,5131.08,5129.35,5148.52,5137.9,5144.67,5124.42,5147.23,5136.85,5114.36,5136.58,5117.28,5119.28,5118.44,5124.66,5108.68,5130.88,5131.84,5118.6,5125.14,5138.32,5123.07,5129.81,5135.71,5144.07,5140.12,5133.46,5106.47,5139.14,5129.87,5122.25,5145.23,5133.12,5141.31,5116.29,5122.99,5127.79,5130.74,5140.14,5147.58,5120.8,5134.08,5118.33,5122.7,5131.32,5130.9,5118.67,5145.4,5129.96,5119.83,5113.14,5121.56,5119.07,5145.45,5137.49,5128.39,5125.31,5123.85,5120.73,5125.31,5130.81,5131.01,5134.92,5129.52,5134.94,5125.8,5140.5,5114.1,5120.46,5120.52,5114.68,5123.27,5143.92,5121.82,5123.9,5109.18,5131.02,5122.17,5125.48,5109.2,5131.34,5135.24,5125.01,5121.46,5135.9,5132.4,5115.49,5136.93,5127.63,5116.37,5145.71,5128.35,5125.46,5129.64,5139.37,5129.87,5135.87,5136.06,5113.69,5104.47,5128.91,5115.65,5129.99,5128.51,5111.53,5124.9,5137.08,5126.1,5128.62,5128.94,5127.72,5135.88,5123.92,5126.11,5115.63,5119.44,5144.64,5124.08,5137.16,5113.47,5125.36,5141.99,5117.06,5138.58,5131.69,5123.85,5128.19,5136.83,5108.69,5119.56,5128.06,5144.12,5130.25,5107.14,5142.27,5141.7,5143.27,5126.24,5142.63,5125.14,5146.34,5125.6,5118.82,5115.22,5122.99,5141.53,5128.74,5113.52,5122.41,5118.7,5124.99,5120.38,5140.12,5125.63,5117.65,5119.63,5140.64,5145.46,5132.7,5123.89,5124.41,5110.35,5110.84,5136.06,5123.28,5141.74,5141.54,5102.85,5133.46,5134.41,5122.54,5133.26,5125.94,5130.52,5140.12,5122.97,5138.69,5140.34,5128.29,5120.98,5129.5,5133.4,5120.35,5123.12,5131.89,5124.46,5127.82,5124.32,5136.16,5131.76,5145.24,5117.36,5129.06,5134.61,5117.85,5132.02,5147.43,5131.74,5134.67,5132.05,5122.54,5140.94,5134.31,5128.71,5131.94,5130.24,5134.36,5144.55,5113.61,5123.91,5110.12,5137.91,5138.36,5135.86,5140.45,5127.25,5113.86,5134.53,5114.4,5136.95,5142.58,5112.46,5134.66,5119.79,5111.73,5130.41,5118.59,5113.88,5164.59,5166.86,5136.33,5136.8,5120.23,5122.35,5126.84,5138.05,5124.74,5118.46,5128.64,5132.93,5129.57,5147.13,5129.04,5124.28,5125.1,5143.81,5133.3,5131.31,5138.18,5139.89,5124.33,5119.55,5123.08,5125.11,5129.72,5132.09,5126.62,5138.76,5136.49,5144.02,5128.97,5130.19,5144.69,5125.69,5142.6,5129.24,5122.38,5138.38,5134.46,5124.49,5129.54,5121.39,5128.49,5131.44,5125.78,5136.76,5129.81,5130.91,5132.18,5133.6,5133.77,5121.39,5150.7,5135.49,5127.74,5131.97,5137.91,5139.33,5141.31,5115.98,5147.02,5140,5131.9,5122.85,5141.31,5124.04,5121.69,5137.91,5134.43,5142.15,5137.62,5123.48,5122.75,5127.5,5142.39,5138.63,5136.15,5146.16,5140.36,5143.79,5127.33,5131.53,5129.82,5123.54,5154.68,5131.93,5124.78,5146.45,5119.27,5138.08,5127,5141.8,5138.33,5118.06,5118.81,5154.16,5123.7,5144.99,5129.19,5140.26,5138.31,5125.52,5120.15,5150.36,5131.75,5123.21,5145.03,5141.12,5136.23,5130.58,5142.84,5143.87,5131.76,5126.38,5132.88,5136.22,5122.08,5132.37,5116.25,5141.47,5116.42,5140.25,5139.29,5130.84,5153.43,5134.99,5131.5,5120.74,5120.52,5117.25,5142.63,5134.42,5134.1,5120.9,5137.61,5128.56,5130.3,5143.97,5133.88,5134.19,5117.44,5115.15,5137.9,5146.82,5138.19,5126.91,5141.99,5125.15,5153.24,5156.55,5135.32,5148.21,5136.43,5130.74,5109.56,5129.73,5110.77,5138.98,5137.37,5127.53,5130.64,5125.62,5130.51,5127.95,5121.46,5115.1,5120.1,5133.79,5123.05,5145.63,5121.02,5117.73,5127.54,5136.79,5140.06,5136.31,5128.7,5110.04,5129.69,5134.67,5125.24,5135.88,5150.92,5152.64,5138,5131.32,5135.99,5124.66,5138.73,5127.68,5113.64,5136.66,5137.98,5148.6,5145,5128.67,5139.17,5148.06,5133.27,5148.05,5124.66,5127.58,5125.17,5127.74,5117.15,5126.34,5123.44,5122.87,5154.58,5118.18,5111.86,5135.72,5129.27,5128.4,5127.02,5129.05,5131.27,5137.58,5142.64,5140.39,5119.77,5115.48,5118.34,5126.15,5136.04,5138.75,5138.12,5143.74,5128.29,5144,5122.93,5150.26,5134.66,5128.1,5119.17,5134.93,5136.47,5126.01,5142.24,5143.13,5126.11,5144.85,5123.68,5122.12,5126.74,5134.4,5130.4,5130.34,5140.48,5139.53,5129.73,5125.78,5106.34,5133.3,5131.76,5148.92,5144.15,5135.85,5126.72,5133.1,5130.82,5123.99,5134.12,5126.36,5134.5,5149,5123.8,5131.21,5127.93,5130.12,5132.01,5130.15,5131.53,5120.87,5127,5118.12,5128.04,5135.67,5124.47,5120.44,5140.87,5118.65,5139.13,5121.92,5157.52,5130.65,5135.47,5124.48,5131.62,5135.68,5141.16,5136.42,5135.14,5109.29,5129.13,5127.64,5118.29,5122.75,5129.64,5121.45,5147.32,5134.62,5118.51,5123.46,5117.74,5133.69,5128.6,5122.93,5133.98,5121.9,5136.51,5118.13,5119.29,5131.38,5135.77,5130.55,5129.09,5117.41,5151.84,5125.69,5121.95,5147.54,5146.23,5152.4,5122.15,5139,5138.4,5123.43,5124.84,5117.08,5119.75,5112.44,5127.75,5118.37,5127.61,5127.08,5114.2,5137.9,5122.33,5137.74,5127.66,5125.35,5138.11,5136.02,5127.88,5123.76,5124.07,5140.12,5135.15,5110.2,5126.9,5150.89,5143.36,5134,5133.32,5132.66,5139.77,5142.78,5154.52,5124.22,5134.53,5137.65,5134.08,5130.77,5141.51,5122.54,5133.18,5133.37,5122.73,5123.49,5129.86,5136.35,5116.39,5125.9,5133.5,5135.22,5138.07,5108.67,5115.45,5152.48,5121.94,5131.79,5122.29,5132.32,5128.86,5123.11,5132.9,5130.62,5116.43,5140.64,5129.17,5119.59,5134.42,5116.66,5132.3,5131.86,5134.73,5138.99,5143.31,5140.71,5135.1,5129.45,5106.77,5127.53,5129,5122.26,5130.64,5114.37,5122.96,5120.39,5110.63,5122.93,5127.81,5111.2,5122.87,5125.49,5124.64,5128.68,5123.43,5134.21,5131.39,5128.82,5130.99,5129.65,5119.5,5121.88,5126.22,5113.34,5120.95,5114.74,5109.73,5121.96,5130.45,5132.21,5104.78,5122.78,5120.35,5123.63,5132.24,5122.49,5123.39,5140.67,5126.17,5127.33,5123.54,5114.45,5118.25,5123.95,5113.31,5118.49,5150.11,5113.61,5139.67,5126.62,5140.17,5126.56,5119.18,5135.35,5108.29,5123.44,5121.92,5129.9,5119.99,5133.01,5123.34,5126.69,5115.68,5128.5,5119.31,5123.53,5122.9,5122.33,5127.82,5118.76,5134.47,5130.11,5134.52,5120.41,5145.17,5135.39,5115.47,5147.71,5125.27,5139.19,5123.87,5136.98,5135.55,5133.57,5126.66,5132.21,5124.87,5135.98,5140.78,5155.53,5125.49,5127.22,5128.64,5115.98,5138.38,5108.22,5118.42,5119.81,5114.37,5118.35,5136.51,5137.51,5113.99,5118.46,5115.46,5151.44,5153.33,5117.61,5129.93,5124.41,5143.01,5117.17,5129.65,5111.11,5131.81,5118.56,5119.83,5130.32,5131.47,5120.29,5127.16,5139.41,5130.12,5129.3,5129.71,5131.35,5111.68,5114.28,5136.77,5145.12,5129.14,5124.86,5140.8,5118.49,5113.3,5139.18,5128.05,5126.46,5119.56,5147.3,5155.59,5131.12,5136.58,5114.44,5149.39,5137.51,5130.01,5134.03,5122.16,5114.74,5141.97,5123.39,5103.59,5126,5135.01,5129.87,5121.13,5132.3,5115.43,5121.12,5133.28,5132.71,5119.6,5141.64,5129.12,5127.24,5129.46,5129.38,5139.97,5138.54,5134.55,5127.18,5120.55,5121.9,5145.73,5139.91,5132.05,5138.85,5136.32,5123.32,5119.01,5111.97,5121.92,5137.73,5137.45,5132.12,5149.06,5118.81,5124.68,5123.57,5124.32,5149.25,5115.52,5132.81,5132.5,5121.59,5143.85,5129.23,5124.42,5138.16,5113.94,5115.89,5131.99,5123.24,5120.36,5124.5,5124.69,5120.07,5135.22,5138.53,5135.43,5130.95,5128.38,5149.3,5146.26,5117.89,5113.45,5144.13,5118.54,5125.53,5115.48,5134.06,5140.3,5124.71,5132.34,5133.79,5131.92,5133.11,5134.43,5136.39,5135.87,5126.22,5122.37,5139.23,5126.48,5094.6,5121.33,5131.62,5132.52,5133.73,5127.46,5132.37,5133.51,5136.59,5125.42,5147.08,5133.48,5138.77,5151.36,5134.95,5144.82,5128.47,5133.62,5130.31,5121.1,5108.87,5145.29,5123.58,5136.62,5147.51,5116.97,5123.75,5140.44,5130.08,5137.64,5116.33,5114.28,5140.12,5132.9,5129.4,5119.83,5108.72,5139.43,5130.67,5130.9,5126.37,5118.96,5122.35,5157.4,5124.04,5139.23,5134.63,5137.47,5121.38,5131.12,5136.18,5124.14,5122.72,5141.38,5137.09,5122.19,5116.63,5139.09,5128.75,5124.53,5111.56,5148.63,5132.29,5130.02,5133.41,5136.66,5138.94,5130.34,5129.62,5130.57,5127.17,5131.86,5127.73,5135.41,5129.3,5116.25,5122.27,5126.36,5124.95,5127.69,5125.07,5114.79,5125.16,5101.63,5110.1,5138.33,5132.37,5132.15,5109.89,5140.37,5153.18,5124.29,5125.35,5133.1,5147.42,5126.21,5128.57,5126.07,5122.87,5131.49,5124.93,5130.03,5128.97,5130.82,5130.18,5145.78,5120.73,5126.71,5132.55,5135.19,5112.41,5126.61,5125.56,5138.77,5127.7,5128.31,5115.86,5130.38,5130.53,5139.95,5116.38,5115.07,5103.79,5132.6,5119.24,5134.17,5147.19,5139.13,5131.97,5120.91,5139.86,5124.74,5129.81,5122.16,5112.67,5116.49,5122.25,5141.72,5103.84,5113.9,5123.5,5115.32,5117.41,5126.9,5138.86,5136.46,5127.39,5125.88,5127.2,5117.3,5138.47,5112.55,5112.85,5136.03,5117.11,5122.65,5123.09,5140.93,5144.63,5133.12,5130.98,5133.89,5128.66,5135.53,5119.9,5118.29,5134.92,5121.94,5121.69,5116.71,5132.59,5130.75,5144.38,5107.42,5125.02,5118.96,5136.06,5135.89,5128.87,5125.23,5133.96,5152.53,5121.69,5142.3,5139.81,5130.03,5137.56,5125.8,5117.53,5134.6,5126.17,5123.8,5125.32,5126.23,5118.19,5132,5130.53,5127.67,5134.03,5126.15,5135.32,5123.39,5140.53,5110.95,5135.08,5132.62,5122.21,5124.65,5156.15,5139.44,5132.54,5114.1,5122.2,5131.34,5127.23,5141.07,5112.73,5137.72,5126.26,5123.11,5144.25,5122.72,5129.28,5134.4,5134.61,5139,5115.18,5126.81,5139.79,5146.33,5113.14,5130.89,5128.77,5124.79,5131.16,5153.3,5109.53,5130.35,5136.91,5141.65,5132.84,5114.24,5118.04,5129.07,5133.77,5130.46,5131.16,5132.69,5129.2,5137.11,5126.87,5137.95,5124.84,5129.78,5116.14,5117.19,5133.06,5140.91,5131.44,5134.76,5121.42,5153.46,5121.62,5122.1,5127.89,5148.28,5131.47,5117.74,5127.95,5110.43,5128.75,5116.31,5122.73,5124.32,5129.33,5128.03,5133.95,5142.9,5120.25,5129.75,5133.7,5112.33,5121.75,5125.11,5110.34,5124.12,5129.83,5118.1,5128.63,5101.81,5117.53,5120.14,5105.4,5119.23,5128.22,5125.9,5147.29,5125.07,5123.78,5149.81,5128.94,5134.41,5126.53,5129.52,5136.17,5124.61,5140.98,5138.24,5138.78,5123.05,5113.31,5121.8,5133.88,5137.67,5123.96,5120.07,5121.13,5126.48,5125.75,5128.42,5122.92,5117.66,5125.37,5132.2,5122.79,5146.97,5103.46,5128.44,5125.16,5129.67,5127.21,5121.06,5113.21,5133,5122.16,5121.21,5113.42,5142.44,5123.22,5124.2,5133.1,5120.91,5125.47,5110.4,5129.88,5116.57,5115.43,5133.2,5121.19,5095.58,5127.11,5122.9,5131.22,5116.93,5135.58,5137.43,5137.21,5125.32,5121.97,5135.55,5127,5141.13,5122.71,5151.43,5126.44,5114.6,5115.24,5125.76,5111.58,5117.93,5135.24,5121.33,5118.09,5133.53,5112.25,5132.94,5129.8,5129.44,5100.84,5130.3,5126.95,5127.65,5130.1,5119.35,5122.51,5118.84,5133.67,5130.36,5111.46,5113.77,5133.1,5117.05,5120.34,5123.66,5122.28,5114.99,5133.86,5114.79,5129.87,5107.21,5132.64,5109.81,5129.59,5125.82,5122.31,5129.96,5127.28,5141.63,5131.68,5106.26,5132.95,5119.12,5110.73,5117.86,5126.72,5129.05,5124.22,5116.83,5133.68,5131.84,5102.54,5116.39,5124.64,5121.29,5099.71,5138.73,5105.53,5139.67,5118.12,5124.5,5127.75,5131.66,5123.98,5115.06,5109.5,5089.64,5133.1,5118.16,5120.15,5134.97,5129.71,5122.18,5126.05,5115,5136.7,5143.09,5140.14,5094.4,5104.99,5107.46,5135.11,5130.99,5132.35,5100.47,5119.96,5133.94,5130.81,5129.21,5112.42,5130.75,5134.7,5122.3,5125.35,5118.86,5115.29,5122.48,5113.26,5109.69,5114.43,5130.84,5115.3,5119.41,5126.82,5132.22,5124.61,5135.75,5129.26,5122.77,5122.97,5109.33,5139.33,5112.55,5131.04,5126.84,5123.97,5137.16,5118.34,5120.64,5124.53,5118.64,5114.91,5124.24,5127.4,5120.03,5116.7,5116.86,5102.58,5127.63,5101.09,5120.81,5109.27,5118.01,5113.15,5137.69,5111.34,5114.38,5134.8,5123.33,5123.31,5117.87,5119.54,5133.64,5110.94,5114.26,5123.86,5136.38,5121.42,5132,5125.39,5112.1,5133.12,5123.81,5095.12,5113.16,5133.2,5114.16,5118.38,5110.33,5112.46,5117.37,5112.85,5117.39,5107.34,5115.73,5130.57,5121.96,5119.89,5121.45,5105.17,5131.86,5109.84,5120.54,5114.51,5122.78,5111.11,5109.86,5129.19,5110.04,5116.95,5116.33,5116.38,5126.4,5122.65,5131.3,5109.13,5114.61,5112.46,5117.01,5125.8,5110.73,5107.12,5126.46,5127,5113.9,5133.95,5114.81,5115.87,5117.81,5118.38,5135.85,5120.85,5114.63,5116.83,5103.73,5125.42,5126.53,5108.67,5123.94,5122,5123.09,5131.16,5117.36,5127.92,5112.6,5113.06,5120.85,5124.66,5121.13,5119.35,5116.5,5127.96,5131.66,5127.01,5134.28,5127.88,5129.57,5118.94,5114.9,5100.26,5134.15,5120.93,5124.6,5124.51,5118.36,5124.28,5122.46,5117.32,5118.51,5117.68,5133.81,5115.68,5130.86,5162.85,5111.21,5126.49,5118.09,5135.11,5116.44,5123.15,5130.53,5111.62,5118.01,5129.99,5104.19,5128.22,5120.59,5142.58,5135.4,5151.94,5109.27,5123.81,5116.08,5109.75,5108.14,5114.96,5130.55,5118.96,5121.51,5126.59,5134.54,5125.89,5137.82,5108.51,5121.77,5109.44,5117.3,5119.14,5108.93,5127.12,5118.35,5120.21,5127.95,5108.96,5120.27,5097.03,5132.93,5127.45,5138.69,5122.58,5110.52,5121.85,5136.11,5123.85,5124.24,5130.73,5126.31,5122.46,5131.05,5107.56,5118.76,5128.67,5133.57,5129.49,5132.84,5127.25,5120.33,5130.37,5134.88,5123.81,5125.97,5130.66,5116.01,5122.24,5130.44,5117.69,5116.98,5123.47,5121.98,5110.94,5112.94,5125.34,5120.29,5118.93,5119.71,5118.87,5120.82,5111.08,5106.44,5133.72,5130.52,5136.28,5123.19,5137.79,5123.53,5117.11,5119.51,5121.82,5125.41,5130.52,5127.15,5131.23,5107.84,5119.83,5127.08,5129.03,5133.19,5117.2,5124.18,5112.81,5103.29,5110.35,5129.58,5113.67,5127.47,5135.92,5124.24,5120.65,5122.22,5130.26,5138.21,5104.33,5117.53,5138.12,5126.17,5124.18,5132.66,5119.88,5124.54,5122.61,5121.78,5131.57,5127.9,5130.13,5130.45,5110.34,5118.04,5126.78,5115.19,5111.91,5118,5123.34,5122.24,5119.22,5116.96,5128.65,5102.53,5114.11,5119.32,5121.76,5121.35,5110.99,5119.45,5132.7,5107.36,5122.11,5115.17,5122.64,5128.88,5104.8,5113.18,5128.48,5105.74,5112.7,5111.51,5117.82,5115.44,5114.12,5125.16,5125.37,5120.36,5122.61,5109.43,5109.03,5120.33,5124.21,5123.78,5098.91,5100.53,5119.43,5117.9,5097.88,5129.22,5117.34,5113.36,5125.19,5127.96,5129.84,5110.47,5117.26,5110.99,5097.24,5119.25,5124.71,5129.65,5107.94,5125,5117.21,5121.1,5113.96,5117.55,5127.03,5121.61,5102.93,5107.26,5099.31,5110.65,5130.38,5107.46,5118.11,5118.32,5109.85,5129.65,5128.7,5134.91,5120.53,5127.44,5126.04,5119.98,5133.7,5119.16,5120.73,5121.55,5115.89,5114.72,5113.43,5127.52,5104.07,5116.01,5123.7,5102.37,5111.81,5116.25,5137.23,5121.41,5099.24,5116.35,5110.94,5115.71,5124.96,5109.17,5114.21,5121.4,5121.09,5127.99,5118.64,5110.87,5105.53,5123.36,5120.75,5127.6,5117.24,5102.16,5110.8,5121.4,5104.92,5125.51,5126.3,5108.4,5125.12,5129.32,5119.59,5117.36,5126.44,5112.24,5121.27,5130.94,5107.1,5100.41,5115.02,5118.58,5107.28,5124.49,5112.83,5101.77,5108.4,5119.64,5100.53,5113.99,5119.9,5109.29,5106.55,5104.48,5143.28,5118.92,5109.49,5105.73,5111.13,5117.2,5107.19,5111.81,5098.38,5121.05,5110.02,5114.85,5117.44,5115.24,5115.99,5095.66,5112.05,5121.66,5112.84,5125.78,5123.57,5115.22,5122.56,5118.92,5108.43,5108.48,5100.56,5122.93,5106.82,5102.31,5121.21,5100.37,5115.56,5123.37,5130.2,5115.72,5113.27,5112.13,5127.42,5101.53,5113.94,5108.68,5096.07,5103.66,5098.25,5103.28,5120.66,5111.2,5100.8,5115.79,5108.06,5113.98,5102.28,5091.15,5111.04,5102.87,5104.18,5109.31,5117.29,5110.79,5119.29,5097.81,5111.72,5128.24,5114.95,5107.18,5117.29,5106.23,5120.2,5120.82,5107.11,5116.2,5120.4,5117.64,5121.82,5115.93,5111.9,5099.02,5112.86,5116.43,5107.78,5104.43,5111.87,5114.11,5107.18,5113.6,5113.8,5108.61,5109.78,5122.05,5108.73,5108,5098.8,5107.33,5098.89,5116.39,5117.31,5095.38,5123.64,5119.01,5105.25,5111.04,5119.1,5117.12,5091.56,5106.53,5109.53,5108.68,5117.15,5111.34,5114.89,5121.98,5116.32,5103.92,5093.3,5095.82,5120.09,5126,5117.35,5100.01,5130.78,5101.15,5104.61,5110.87,5115.81,5116.66,5093.57,5123.98,5073.07,5112.92,5101.98,5100.34,5090.94,5124.16,5091.76,5123.36,5116.84,5093.91,5101.53,5109.53,5108.44,5098.29,5118.68,5110.5,5106.63,5092.68,5104.02,5115.28,5102.89,5111.47,5103.31,5121.01,5114.93,5095.97,5119.84,5127.82,5110.81,5101.45,5122.22,5104.66,5116.15,5108.86,5113.61,5112,5104.3,5113.76,5106.39,5127.22,5114.08,5096.17,5113.62,5104.42,5113.23,5096.48,5110.97,5094.67,5092.59,5083.45,5100.31,5107.2,5116.22,5098.75,5115.56,5100.21,5098.14,5096.05,5114.97,5112.56,5119.76,5116.25,5118.34,5103.27,5093.33,5122.79,5096.04,5109.43,5103.47,5096.15,5115.24,5096.79,5107.68,5094.93,5111.33,5107.33,5096.33,5113.04,5098.53,5110.16,5098.51,5111.49,5108.27,5107.95,5090.49,5107.54,5112.62,5113.05,5117.25,5127.02,5119.46,5106.54,5114.81,5102.4,5115.04,5127.7,5115.89,5107.36,5112.64,5104.1,5113.8,5114.52,5113.22,5126.05,5114.47,5106.47,5095.55,5094.09,5124.62,5104.55,5097.21,5114.23,5107.68,5103.7,5101.57,5108.24,5098.94,5109.91,5093.95,5105.2,5094.89,5094.57,5111.94,5104.74,5099.61,5092.8,5090.02,5107.72,5097.89,5088.31,5120.3,5098.46,5106.06,5107.79,5075.24,5094.81,5108.39,5103.84,5098.11,5093.34,5097.38,5109.76,5115.46,5090.71,5119,5110.32,5099.78,5094.23,5102.72,5102.01,5095.17,5106.92,5111.42,5100.92,5109.3,5116.98,5096.52,5088.53,5092.2,5098.91,5101.68,5109.73,5113.6,5116.3,5104.24,5108.76,5106.25,5106.15,5088.89,5111.67,5109.06,5098.86,5105.19,5112.74,5092.42,5108.22,5108.84,5096.9,5106.28,5114.47,5089.04,5096.23,5107.79,5103.95,5105.37,5119.95,5087.27,5112.44,5103.51,5086.26,5087.09,5096.06,5096.27,5098.82,5121.87,5101.64,5102.78,5107.3,5100.93,5101.27,5106.18,5096.64,5116.1,5116.75,5091.06,5102.92,5115.78,5090.76,5116.37,5112.22,5089.69,5103.68,5102.61,5110.45,5108.29,5108.96,5104.91,5107.51,5091.88,5123.12,5080.75,5108.8,5102.06,5107.49,5115.94,5099.92,5096.22,5110.46,5114.79,5113.22,5095.34,5093.28,5111.47,5105.48,5111.51,5097.6,5085.23,5105.55,5098.15,5081.21,5094.33,5089.76,5112.53,5113,5093.25,5098.58,5101.3,5110.91,5128.38,5089.25,5108.01,5099.84,5084.45,5100.81,5103.71,5091.63,5080.36,5100.72,5094.11,5101.29,5101.05,5097.84,5102.4,5097,5095.65,5073.62,5093.87,5099.59,5101.22,5097.91,5104.37,5112.68,5101.01,5085.79,5104.94,5104.5,5106.12,5109.78,5092.82,5098.2,5120.23,5106.85,5112.7,5103.87,5102.57,5098.22,5102.35,5097.29,5089.98,5085.02,5102.93,5113.13,5111.13,5088.77,5124.12,5088.76,5112.51,5091.83,5099.8,5109.12,5108.13,5098.47,5107.36,5101.74,5085.21,5109.27,5111.21,5110.99,5078.61,5108.21,5094.32,5103.29,5099.09,5084.26,5098.79,5099.61,5101.93,5096.75,5108.37,5083.33,5106.73,5104.84,5113.49,5105.57,5087.67,5099.15,5106.85,5083.18,5086.9,5108.2,5088.3,5099.49,5095.27,5109.69,5106.94,5111.77,5116.29,5093.47,5103.64,5102.67,5115.9,5115.23,5106.49,5098.38,5092.76,5107.67,5103.39,5112.34,5099.03,5083.27,5114.92,5103.13,5093.05,5090.68,5089.33,5108.79,5100.92,5110.81,5118.72,5112.97,5102.34,5092.63,5092.74,5098.19,5103.59,5098.08,5092.96,5115.32,5113.85,5112.29,5091.53,5110.79,5118.67,5106.36,5090.09,5106.17,5090.92,5109.98,5105.23,5112.06,5122.56,5096.46,5094.31,5107.4,5096.61,5103.75,5105.72,5118.41,5103.68,5091.43,5107.29,5099.42,5106.8,5103.34,5114.3,5091.15,5091.56,5093.22,5103.49,5105.5,5110.21,5099.88,5094.24,5102.78,5103.77,5099.6,5109.74,5104.24,5105.15,5084.84,5093.88,5104.95,5091.83,5120.5,5093.39,5097.51,5117.83,5106.45,5085.12,5100.79,5093.85,5114.61,5101.42,5121.16,5095.69,5110.83,5111.76,5119.71,5098.87,5102.3,5087.81,5099.64,5105.12,5107.41,5121.16,5102.59,5088.92,5085.86,5109.47,5114.53,5082.12,5107.63,5099.49,5100.47,5095.83,5086.75,5090.5,5116.13,5095.3,5116.2,5119.43,5112.38,5077.54,5088.04,5100.49,5080.39,5108.79,5088.02,5114.91,5101.96,5122.84,5081.06,5107.44,5108.54,5100.52,5096.54,5073.88,5107.3,5122.59,5105.6,5105.79,5099.21,5096.79,5111.89,5112.57,5094.41,5090.3,5097.85,5085.61,5105.2,5091.32,5104.25,5099.21,5093.1,5123.11,5110.99,5108.53,5106.29,5103.48,5111.88,5099.06,5092.49,5109.35,5101.06,5090.13,5096.26,5091.08,5103.29,5077.74,5103.19,5099.63,5093.59,5098.56,5097.78,5103.16,5109.35,5109.15,5108.17,5088.85,5099.49,5084.34,5120.57,5134.93,5098.87,5093.18,5095.2,5108.09,5092.49,5090.93,5099.67,5132.46,5108.39,5109.69,5103.86,5133.45,5112.35,5110.88,5113.4,5107.83,5108.08,5102.8,5094.75,5110.48,5081.27,5087.28,5087.07,5095.9,5102.46,5106.42,5103.15,5113.65,5103.49,5096.76,5108.72,5106.64,5102.26,5097.56,5096.95,5096.79,5089.56,5105.53,5081.88,5107.29,5103.37,5097.28,5101.46,5108.87,5097.63,5081.76,5106.87,5089.46,5098.8,5095.3,5113,5112.32,5084.4,5107.01,5098.12,5107.31,5089.33,5105.12,5085.86,5066.3,5085.55,5101.47,5106.78,5075.38,5097.73,5098.82,5103.36,5101.66,5109.84,5117.45,5091,5088.9,5111.8,5087.58,5105.27,5100.54,5101.22,5090.64,5101.56,5069.24,5087.63,5102.63,5083.05,5095.23,5078.32,5094.59,5076.31,5103.65,5098.51,5097.54,5086.55,5095.08,5090.08,5099.08,5101.7,5096.91,5096.54,5088.32,5088.72,5098.97,5091.26,5097.45,5102.67,5088.06,5101.19,5121.4,5094.2,5100.95,5107.13,5092.33,5104.04,5101.55,5102.23,5094.9,5091.19,5100.04,5085.66,5082.95,5099.3,5091.38,5109.89,5102,5115.16,5102.81,5100.89,5091.05,5097.45,5100.02,5089.77,5084.96,5106.39,5109.33,5104.99,5084.22,5082.58,5101.21,5112.11,5101.07,5095.59,5106.66,5088.98,5097.47,5103.03,5104.63,5088.52,5117.22,5096.18,5091.96,5074.86,5088.29,5093.59,5082.04,5114.37,5113.21,5107.33,5102.21,5095.32,5096.13,5091.86,5114.26,5087.33,5088,5078.11,5090.88,5096.34,5084.33,5076.89,5100.33,5089.09,5116.37,5095.82,5110.45,5091.05,5091.63,5111.83,5098.17,5090.59,5110.23,5102.87,5126.81,5103.66,5100.17,5097.7,5088.09,5086.06,5092.13,5090.1,5095.64,5074.54,5101.65,5099.07,5105.73,5098.47,5089.44,5089.5,5095.49,5097.72,5071.7,5092.05,5106.67,5098.82,5099.43,5086.27,5091.17,5091.92,5108.74,5110.39,5098.85,5081.56,5080.78,5109.31,5092.84,5105.85,5096.96,5090.94,5068.71,5111.22,5077.84,5094.5,5095.8,5087.46,5108.29,5077.96,5095.45,5085.78,5084,5100.88,5081,5073.45,5075.66,5090.2,5107.92,5087.38,5091.7,5069.78,5080.62,5088.73,5086.47,5080.07,5103.28,5089.9,5080.7,5087.47,5075.2,5100.66,5093.76,5094.83,5087.04,5093.94,5094.87,5101.42,5097.61,5104.14,5096.07,5089.21,5087.02,5095.82,5094.41,5085.44,5103.92,5084.34,5107.44,5081.94,5096.42,5089.73,5080.62,5098.39,5094.99,5091.86,5099.16,5079.76,5078.04,5083.03,5105.83,5086.98,5082.77,5108.94,5103.79,5095.62,5085.62,5089.02,5091.13,5075.26,5097.67,5072.2,5099.37,5080.84,5093.25,5091.3,5084.39,5089.77
3,29048.3,29015.1,29019.3
4,22371.3
5,31474.4,31519.4
6,23427,23430.5,23435.5,23403.3,23409,23363
7,25478.4
8,2938.68
9,33052.8
10,25505.7,25519.6,25486.8,25507.6,25508.4,25508.2,25475,25502.2,25491.5,25497.9,25491,25462.7,25501.1,25505.5,25501.6,25404.1
11,33305.6,33327.4,33334.6,33336.5,33328,33336,33327.7,33323.7,33347.7,33328.7,33317.2
12,24041.2,23984.1,24009,24034.9
13,7624.1
14,39862,39908.7,39887.4
15,32719.2,32749.2,32737.1
16,24954.8,24953,24983.8,24949.6,24930.1,24968.3,24980.4,24930.1,24966.7,24933.5,24963.3,24977,24968.8,24939.9,24991.3,24935.1,24953.6,24938.3,24959.9,24921,24952.3,24956.2,24929.9,24959.4,24948.4,24981.7,24958.6,24949.2,24946.7,24952.2,24987.5,24953.6,24954.3,24880,24800.4,24917.8
17,29173
18,7688.37
19,36162.4,36185.7,36198.4,36216.9
20,16561.7
21,6340.65,6346.67,6370.96,6355.73,6318.71,6317.18,6319.25,6312.48,6322.61,6344.62,6340.08,6334.66,6328.86,6361.11,6346.84,6310.49,6363.84,6303.72,6321.9,6286.73,6331.29,6355.53,6302.92,6331.16,6332.4,6315.14,6324.85,6350.84,6311.44,6306.39,6316.35,6358.3,6307.17,6311.61,6322.62,6296.91,6316.31,6290.43
22,10650.3,10654,10679.9
23,842.494,853.591
24,32739.1
25,32888.9,32884.9,32873.1,32901.6,32908.3
26,10763.7,10744.6,10741.5,10733.4,10729.5,10737.7,10722.2,10737.3,10731.6,10735.6
27,6936.22,6916.27,6945.63,6934.9,6931.97,6910.77,6924.57,6918.18,6920.73,6953.2,6931.38,6919.21,6917.28,6907.58,6957.67,6941.55,6930.99,6905.33,6870.6,6957.82,6922.08,6932.85,6923.31,6926.91,6949.98,6935.99,6930.11,6951.1,6954.14,6912.72,6943.05,6970.43,6923.56,6931.06,6923.38,6939.44,6923.79,6937.32,6919.18,6959.23,6922.31,6967.47,6947.98,6948.64,7002.12,6973.4,6917.24,6923.2,6951.77,6942.62,6947.45,6954.05,6926.78,6922.07,6915.39,6911.45,6902.1,6915.1,6922.85,6902.82,6908.09,6915.99,6919.27,6915.92,6940.16,6946.11,6894.35,6962.98,6975.33,6927.85,6958.81,6956.29,6920.64,6922.01,6897.42,6928.8,6920.45,6899.84,6902.34,6908.33,6929.78,6908.67,6880.85,6913.4,6933.03,6913.63,6919.2,6923.34,6917.61,6947.53,6928.65,6904.16,6894.5,6877.81,6899.26
28,855.566
29,19672.3,19695.9,19676.9,19694.6
30,33251,33235.3
31,8400.62,8369.65,8370.83,8351.46,8346.29,8349.27,8410.52,8382.13,8365.98,8395.91,8379.09,8382.56,8368.71,8389.14,8395.28,8370.23,8388.03
32,28951
33,5687.65
34,27419.9,27367.5,27383.7
35,1554.25,1543.92,1550.29,1532.61,1561.52,1542.03,1587.94,1555.6,1553.96,1603.52,1595.86,1541.53,1583.34,1556.91,1608.97,1597.96,1550.4,1575.5,1548.3
36,38975.8,38994.6,38971.5,38994.8,38978.8,38984.8,39010.9
37,31242.6
38,29215.3
39,16179.5,16202.7,16160.2,16238.2,16212.4,16235.5,16221.4,16206.8,16205.9,16166.3,16177.3,16190.4,16167.8,16194.9,16152.7,16168.6,16188.7,16141.7,16188.9,16214.7,16214.9,16191,16164.6,16188.3,16186.7,16147.4
40,29692.6,29704,29682.3,29713,29722.5,29720.6,29715.3,29709.2,29719.1,29651.4
41,35796.1
42,31446.9
43,17118.3,17120.8,17138,17120.7,17108.3
44,5656.6,5624.11,5622.17
45,35588.4,35545.9,35608.4,35604.1,35607.4,35548.7,35516.3,35542.4,35551.9,35568.9,35555.2,35578.9,35591.4,35572.5,35558.7,35533.4,35574.2,35542.5,35562.4,35591.5,35531.9,35553,35532.4,35533.3,35537.5,35574.3,35549.1,35581.4,35512.5,35557.6,35501.9,35510,35545.4,35565.4,35547,35525.9,35543.9,35494.8,35506,35508.6,35552.2,35520.7,35511.6,35536.8,35515.2,35535.6,35525.1,35517.8,35544.1,35494,35500.5,35465.9
46,17562.7
47,1211.5
48,36872.8
49,39479.9,39419
50,28443.7,28453,28444.9,28464.4,28442.8,28439.1,28455.1
51,38988.2
52,15628
53,39334.5
54,8801.56,8777.57,8799.85,8777.03,8760.55,8833.39,8815.18,8782.25,8815.43,8816.98,8824.49,8778.49,8832.76,8797.27,8845.86,8827.22,8793.1,8783.87,8806.55,8829.52,8824.38,8782.66,8794.32,8826.81,8794.55,8819.91,8797.33,8785.08,8770.36,8779.6,8777.89,8804.16,8809,8831.01,8790,8791.07,8809.1,8779.01,8799.71,8779.24,8781.74,8797,8771.06,8806.44,8805.04,8748.14,8772.14,8788.46,8752.01,8839.95,8750.75,8775.64,8794.71,8767.88,8769.55,8758.37,8760.58,8767.48,8783.74,8781.35,8750.69,8783.01,8802.42,8795.51,8782.32,8786.96,8798.29,8757.5,8784.2,8791.25,8794.18,8823.46,8818.73,8778.2,8760.04,8797.7,8780.57,8753.59,8792.76,8790.6,8799.39,8758.3,8788.03,8793.14,8779.06,8787.16,8774.33,8789.22,8754.68,8811.12,8790.98,8806.31
55,35978
56,9164.31
57,30819.1
58,22358.1,22352,22415.8
59,30243.9
60,24670.8,24675.4,24676.8,24704.5,24727.7,24678.4,24704.8,24678.7,24703.2,24680.7
61,14436.4,14455.4,14419.6,14464.6
62,11742.3,11749.2,11747.5,11671.5,11679.6,11675.2,11665.3,11647.2,11651.6,11665.4,11661.1,11681.6,11644.7
63,23079.5
64,23429.4
65,24599.7
66,36644.5,36549.4
67,28219,28206.8,28245.3,28214.3
68,4142.78
69,7264.38
70,13653.8,13615.3,13633.7,13666.5,13643.7,13634,13634.8,13634.6,13627.7,13645.5,13651.4,13645,13631.2,13639.5,13645.9,13668.6,13647.9,13664.6,13663.4,13658,13648.3,13638.1,13676.4,13631.7,13665.3,13649.9,13653.1,13652,13636.4,13644.5,13659,13652,13639.9,13659.6,13644.4,13655.2,13654.6,13643.1,13658.1,13633.6,13661.2,13663.5,13634.1,13649.2,13645.8,13651.8,13651,13645.4,13655.4,13636.5,13632.2,13651.5,13634,13636.7,13660.3,13651.3,13668.6,13662.7,13634.9,13652.3,13647.9,13647.2,13660.5,13647.2,13635.5,13650.6,13657,13641.6,13666.2,13666.4,13679.5,13648.5,13654.9,13634.8,13629.5,13640.7,13640.9,13620.2,13648.2,13628.2,13641.4,13650.1,13649,13638.5,13643.1,13644.1,13627.5,13637,13645.5,13648.3,13646.5,13664.3,13651.5,13653.3,13654.2,13645.2,13650.5,13663.4,13650.8,13642.9,13647.2,13648.4,13654.8,13666.1,13660.8,13650,13654.9,13631.9,13644.6,13651.2,13634.9,13654.4,13646.1,13634.5,13643.6,13661.3,13645.6,13660.6,13654.2,13624,13650.3,13648.9,13638.3,13653.9,13643.2,13644.3,13648.5,13633.9,13648.1,13648.1,13650.3,13663,13644.9,13649.6,13647.5,13645.1,13656.5,13661.4,13649.9,13637.5,13665.2,13635.2,13655.2,13660.7,13665,13666.4,13646.4,13641.7,13657.4,13642.9,13655.2,13666.2,13656.6,13636,13695.8,13666.4,13680.6,13664.2,13658.2,13658.4,13650,13644.7,13704.1,13678.6,13660.1,13656.5,13667.9,13639.4,13706.1,13651.2,13660.2,13636.1,13665.4,13647,13640.2
71,35163.7,35156.5,35117.5
72,23298.3,23326.1
73,33914,33907.8,33880.7
74,12424.5
75,32705.2,32696.6,32828.2
76,38589.4,38555.9,38570.7,38579,38571.3,38542.3,38578.3,38568.3,38566.7,38578.2,38592.5,38573.8,38591.2
77,23401.9,23361.6,23366.7,23353.7,23353.5,23299.6,23341.6,23362.8,23351.2,23354.5,23346.7,23372.9,23358.2,23348,23361.4,23384.7,23233,23246.8,23282.9,23251.6,23326.7,23336.1,23338.2,23327.7,23350.7,23348.8,23348.4,23310.2,23392.6
78,18676.2,18688.8
79,25847.8
80,8828.52
81,27199.9,27246.3
82,26207
83,25910.6
84,15742.4,15694.6
85,27096.9,27206.3
86,3730.97,3700.85,3690.03,3664.97,3681.91
87,38119.4
88,21556.5,21572.4
89,19226.8
90,28299.1
91,23567
92,10019,9884.97,9893.45,9888.68,9892.86,9914.79,9876.71,9910.67,9901.2,9905.3,9909.78,9873.43,9880.82,9879.32,9901.53,9891.78,9895.92,9900.16,9876.3,9889.75,9890.33,9885.44,9873.15,9890.87,9908.29,9854.54
93,24840.5,24953.4
94,22452.7,22352.7
95,37929.7
96,32396.7
97,31663.5
98,30544.2,30568
99,5728.24,5724.39,5767.82,5738.59,5742.78,5755.25,5779.75,5760.27
100,22170.7
101,8538.06
102,29203.3
103,28920.2
104,29698
105,28752.6,28733.5
106,18406.7,18381.5,18420.3,18402.1,18352.3,18398.1,18402.7,18421.3,18400.4,18412.4,18431.7,18406,18446.6,18398.2,18444,18462.6,18426,18375.1,18423.2,18390.8
107,33602.7,33516,33486.4,33459.7,33506.4,33498.7,33497.1,33478.4,33520.3
108,38162.7,38166.4,38144.2,38144.1,38139.4,38139.3,38145.8,38164.7
109,18067.6,18131.1
110,37106.3
111,32718
112,9783.25,9795.44,9848.19,9791.54
113,23091.2,23096.2
114,31559.2,31526.8
115,9281.04,9253.9,9261.58,9253.6,9279.63,9228.43,9232.33,9238.04,9286.64,9229.54
116,22736.2
117,4259.19
118,20612.3
119,4135.05,4063.34,4097.46,4092.04,4127.58,4131.19,4094.12,4091.36,4082.42,4143.03,4090.1,4113.07,4126.33,4079.86,4118.53,4101.04,4131.93,4081.14,4096.95,4084.56,4120.32,4073.77,4086.85,4106.7,4112.35,4109.54,4072.98,4070.33,4080.59,4080.57,4122.55,4108.97,4095.81,4099.05,4130.41,4125.03,4076.78,4077.68,4121.47,4089.84,4098.15,4111.05,4094.99,4070.75,4091.89,4103.58,4099.35,4108.45,4056.74,4090.35,4103.66,4112.78,4104.09,4092.04,4119.3,4088.8,4082.83,4059.3,4075.91,4069.65,4065.66,4105.31,4093.8,4078.06,4071.68,4057.27,4117.37,4084.38,4073.14,4114.16,4081.81,4062.72,4109.32,4079.4,4097.4,4103.25,4078.58,4103.95,4074.73,4078.66,4092.04
120,19856.5,19834.3,19869.2,19835.5,19843.8,19829.8,19861.6,19842.3,19830.8,19876.3,19862.4,19818.5,19830,19803.6,19823.8,19815.8,19801.7,19833.8,19824.3,19813.9
121,9253.56,9229.68,9211.71,9163.95,9226.69,9199.41,9218.73,9224.85,9221.57,9198.51,9224.98,9235,9241.83,9220.86,9222.07,9240.79,9232.49,9217.8,9204.19,9193.05,9216.65,9213.24,9207.13
122,34262.8,34253.2
123,19168.9,19161.4,19167.4,19173.6,19150.6,19161.1,19164,19161.9,19154.7,19175.2,19146.9,19206.6,19167.6
124,31873.8
125,34306.3,34323.4,34324.7,34335.9,34331.3,34335.4,34333.1,34338.6,34294.2,34353.6,34332,34337.1,34340.5
126,32084.5,32067.9
127,29473.8,29501.4,29499.3,29504.2,29495.5,29477.2
128,35542.2,35607.4
129,32145.7
130,29786.7
131,23229.9,23249.1,23261.2
132,3448.87
133,3193.88
134,8122.03
135,36965.6,36983.2
136,33974.6
137,25046.1
138,30125.8
139,16383.5
140,24754.2,24788.1,24917.8
141,4159.57,4186.11,4221.5,4219.5,4164.98,4187.71,4178.88,4213.78,4187.87,4197.35,4237.15,4171.75,4196.13,4160.84,4212.14,4150.2,4214.03,4160.31,4166.29,4202.84,4190.55,4204.13,4213.97
142,15941.5
143,18246.6,18277.9,18261,18247.6,18233,18273.2,18251.2,18272.2,18267.3,18251,18236.3,18266.6,18269.7,18256,18256.7,18228.2,18229.5,18244.4,18226.5,18224.6,18237.8,18245.7,18252.4,18249.5,18250.4,18246.4,18234.5,18254.1,18231.2,18229.5,18254.3,18211.2,18244.8,18239.5,18257.2,18253.1,18246.8,18253.5,18223.8,18240,18256.2,18257.3,18241.6,18257.5,18238.8,18265,18239.5,18265.4,18244,18245.1,18214,18246,18235.1,18244.4,18210.4,18253.7,18240.2,18239.5,18230.7,18244.9,18259.5,18246.6
144,24968.8
145,29420.1,29310.8
146,2280.19,2292.41,2274.73,2289.08,2333.75,2290.88,2273.99,2299.72,2286.26,2291.62,2255.22,2291.19,2322.43,2278.48,2281.03,2286.65,2302.08,2249.64,2274.55,2299.27,2294.19,2217.82,2258.28,2267.56,2256.41,2250,2298.31,2249.32,2258.48,2285.62,2263.92,2267.1,2261.93,2278.69,2279.49,2255.9
147,24332.4
148,21765.6
149,26477.9
150,30951.3
151,13668.7
152,16686.3
153,24744.7,24749.3
154,40329.6,40341.4
155,30550.4
156,35213.2
157,29437.9
158,18804.1
159,37515.7,37523.5,37535.3,37536.4,37526.2
160,27940.1
161,34356.7,34369.4,34366.1,34352.8
162,24795.5
163,28843.2
164,24248.8,24227.4,24382.6
165,23737.8
166,2658.27
167,18545.1,18531.8,18524.3,18529.6,18546.4,18493.7,18503.7,18519.5,18506,18480.4,18521.1,18503.6,18519.2,18542.1,18495.6,18470.5,18470.5,18490.1,18525.2,18510.6
168,30837.4,30827,30838.1,30843.2,30833.2,30826.8,30830.9
169,29413.3
170,19904.6,19833.2,19860.9,19896.2,19864.7,19846.7,19875.2,19885.6,19883.1,19861.9,19863.9,19899.1,19835,19862,19868.9,19884.4,19884.8
171,32333.5
172,1662.6
173,5731.34
174,23999,23978.1,23986.8
175,13575.6
176,26091.9,26089.6,26117.6,26085.9,26087.9,26093.7,26105.8,26090.5,26115.3,26092.5,26116.7,26108.5,26089.4,26091.2,26112.4,26131.4,26096.3,26119.9
177,16156,16153.7,16195.1,16134,16161.8,16191.2,16181.9,16176.4,16172.6,16201.7,16165.1,16170,16208.5,16136.2,16180,16151.7,16140.3,16183.3,16185.1,16185.9,16185.6,16175.1,16189.2,16170.3,16140.1,16148.1,16187.1,16185.5,16187.8,16170.6,16180.7,16153.2,16143.6,16136,16165.8,16201.7,16171.4,16176.3,16171.6,16138.6,16164.5,16202.9,16181.5,16177.8,16164.9,16132.4,16182.4,16156.5,16163.3,16188.3,16193.3,16160.7,16140.5,16124.5,16178,16161.8,16180,16158.6,16190.4,16183,16176,16161.1,16141.8,16159.1,16174.3,16174.7,16163.7,16162.4,16138.3,16136.6,16144.2,16202.6,16125.6,16189.3,16166.5
178,5217.86
179,6988.95
180,10608.4,10565,10593.7,10577.8,10594.7,10578.1,10587.7,10557.2,10623.7,10541.3,10595.5,10599.9,10580.7,10604,10584,10611.9,10569.7,10560.3,10556.1,10590.6,10635.9,10570.1,10585.6,10582.8,10564.7,10595.6,10590.2,10599.4,10552.3,10627.7
181,8756.91
182,27697.7,27807.4
183,23343.6
184,29588.4
185,33442.3
186,28872.7,28783.2,28889,28878.6,28861.4,28879.9,28882.4,28859.2
187,38538.8
188,19934.7
189,28714.8
190,35677.3
191,19994.2,19971.6,20033.2,19990.2,19985.1,19995.8,20007,20020.1,20006.9,20003.2,19997.2
192,39285.8
193,38270.5
194,35883.9
195,38024.4
196,33938.7
197,27500.3,27499.2,27507.8,27516.5,27511.4,27505.9,27487.6,27502.4,27515.2,27485.7,27505.6,27505.1,27503.1,27505.3,27513.4,27495,27508.6,27481.2,27489
198,24986.4
199,23873.2,23820.3,23842,23817.1,23814.3,23818.4,23821.8,23808.6,23828.7,23822.6,23803.3,23830.3,23814.5,23829.5,23824,23820.7,23860.7,23850.4,23837.4,23855.2,23841.3,23842.3,23822.1,23855.1,23810.1,23851.8,23785.8,23840.9,23822.6,23814.8,23852.5,23847.6,23827.7,23860.7,23797.4,23813.1,23828.4,23814.4,23836.2,23847.1,23838.7,23806.3,23795.1,23833.7,23837.7,23829.5,23811.9,23818.9,23808,23848.4,23849.2,23815.4,23840.4,23809.8,23848.3,23817.5,23801,23824,23837.1,23825.9,23846.7,23847.5,23864.5,23815.6,23852.4,23823.1,23791.4,23867.9,23805.9,23782.8,23835.3,23825.3,23820.9,23838.3,23872.3,23845.9,23831.1,23802.7,23838,23807.1,23822.9,23818.3,23817.9,23770.6,23831.5,23828.2,23805.9,23793.4
200,39874.6,39829.4
201,28816.6
202,23679.3,23654
203,2480.97,2427.62
204,4695.68,4699.51,4670.69,4680.19
205,25560.2,25570,25579.5,25537.8,25559.8,25549.5,25552.5,25522.3
206,27789.3,27768.2,27721.5,27857.4,27877.4,27840.6,27845,27843.7,27839.2,27835.3,27807.5,27882.2
207,31540.1,31546,31566.3,31580,31564.3,31557.5,31559.1,31569.4,31567.8,31540.3,31543.7,31549.8,31580.9
208,6746.19,6760.58,6748.81,6761.67
209,21576.8
210,25355.8
211,18405.9
212,24932.6
213,25682.3
214,35743.1
215,25474.6
216,29723.2,29628.3,29661.8,29639.2,29632.8,29648.2
217,19115.1,19114.8
218,28462
219,497.605
220,37752.4,37778.2
221,31933.2
222,21101.3
223,9191.95,9180.98
224,32522.5,32542.5,32563.4
225,31598.9
226,32576.4
227,25452.4,25375.9,25330.4
228,30059.9,30007.4
229,15681.2,15579.9,15619.8,15667.5,15656.8,15604.7
230,25016.6
231,34239.6,34217.1,34247.9,34275.4,34221.7,34279.5,34229.3,34269.9,34244.2,34255.5,34232.7,34219,34219.3,34211.8
232,29826.8
233,28812.9
234,28669.7
235,31312,31376.2
236,4185.67
237,30647.4,30601.6
238,11720.7,11688.1
239,23849.5,23814.2,23848.6,23852.1
240,30368.5,30374.6,30342.7,30384.1
241,10855.1
242,24881.9
243,25409.8
244,29097.6
245,26529,26533.3,26625.8
246,31497.6,31508.7,31455.4,31472.2,31503.2,31492.7,31465.4,31483.6,31486.9,31476.5,31519.4,31456.5,31524.5,31490.3,31488.7,31507.7,31491.2,31490.3,31497,31480
247,1726.33,1668.41
248,2795.93,2775.61
249,25912.5
250,33727.8
251,31014.1,31044.4,31027.8,31017.1
252,931.946,969.37,971.237,989.572,963.042,942.13,964.825,952.678,963.577,933.544,981.952,962.351
253,32399.3
254,25524.9,25545.1,25512.3,25508.4,25567.6,25509.7
255,36592
256,12045.4,12009,12017,12012,12086.3,11980.6
257,32423.5,32478.2,32466.8,32420.5
258,17608.9,17599.5,17616.3,17595.5,17608.7,17618.8,17590.7,17602.1,17625.1,17605.9,17607.4,17616.5,17606.9,17591.9,17600.4,17605.1,17618.5,17601.4,17607.2,17651.2,17476,17430,17433.7,17428.5,17395.2,17408.8,17477.9,17446.8,17430.5,17442.8,17424.2,17461.8,17455.8,17456.6,17469.6,17421,17436.6,17446.1,17409.9,17406.6,17465.5,17415.8,17425.4,17415.6,17477.3
259,38427.1
260,39074.2
261,39269.3
262,32478.9,32586
263,2496.99,2434.66
264,29349.9,29278.7,29286,29297.5,29299.1,29264.4,29262.1,29287.5,29256.8,29277.8,29269,29305.1,29291.1,29281.3,29247.8,29295.2,29290.4,29277.2,29276.1,29285.5,29241.8,29256.5,29287.4,29286.5,29202.2
265,39395.2,39475.6,39428.3,39449.4,39434.9
266,25076.2
267,34750.5
268,25183
269,21988.3
270,33466.1
271,29756.4
272,37986,38001.4,38005.9,37984.8,37982.4
273,27840.9,27897.9,27888.9
274,29555.3
275,9944.13
276,1231.56
277,29430.6
278,27649.5
279,14852.7,14926,14865.8,14887.6,14831.2
280,25474.9
281,2503.56
282,22853.2
283,21030.4
284,19518
285,21847
286,25931.4,25898
287,40211.4
288,28981
289,35951.2
290,36922.4
291,32764.7,32786.8
292,31464.8,31471.2,31447.2,31442.6
293,39691.1
294,39175.4,39158.7
295,22771.5,22770.4,22790.3,22738.6,22762.2,22755.3,22754.1
296,28278.3,28289.8,28284.3,28254.4,28265.8,28287.6,28272.6,28247.2,28272.7
297,28452.7,28402.1,28405.1
298,23727.1,23696.6,23733,23706,23691.8
299,798.265,787.711,831.541,795.798,815.841,786.22,829.365,809.583,790.62,790.754,820.959,815.941,808.294,810.065,803.72
300,37266.4,37254.1
301,1901.07,1842.24,1849.53
302,19949.6
303,28962.3
304,34066.8
305,8974.77
306,16284.5,16290.3,16261.4,16295.8,16291.6,16320.1,16280,16333.8,16299.2,16284.2,16320.5,16321.6
307,28410.5
308,10246,10258.5,10239.9,10204.5,10255.5
309,16149.1,16118.2
310,31141.3,31165.1,31095.1,31126.7,31136.6,31112.7,31081.6,31109.2,31156.3
311,36828.6,36829.7
312,35222.3
313,32056.2
314,18274.8
315,14046.1
316,40253.2,40247.1,40204.9,40232.8,40238.9,40250.3
317,12863,12866.5,12837.3,12840.7,12846.4,12841.7,12867.8,12854.3,12828.2,12820.9,12820.4,12821.2,12783.7
318,14070
319,7514.27
320,23665.4,23677.2
321,14816.8
322,17845.3,17854,17813.8,17835.6,17825.9,17837.2,17823.3,17854.6,17835.8,17884.4,17774.5,17782.6,17834,17793.7,17863.7,17841.9,17825.4,17793.5,17833.8,17827.7,17825.5,17845.7,17802.1,17823.5,17851.4,17846.4,17825.4,17837.7,17773.3,17847.1,17810.4,17813.2,17826.1,17853.9,17858.6,17850,17856,17826.4,17844.5,17850.5,17818.6,17805.3,17806.3,17844.8,17845,17778.5,17818.1,17803.4,17859.5,17838.8,17867.3,17842.4,17823.6
323,20752.6,20750.2,20738.9,20739.8,20753.5,20748.1,20737.3,20741.4,20749.8,20762.6,20740,20716.1,20727.9
324,29470.2,29471.4,29461.7,29457.4,29455.2
325,12944
326,25993.7
327,1223.52,1196.58,1176.87,1200.17
328,4729.73,4734.56,4732.99,4737.95,4727.46,4732.27,4713.15,4704.38
329,36506,36440.1,36466.2,36496.1,36462.7,36455.6,36433.2,36470.2,36458.7,36456.4,36483.7,36477.8,36464.9,36446.8,36454.8,36475,36501.2
330,7279.99
331,27070.2,26936.7
332,9709.86,9697.94,9707.26
333,31162.4,31132.3
334,10139.4,10104.6,10095.5
335,23479
336,23601.4
337,31403.7,31365.2
338,10833.6,10969.1,10995.9
339,18901.4
340,38065.3
341,29570.7,29583.4
342,2368.01,2393.96,2360.4
343,37558.8,37557.3,37452.6,37459.6,37426.8,37402.7,37445.7,37416.2,37465.6,37410.1,37413.9,37424.4,37421.7,37426.1,37407.7,37423.3,37421.3,37457.6,37399,37410.6,37442.5,37407.6,37418.4,37405.8,37437.9,37421.6,37422.8,37437.3,37420.8,37446.9,37410.1,37407.6,37457.3,37397.6,37419.9,37410.4,37404.9,37430.5,37435.7,37440.7,37366.4,37415,37409.6,37401.4,37397.1,37413.3,37418,37400.8,37436.2,37406.7,37407.6,37393.4,37404.9,37407.9,37430.4,37422.8,37399.9,37401.6,37413.8,37403.4,37398.2,37392.8,37435.7,37379.4,37424.7
344,37055.2
345,14890.7
346,31285.5,31204.7,31251.7,31286.3,31263.9,31278.8,31249.4,31235.4,31236.6,31257.5
347,15465.4,15383.9
348,20856.4
349,32887.7
350,18315.8
351,14528.8
352,15861.4
353,16924.3
354,36114.7
355,40223.8,40236.7,40215.5,40217.2,40206.1,40217.8
356,25164.7,25184.9,25118.5
357,25044.4
358,37778.5,37776.3
359,39060.3,39094.5,39092.4,39095,39092,39069,39073.3,39078.4,39076.4,39066.4,39042.2,39075.6,39086,39075,39057.9,39072.6,39081.9,39090.9,39092.7,39086.4,39080.6,39092.9,39089.8,39078.3,39072.7
360,23107.7
361,37929.1,38048.8,38030.3,38073.3
362,27652.7
363,28686.1,28675.3,28685.9
364,33424.9
365,32643.2
366,30959.7
367,30861.8,30861.5,30884.6,30853.3,30927.8,30929.1,30877.9,30871.8
368,915.419,920.683,923.566,946.941,920.012,912.21,903.295,909.298,895.484,895.541,917.26,923.07,936.27,909.047,929.817,935.092,919.374,942.104,909.16,885.082,891.956,910.491,905.661,897.471,919.561,930.575
369,32649.2
370,741.912
371,12540.8,12548.1
372,3007.8,2970.99,2992.31,2989.08,2977.17,2983.7,2995.57,2989.82,2981.47,3021.05,2981.2,2947.43,3009.57,2996.95,2997.15,2975.85,2951.52,2992.08,3006.36,3004.84,2979.61,3002.19,2974.67,2994.14,2990.09,2973.39,2982.42,2968.26,3008.81,2952.37,2978.31,2986.84,2975.91,2996.7,2991.85,2951.86,2968.79,2994.45,3001.9
373,10817.7,10827.5,10834.8,10840.5,10838.9,10817.8,10826.3,10836.6,10827.8
374,15290.7
375,22060.7,22045,22178.7,22194.5,22196.4,22224.3,22188.1,22173.7,22194.1,22210.3,22192.5,22210.7,22211.3,22206.2,22188.7
376,5033.33
377,30352.8,30274.5
378,27693.3,27822.1
379,30431.9
380,23126.6
381,22102.8
382,30907.6
383,28505.3,28426.5,28401.8,28467.1,28410.2,28404.3,28406,28417.4,28427.4,28381.1,28415.9,28441.5,28398.2,28408.2,28430.1,28417.2,28418.5,28420.4,28412.9,28395.1,28417.2,28416.3,28367.8
384,30486.2
385,30682
386,29462.9
387,30086.3,30033.2,30068.6,30041.2,30066.9,30050.4,30076.9,30074.5,30024.9,30066.8,30059.8,30062.1,30054.2,30071.8
388,21604.4
389,12342.8
390,36366.7
391,20999.1
392,18282.5
393,24392.1
394,27954.1
395,24133.7,24033.3
396,36230.8,36234.4,36245.7,36230.5,36234.9,36238
397,33928
398,34872
399,20597.5,20547,20552.4,20549,20582.5,20584.4,20594.6,20575.2,20516.2,20537.5,20562.4,20530.7,20586.4,20538.5,20546.9,20548.3,20540.6,20565.6,20601.4,20550.6,20569.5,20539.1,20582.6,20504.5,20563.2,20543.9,20585.9,20564,20542.5,20578.2,20531.5,20591.4,20547.1,20611.9,20529.6,20540.6,20603.6,20601.1,20524.5,20566.5,20568,20587.3,20563.7,20587.4,20568,20570.7,20575.9,20510,20577.2,20534.2,20568.9,20565.4,20522.6,20586.2,20572.6,20555.5,20545,20576.2,20526.6,20633.8,20548.3,20523.8,20561
400,28172
401,19003.7,18965.1,18947.5,18944.7,18962.8,18951.9,18975.5,19002
402,34431.9
403,33732.2,33750.4
404,28036.2
405,37606.9,37590.5
406,9846.61
407,28868.3,29005.6,29086.8
408,14345.3,14386.3,14387.5,14349.4,14371.6,14388.2,14365.9,14372.2,14376.7,14335.8,14360.4,14395.4,14384.2,14388.8,14375.2,14340.9,14338.8,14371.4
409,36303.6
410,22656.4,22627.9,22653.2,22584.3,22620.6,22677.2,22633.1,22625.7,22624.7,22654.1,22641.5,22663,22644.3,22630.1,22661.2,22602.4,22602.8,22626.6,22633.1,22650.4,22635.5,22635.4,22617
411,29755.1,29712.5,29650.9,29702.4
412,33518.8
413,19191.6
414,24324.1,24314.5,24343.8,24293.2,24302.8,24291.6,24315.7,24327.5,24300.5,24325.7,24260.8,24320.7,24293,24311.5,24331,24320.9,24291.1,24326.6,24324.6,24344,24285.2
415,32754.5,32811.7
416,32946.9
417,15215.5,15212.9,15226.5,15242,15219.2,15200.7,15235.8,15243.2,15225.2,15207.6,15226.6
418,34192.4
419,13392.5
420,35314.2,35374.7,35341.5,35342.9,35357.2,35345.5,35336.1,35332.9,35331.7,35324.3,35316.8,35327.4,35312.4,35334.7,35365.5,35338.6,35356.2
421,27411
422,32775.8
423,22504.3
424,30231.4
425,24413.4
426,16443.5
427,21258.9
428,20481.7
429,29189.9,29199.2
430,20372.8
431,27841
432,26005.3
433,10162.3
434,27636.7
435,11397.1,11467.4
436,22142
437,22097.7,22130.3,22174.1
438,30216.7
439,29162.2
440,31456.7
441,31927.6
442,28422.8
443,8115.66
444,30319.1
445,22406.8
446,29337.8
447,18130.4
448,32758.8
449,28391.9
450,27039.8
451,5549.38
452,26186.4,26149.6,26162.5,26170.8,26171,26135.2,26181.9,26179.2,26179.7,26192.1,26172.6,26191.5,26163.1,26180,26145.5
453,20978.1
454,35347.5
455,33953.8,34014.4
456,31281.3
457,30826.4
458,19642.1
459,20880.1
460,23029.9
461,18809.3,18829.4,18851.9
462,31253.3
463,33643.2,33639.5,33757.1
464,22760.3,22727.7
465,14236.4
466,10942.3
467,15237.8
468,40093.5
469,12467
470,24696.7
471,29104.2,29088.3,29145.6
472,25625.6,25614.5
473,39926.1
474,25762.7
475,34121.3,34108.8,34109.2,34108.6,34121.2,34114.1,34107.8,34125.5,34121.1,34105.8,34089.3,34085,34101.8,34107.4,34121.5,34104.3,34094.3,34111.8,34090.1,34094.9,34109.5,34120.8,34103,34102.2,34088.3,34083.8,34093.6,34117.2,34126.9,34103.7,34061.5
476,27854.9,27853.9,27843.9
477,30566
478,4422.64,4430.3,4462.19,4438.01,4460.91,4393.52,4472.19,4443.23,4435.62,4454.3,4487.15,4496.78,4474.54,4433.82,4471.58,4433.72,4471.41,4472.68,4457.95,4448.99,4450.99,4455.99,4496,4473.13,4490.35,4488.17,4471.73,4428.33,4434.53,4468.01,4437.02,4421.07,4450.61,4459.1,4472.24,4450.04,4465.97,4446.93,4487.31,4442.5,4438.11,4440.84,4428.49,4482.31,4418.27,4466.34,4472.15,4422.6,4492.97,4436.47,4458.1,4438.94,4436.97,4461.12,4456.39,4481.29,4463.6,4447.41,4482.9,4450.49,4482.43,4453.99,4447.79,4465.53,4459.56,4479.39,4456.81,4459.96,4453.66
479,18087.1,18052.6,18075.2,18048.4,18055.9,18042.9,18074.4,18025.9,18075.4,18008.5,18059.4,18064.4,18122.6,18051.4,18078.7,18033.3,18071.1,18033.8,18068.4,18072.3,18035.5,18037.8,18046.6,18072.8,18047.1,18074.4,18051.9,18034,18072,18006.9,18058.7,18074.9,18076.5,18061.2,18059.3,18053.4,18087.3,18088.8,18033.1,18098.8,18056.4,18077.2,18010.5,18059.8,18092.1,18030.6
480,4241.26
481,37167.1
482,34937.7,34929.9
483,8473.45,8462.61,8469.4,8467.74,8509.04,8460.85,8482.09
484,33630.7
485,25353.8
486,32659.9
487,36293.1
488,15158.3
489,36947.2,36947.6
490,38698.6
491,28411.5
492,25358,25322.2,25290.8,25363.1,25388.2,25372.3,25364.6,25392.7
493,27603.6
494,20621.5
495,3193.13
496,8505.77,8514.17
497,38234.5,38242.1,38228.5,38257.3,38223.5,38238,38263.1,38252,38257.6,38241.3,38245.1,38244.3,38245.8,38234.4,38262.3,38260.7,38235.2,38239.2,38245.1,38219.7,38201
498,29688.4
499,36135.5,36137.3
500,19484.3,19513.7
501,31516
502,21808.1
503,38042.9,38040.4,38035.5,38047.1,38039.9,38056.2,38033,38053.8,38040,38044.9,38043.9
504,31701.5,31690,31664.8,31676.8,31684.9,31675.4,31679.1,31686.8,31690.3,31695.9,31700.4,31696.3,31687,31671.3,31682.8,31687.7,31664.4
505,12884.2
506,28053.8
507,20872.1
508,24892.9
509,33432.7,33304,33329.9,33317,33308.2,33345.7,33304.9,33304.3,33324.1,33316.9,33320.9
510,30656.2
511,24512.1
512,21797.2
513,32268.3
514,34923.7
515,34139
516,29776.6,29758,29776.1,29769.4,29775.3,29784.9,29780
517,6053.88,6099.45,6081.69,6068.21,6093.73,6092.49,6097.92,6094.44,6099.07,6084.79,6078.16,6071.79,6118.92,6117.76,6083.55,6109.89,6078.26,6080.59,6078.52,6060.22,6107.72,6103.46,6083.58,6070.87,6112.34,6086.17,6073.7,6097.04,6085.35,6088.73,6099.96,6085.26,6088.67,6074.83,6088.47,6103.55,6108.72,6074.09,6072.21,6064.36,6061.15,6091.69,6063.2,6084.03,6078.54
518,24070
519,23344.7,23338.8,23369.1
520,30660
521,35564.3
522,24668.9
523,32497.9
524,15366.3,15383.8,15379.8,15421.1,15438
525,835.54,851.541,810.005,683.178
526,22115.7
527,10697.5
528,27687.8
529,3613.15
530,10843.8,10952
531,37770.7
532,37693.8
533,11062.1,11070.7,11078.5,11063.4,11053,11040.5,11067.4,11065
534,40250.9
535,11080.8
536,40207.5
537,31782.8
538,38618.9,38563,38616,38625.6,38620.8,38582.8,38580,38638.4
539,33306.8,33278.2
540,18454
541,19616.4,19630.4
542,22057.3,22074.5,22057.2,22043.3,22045.3,22063,22068.7,22042.1,22095.7,22049.2
543,2548.83,2506.35
544,38232.7
545,25594.8
546,6363.14
547,29592.9,29581.7,29578.5,29602.6,29575.7,29565.1,29603.1
548,36566.5
549,23510.7
550,36430.2
551,13216.4
552,36966.9
553,3526.39,3526.34,3466.92,3476.21,3481.91,3529.78,3532.18,3466.43,3467.42,3478.37,3511.28
554,38361.3,38341.2,38341.1,38353.9,38349.3,38368.6,38350.9,38361.4
555,30995.6
556,24020.2
557,5909.99,5974.2,5845.65,5787.42
558,3489.44
559,30590.1,30675.9
560,32603.3,32632.1,32625.9,32607.3,32619.2,32601.1,32675.5
561,27970.1
562,36918.2
563,37250.6
564,39069,39078
565,25226.9,25238.9
566,23969.3
567,24330.1,24372.4
568,33614.7,33594.8,33569.9
569,32139.5
570,31735.8
571,32184.3
572,32733.8
573,27375.2,27367.3
574,36353.5
575,25549
576,30043.5
577,27916.5,27889.5,27888.4,27903.1,27911,27877.9,27897.4,27900.9,27929.3
578,31785.4
579,29686
580,28424
581,31144.2,31296.3,31312.9,31300.4,31332,31319.8,31293.6,31276.9,31271.3,31313.5,31308.5,31300.3,31311.6,31276.4,31318,31280.9,31324.2,31276.3,31302.3,31294.2,31304.1,31291.9,31290.3,31293.7,31289.5,31290.1,31272.6,31298.4,31280.6,31275.8,31278.1,31275.9,31273.9,31277.3,31297.5,31305.2,31280,31312.6,31296,31275.8,31285.8,31263.8,31260.2,31262.8,31238.9
582,34579.5,34564.9,34544.3,34563.1,34535.5,34575.4,34538.7,34533.1,34562.6,34569.6,34561.1,34579.2,34479.4,34435.6
583,35099.2,34971.5,35001,34981.7,34996.3,35005.6,34991.5,35003.8,34964.7,34975
584,16166.1
585,21969.3,21959.7
586,20495.5
587,40011.5,40045.4
588,28977.6,28944.5,28949.7,28941.4,28936.2,28946.8,28965.4,28938.2,28953.9,28912.2,28947.8,28938.6,28952.8,28931.5,28942.9,28960.2,28939.1,28955.7,28914,28953.5,28960.7,28954.3,28955.4,28933.9,28981.3,28943.8,28950.9,28958.7,28946.9,28956,28960.5,28950.2,28935.3,28943.3,28975.9,28939.9,28931.3,28928.2,28937.6,28934.2,28968.9
589,27455.1
590,11470.1
591,30948.6
592,3946.34,3833.11
593,9377.74
594,27745.2
595,576.094
596,25185.1
597,23202.2,23198,23191.6,23193,23193.9,23189.4,23178.1,23154.9,23154.4,23204.6,23190.1,23214.1,23193.5,23158.9,23187.8,23210.3,23188.9,23164.8,23168.5,23182.4,23202.4,23174.5,23183,23197.8,23154,23209.5,23186.6,23159.8,23227.3,23171.5,23137.8,23197.3,23210.8
598,36093.5
599,18904.8
600,4081.29
601,4405.3
602,37239.2,37192.7
603,1228
604,10383.8
605,38159.1,38165.2,38190.7
606,24979,24899.6
607,28498.4
608,23691.9
609,31060.4
610,30409
611,27582.6
612,28216.4,28227.3,28285.9,28290.3,28240.1,28291.6,28270,28246.2
613,28396.6,28417.5,28408.9,28382.7
614,3408.14
615,35090,35118.7,35090.8,35099.9,35070.8,35050.2,35088.3,35034.4,35076,35096.1,35055.6,35081.6,35050.8,35081.2,35098.4,35043.5
616,18965.7,18966,18978.3,18986,19006.3,19007.2,18989.9,18966.3,19010.2,19025.9,19001.4,19003.4,18984.2,18984.4,19007.3,19012.4,19000.8,18975.3,18992.8,18995.9,18981,18995,18973,18998.7,18985.9,18996.1,18966.1,18951.5,18980.4,19018,18959.2,19013,19015.1,18994.4,19000,18977.8,19003.5,18987.9,18969.5,18977.3,18972,18966.3,18983.7,18973,18994.6
617,9572
618,32495.4,32509.1,32495.6,32495.8,32473,32491.6,32529.1,32519
619,22603.6
620,1094.06
621,15190.3
622,16676.4,16650.7
623,39842.4,39859.6,39885.4,39898.8,39903.4,39879,39869.7,39885.1,39873.6,39881.6,39895.5,39877.5,39878.2,39894.4,39876.8,39884.4,39862.6,39932.5,39891.9,39854.7,39886
624,32364.3
625,34560.9,34554,34538.7,34536.1,34550.6,34539.1
626,34264.1
627,17619.3,17591.2,17603.2,17609.3,17582.1
628,20227.3,20205.8,20225.8
629,39928.3
630,30917.4
631,25769.7
632,32373.4
633,33398.1
634,24293.1
635,30825.6,30757,30806.6,30847.4,30807.2
636,15563.7,15559.8,15556.1,15547.8,15555.2,15554.7,15568.3,15562.7,15552.7,15553.5,15546.2,15533.2,15437.9,15448.9,15422
637,13485.9
638,33823.8,33811.5,33833.6,33845.6,33850.2,33840.5,33832.7,33850.3,33831.8,33811.5,33829.9,33817.6,33835.1,33816.3,33814,33834.6,33828.5,33830.4,33833.7,33828.3,33812.1,33803.5,33841.5,33819.7,33840.4,33819.4,33817.6,33794,33810.8,33781.7,33803.6,33804.8,33819.8,33827.1,33792.6,33809.8
639,17639.4
640,37455.8,37417.4,37422.3,37406.5,37417,37416.4,37430.7,37440.1,37420.9
641,26010.8,25933.1
642,4061.26,4069.72,4048.8,4052.9,4057.01,4084.11,4060.66,4078.05,4040,4056.69,4046.56,4048.9,4049.64,4038.28,4041.24,4047.74,4038.71,4076.93,4053.65,4064.92,4035.36,4024.82,4057.12,4068.17,4070.76,4049.45
643,34999.7
644,21588.5,21534.4,21537.5
645,27895.2,27924,27961.1,27950.6,27976.1,27986,27909.4,27921.9,27959.9,27985.6,27907.9,27952.6,27961.7,27951.6,27954.2,27937.4,27949.6
646,34401.9
647,31348.8
648,35972.3,35932.4
649,31489.4
650,39824.4
651,25583.4
652,12628
653,16834.6
654,39884
655,38974.1
656,31919.8,31901.4,31931.4,31886.5,31911.6,31895,31913,31905.9,31904.8,31925.9,31914.9,31917.8,31926.3,31907.5,31913.9,31886.9,31909.3,31918.9,31919.3,31910.4,31895.9,31885.8,31936.8,31891.8,31876.7,31913.3,31894,31889,31935.9,31876.7,31911.9,31895.4,31896.3,31947.2,31892.5,31914.2,31896.2,31866,31885.8,31870.3,31904.2,31926.5,31928.8,31898.4,31862.3,31922.7,31922.5,31876.1
657,22950.4
658,33816.1,33817.8,33815.5,33810.1,33809.7,33812.4,33811.5,33814.2,33820.5,33814.5
659,29829.8,29804.9,29845.8,29857,29792.2
660,31101.5
661,24810.9
662,27350.1,27233.7
663,15224.4
664,40272.1
665,38061.2
666,33177.7
667,32537.4
668,32901.6,32843.9,32884.1,32887.4
669,31830.8
670,16214.4,16218.5,16212.5,16245.3,16217.9,16184.8,16218.8,16212.3,16224.2
671,31193.1,31228.5,31197.5,31243.1
672,4638.35,4621.93,4633.42,4632.71,4637.97
673,20554.6,20440.2
674,13236.2
675,19030.8
676,31450.5
677,33768.4
678,33561.7
679,25321.3
680,23486.7
681,3720.97
682,29258.7,29282.2,29285.6,29295,29276.9,29280.3,29290.2,29298,29263.2
683,23150.2
684,40143.6
685,40094.7,40098,40101.3,40099.3,40097.6,40082,40084.3,40072,40117,40085.8,40094.6,40085.8,40094.6,40068.4
686,21559.4,21556.2,21544.3,21541.9
687,33271.4
688,32516.9
689,33646.1
690,32558.2
691,21884.6,21909,21903.2,21896.3,21907.2,21880.9,21877,21862.8,21905.6,21900.3,21907.6,21892.6,21877.3,21956,21892.8,21905,21919.9,21883.1,21892.4,21889.3,21915.5,21909.9,21885.1,21932.1,21904.2,21876.7,21870.6
692,7523.88
693,39276
694,33421.2
695,11849.5
696,32236.9,32245.8,32230.7
697,17527.8,17551.2,17531,17565.5,17542,17512.1,17528.4,17548.9
698,25387.8
699,39518.5
700,28385.8,28395.4,28395.9,28395.3
701,21237.9
702,34919.9
703,18301.2
704,29596.9
705,9467.47
706,31192.3,31172.2,31164.4,31179.7,31186.6,31157.8,31183.2
707,7848.16
708,37484.5,37543.7,37534.1
709,28874.9,28878.1
710,39256.9
711,2595.52,2661.03,2638.98,2658.74,2674.71
712,34771.5
713,4604.88,4573.27,4604.95,4621.69,4633.58,4606.16,4658.76,4618.65,4602.58,4587.59,4625.15,4612.23,4637.83,4602.4,4627.59,4633.06,4614.04,4622.42,4607.33,4619.33,4617.85,4613.26,4614.66,4579.58,4604.25,4587.39,4617.77,4611.03,4638.36,4635.74,4620.47,4587.33,4627.53,4609.22,4596.94,4602.47,4595,4610.74,4546.23
714,40253.1,40297,40301.8,40292.2,40317.8,40275.5
715,32448.9,32480.4
716,35033.2,35015.8
717,36643.3,36503.1
718,16589.8
719,35816.1
720,29204.5
721,18703.4
722,20473.3,20475.4
723,32332.2
724,30060.7
725,30773.3,30799.2
726,34253.4
727,23655.2,23657.8,23647.8,23653,23651.2,23667,23668.5,23687.5,23664.9,23657.1,23651.4,23640.9
728,22724.7
729,34136.9
730,22644.4,22656.6
731,34579.3
732,34647.4
733,35742
734,37369
735,18263.4
736,37917.5,37949,37957.7,37957.1,37907.7,37917.4,37912.7,37927.4,37969,37923.9,37932,37954.3,37911.1,37946.3,37942.4,37917.3,37943.2,37907.4,37997.5,37913.5,37936.3,37920.6,37902.5,37921.6,37932,37937.7,37921.2,37948.9,37936.9,37901.4,37958.7,37929.2,37908.7,37931.1,37919.6,37945.1,37931.9,37944.6
737,30958.5
738,37981.3
739,36420.3
740,30094.5,30119.2,30056.3,30079.3,30099.4,30107.8,30118,30083.7,30106.3,30112.7,30103.3,30104.3,30094.8,30073,30095.5,30087.7,30126.4,30090.8,30104.6,30080.8,30115.1,30081.1,30082.3,30087
741,19338.4
742,26406.9,26380.3,26381.4
743,11354.4
744,23707.8
745,34542.7
746,5304.59,5283.72,5308.79,5334.22,5251.64,5311.58
747,18110.9
748,35472.4,35486.5
749,5546,5465.91,5516.47,5519.98,5547.96,5531.27,5536.95,5547.95,5554.49,5533.11,5559.87,5514.71,5570.52,5538.79,5520.56,5570.37,5534.79,5505.21,5545.13,5510.36,5522.3,5487.67,5566.1,5554.09,5501.71,5499.59,5541.42,5506.54,5536.69,5551.42,5494.77,5559.23,5514.76,5511.89,5561.84,5536.41,5515.09,5506.17,5501.42,5550.11,5547.55,5520.37,5539.37,5514.07,5521.32,5483.37,5519.81,5526.08,5510.26,5571.14,5532.09,5516.32,5514.29,5517.86,5535.8,5549.57,5506.02,5527.98,5540.82,5501.72,5486.81,5527.81,5525.89,5492,5526.32,5522.9,5503.5,5543.78,5510.38,5501.54,5530.05,5525.14,5517.73,5522.45,5526.62,5502.52,5505.83,5527.72,5533.99,5528.14,5534.22,5529.32,5532.98,5559.98,5510.35,5510.95,5510.6,5565.84,5489.05,5494.31,5536.85,5521.02,5523.04,5456.09,5498.84,5494.23,5495.57
750,36562.4
751,30778.8,30738.1,30752.9,30758.8,30732.5,30746.1,30742.4,30741.4,30712.3,30716.3,30752.8,30750.7,30726.3,30758,30737.7,30735.5,30734,30744.3,30725.8,30742.8,30719.9,30770.4,30768.4,30785.3,30771,30758.4,30726,30761.3,30719.5,30733.8,30729.6,30708.6,30727.6,30718,30731.1,30761.2,30776.8,30777.8,30719.9,30777.5,30741.9,30711.4,30729.4,30728,30740.6,30736.4,30688.6,30727.9,30729.1,30730.4,30721.8,30734.4,30738.2,30741.5,30702.8,30719.3,30755.8,30707.9,30724,30682.9,30719.9,30744.3,30732.4,30715.1,30703.9,30720.1,30707,30691.8,30731.2,30696.4,30721,30708.4
752,27907.3
753,30380.7,30366,30362.2,30362.4,30361,30371.1,30349.8,30355.9,30379.5,30360.3,30368.5,30367.3,30356.5,30368.1,30362.2,30337,30348.2,30359,30357.7,30371.7,30379.8,30395,30361,30419.3,30378.8,30383.5,30383,30362.8,30382.4,30343.5,30361.8,30359.8,30364.3,30324.9,30356.3,30366.3,30398,30361.3,30349.2,30336.3,30355.8,30361,30358.4,30364.9,30332.6,30338.8,30358.2,30326.4,30329.3,30324.6,30337,30385.7,30334.6
754,25137.5
755,31490.8,31500.5,31518.8
756,9741.56,9733.77,9734.5,9745.61
757,34470.7
758,8453.09
759,28516.5
760,30145.4
761,17965.7
762,752.942,758.744
763,24999.7
764,25598
765,29539.2
766,27980.4
767,36834.6
768,31023.9
769,37304.9
770,34294.3
771,21565.6
772,20734.9,20725.4,20731.9,20732.2,20758.7,20727.9,20773.4,20753.3,20745.4,20757.8,20736.1,20740.5,20739.5,20711.9,20748.4,20734.7,20727.2,20711.4,20749.5,20721.7,20740.4,20716.4,20733.2,20760.3,20761.3,20889.4
773,38808.4
774,39796.1,39803.6,39832.9
775,31858.5,31846.9,31855.3,31891,31870.1,31837.2,31861.4,31871,31891,31835.9,31849.1,31849,31866.8,31882,31862.9,31857.3,31892.4,31830.7,31866.1
776,21454.5,21448.1,21476.8
777,22754.3,22671.7,22679.5,22662.3,22686.3
778,19943.8,19957.1,19955.9,19953.8,19935,19946.5,19940.8,19967.3,19922.7,19956.1
779,5146.17
780,30141.3,30127.9,30099.9,30112.7,30106.4,30126.2,30112.1,30127.3,30118.7,30117.9,30106.1,30114.3,30115.2,30122.1
781,12181.4,12136.9,12148.6
782,28825.3
783,27170.3,27143.1
784,26808.4
785,28710.3
786,15415.1
787,29102.2
788,39342.3
789,8013.87,7985.36
790,17838.2,17844.2,17893,17845
791,38904
792,9965.97
793,37799.5
794,34752.2,34794.4
795,26555.2
796,33434.8
797,12632.7,12596.2,12642.9,12618.5,12586.6,12651.6,12637.6,12643.8,12618.9,12654.2,12618.7,12636.5,12602.3,12624.5,12592.6,12599,12660.3,12629,12593.2,12659.3,12618.6,12612.8,12632.4,12611.9,12620.2,12576.9,12625.4,12598.2
798,19505.8
799,29337.4
800,2266.71
801,39260.8,39278,39264.6,39269.4,39260.1,39262.8,39281.6,39271.2,39261.3,39259.4,39332.2,39345.1
802,39101.4
803,20036.6
804,33973.4
805,35055.4
806,13555
807,34048.4
808,30118.9
809,30498.3
810,30555
811,30854.9
812,22721.1,22755.8,22769.3,22762.4,22744.6,22769.3,22740.6,22803.9,22781.4,22741.8,22802.3,22750.6,22810.9,22816.4,22773.2,22738,22772.6,22838.7,22802.8,22807.3,22766.9,22770.5,22781.1,22754.7,22804.3,22811.5,22809.4,22775,22814.1,22750.2,22743.6,22782.6,22713.2,22767.4,22782,22765.5,22770,22752.6,22764.3,22753.7,22803.7,22814,22771.6,22749.8,22780.3,22711,22792.3,22776.3,22772.3,22823.6,22795,22803.4,22765.5,22752.7,22761.8,22771.5,22784.9,22792.3,22767.4,22746.5,22753.7,22773.2,22775.3,22740.9,22725.6,22737.5,22751.4
813,33831.5,33803.3,33811.7,33814.2
814,31750
815,30004.5,29983.8,29929.9,29929.7,29969,29960,29940.5,29978.8,29969.7,30006.4,29996.9,29959.2,29965.6,29986,30015,29971.1,30007.1,29920.8
816,25187.2,25168.9
817,4380.98,4397.84,4403.03,4388.66,4384.49,4413.76,4385.04,4401.41,4368.98,4388.62,4397.49,4394.97,4384.19,4382.87,4354.94,4382.07,4399.4,4400.83
818,19969.4,19979.7,19978.4,19998.3,19989.5,19982,19981.7,19992,19997.8,19992.3,19983.3,19945.6
819,6192.16,6173.8,6176.95,6302.04
820,36068.8,36084.5
821,26915.9
822,33156.9
823,37519.1
824,28715.6,28678.7
825,29045.4,29100.8
826,37426.9
827,34053.9,33967.1
828,535.834
829,21425.8
830,26673.8,26666.9
831,37124.5
832,34007.2
833,743.386
834,8693.75
835,22530.6,22524.3
836,39266.8
837,10381.5
838,35501.2
839,37444.7
840,33892.7,33908.4
841,11434.9,11442,11451.6,11448.5,11446.5,11456,11437.2,11434.2,11447.1,11457.5,11479.9,11502.7,11471.9,11402.4,11473.6
842,27662.8
843,24771.9
844,21612.4
845,22272.5,22244.9,22274,22319.3,22271.7,22270.8,22279.2
846,11820.4,11867.8,11828.2,11839.3,11882.6,11859.7
847,37319.8
848,36466.7,36455.1,36446.1,36467.8,36447.3,36432.3
849,34877,34865.1,34919.4,34863.6,34831.9,34846.5,34863.5,34854.9,34875.2,34883.3,34835,34848.9,34871.3,34902.7,34880.3,34910.3,34872.7,34824.8,34872.3,34867.8,34857.3,34884.2,34880.5,34861.3,34902.7,34828.4,34860.3,34866.1,34894.2,34849.2
850,22512.2,22545.2,22512,22514.9,22484.5,22509.9,22495.5,22504.8,22512,22523.4,22514.1,22515,22512.9,22495.1,22521.1
851,21689,21722.2,21579.3,21552.1
852,35086.1,35091.3,35103.9,35118.5,35097
853,33326.2
854,22235.8
855,26577.9
856,24750.4
857,37423.3
858,36773
859,28530.9
860,19233.6
861,37726.7,37818.1
862,23177,23282.2,23297.4,23264.9,23290.3,23314.6,23293.7,23267.2,23272.2,23246.5,23273.6,23285,23301.1,23319.6,23272.3,23278.9,23298.4,23312.7,23308.3
863,21854.2,21831.2,21801.9,21828.8
864,34943.8,34969.2,34928.9,34945.1,34935.1,34939,34950.2,34951.8,34931.5,34976.3,34981.4,34916.5,34907.9,34925.8,34939.3,34942.8,34944.6,34937,34921.7,34935.7
865,29252.1,29262.7,29249.7
866,5755.12
867,28695.6
868,34139.5
869,37854.6
870,28099.5,27979.2,27993.4,27973,27952.2,27931.3,27968.2,27981.7,28001.1,27988.3,28010.3,27983.8,27961.8,27989.9,28002.9,27972.7,27985.3,27988.7,27992.2,27980.2,28025.9,27950.6,27953.8,27967.7
871,28634.6
872,2045.18,2032.97,2032.49,2024.69,2037.45,2022,2003.5,2014.04,2000.54,2043.6,2031.34,2005.66,2050.18,2039.29,2016.13,2022.65,2004.83,2036.61,2010.76,2012.05,2040.68,2000.88,2023.59,2015.65,2019.47,2021.31,2037.8,2043.84,2027.27,2052.31,2046.92,2050.76,2041.44,2017.43,2039.29,2031.84,1995.27,2015.41,2054.38,2023.9,2041.08,2037.8,2049.48,2045.22,2005.19,2006.14,2007.06,2000.87,2020.09,2033.78,2000.44,2049,2019.48,2045.04,1991.54,2018.64,2011.79,2018.45,1962.18
873,27118.3
874,27372.2
875,706.629
876,18942.3,18892.1,18882.7,18882.3,18911.1,18887.8,18889.3,18896.9,18889.7,18889.5,18902.6,18887.9,18904.9,18888,18883.7,18909,18890.4,18895.2,18922.3,18904.1,18913.7,18893.1,18919.7,18916,18938.5,18897.4,18943.9,18934,18943.1,18925.6,18883.5,18883.6,18910.4,18892.3,18935.2,18908.7,18901.1,18904.6,18890.7,18901.3,18890.3,18885.3,18893.8,18900,18893.6,18906.2,18888.2,18881.8,18894.5,18884.7,18914.5,18865.2,18913.3,18909.5,18874.1,18914.5,18895.5,18883.2,18913.7,18872.3,18898.3,18889.6,18878.4,18858.5,18856.2,18844.9,18877.1,18851.3,18886.5,18879,18877.3,18893.7,18924,18893.4,18889.8,18887.2,18870.9,18899.8,18876.1,18843.5,18880.9,18860.7,18897.8,18897.1,18886.2,18878.3,18874.6,18882.7
877,16476.1
878,29992.7
879,13800.5
880,28292
881,30770.1
882,12385.1
883,25589.1,25590.1,25576.7,25606.3,25592.2,25608.2,25626.8,25595.4,25621.9,25638.6,25571.9,25587,25596.2,25585.5,25550.9,25561.2,25590.2,25618.9,25591.7,25580.4,25603.7
884,38436.9
885,29904.6
886,10443.6,10406
887,36708.7
888,8781.12
889,31313.2
890,36293.4,36309.9
891,19873.1,19834.3,19850.6
892,19771.1,19794.8,19740.8,19768
893,39097.9
894,38761.4
895,19485.1
896,23498.4,23493.8,23502.9,23489.8,23499.7,23500.5
897,16193.2
898,9689.06,9704.78,9710.5,9709.58
899,37929.4
900,15121.9
901,11807.8,11821.7,11810.6
902,2313.51,2214.68
903,7642.69,7653.61,7648.19,7666.43,7636.89,7652.83,7663.21,7624.51
904,31059
905,31595.1
906,652.063
907,8484.38,8531.83,8490,8552.25
908,9731.78,9727.22,9720.34,9689.57,9708.73,9723.61,9784.69,9783.78,9711.81,9696.89,9698.88,9715.28,9693.38,9708.32,9703.66,9709.4,9688.96,9691.37,9720.62,9686.39,9693.75,9695.78,9703,9684.21,9696.99,9701.18,9697.25,9711.79,9687.61,9711.54,9711.78,9703.43,9717.37,9727.24,9702.2,9697.63,9681.9,9717.04,9685.16,9699.34,9700.51,9701.23,9688.48,9686.32,9710.32,9724.37,9714.29,9689.74,9700.41,9715.69,9697.27,9720.15,9685.45,9706.04,9705.63,9716.36,9704.14,9695.24,9708.92,9693.6,9690.95,9717.8,9680.27,9690.77,9696.67,9702.31
909,31584.4,31581,31586.6,31569.1,31624.7,31587.6,31550.8,31544.9,31581.8,31567.4,31580.8,31530.5,31593.1,31615.4,31573.9,31553.7,31570.7,31548.5,31542.6,31576.8,31565.4,31565.5,31549.8,31516.3,31540,31591.5,31544.8
910,17430.5,17407.3,17435.5,17404.2,17445,17409.3,17440.3,17435.2,17405.7,17442.7,17399.1,17436.6,17415.6,17445.2,17423.4,17418.2,17432.4,17451.5,17401.4,17382,17454.1,17435,17458.3,17433.3,17419.1,17465,17426.7,17412.1
911,15421.3,15424.3
912,32882.4
913,39526.2
914,19853.4
915,27857.9,27866.4,27855.4
916,29620.6
917,37930.9,37931.6,37940.1,37908.1,37911.8,37901.8,37917.6
918,31797.8
919,35460.8
920,24858.4
921,28245
922,33478.1
923,34187.2
924,32619.4
925,11042.8,11031.3,11036.8,11023.2,11002.4,11042.6,11020,11053.9,11009.9,11035.3,11020.5,10996.9,11027,11001.4,11017.1,11009,10990,11029.3,10988.7,11008.4,11010.8,11038.7,11019,11017.4,10994.6,11014.2,10979.7,11007.8,11013.3,11019.2,11004.8,11033.5,11005,11005.6,11064.3,10971,11016,10990.8,11011.2,11011.3,10992.8,11014.4,11008.9,11004.6,11018.1,10980.4,11010.8,11005,11020,10995.5,11006.2,11016.4,10988.8,10967.2,10974.6,10981.9,10954.6,10985.1
926,8915.33,8916.39,8933.03,8906.61,8874.86,8925.3,8889.79,8883.41,8912.56,8864.64,8915.18,8909.7,8925.4,8885.66,8944.71,8916.46,8891.3,8886.42,8914.53,8876.01,8891.21,8918.72,8887.15,8905.6,8885.86,8906.07,8894.36,8909.49,8882.63,8886.45,8920.11,8896.92,8883.96,8892.03,8900.52,8868.36,8886.07,8919.72,8910.63,8905.88,8903.65,8909.25,8896.75,8897,8886.57,8889.21,8860.12,8897.11,8869.58,8890.45,8888.11,8866.49,8875.95
927,5477.19
928,26920.9
929,12842.5
930,11729,11799.7
931,12055.8
932,11921.4
933,17856.6,17876.6
934,5434.91,5417.29,5412.81,5417.69,5361.29,5438.74,5452.23,5440.75,5430.75,5424.49,5400.52,5437.14,5416.69,5404.49,5433.06,5396.12,5396.59,5449.41,5409.51,5407.92,5419.15,5431.07,5429.42,5424.47,5379.01,5408.98,5407.9,5435.97,5457.05,5427.71,5414.43,5458.61,5401.6,5444.02,5408.05,5440.48,5454.12,5426.72,5456.07,5438.53,5423.6,5407.59,5469.75,5459.49,5424.81,5417.35,5435.99,5444.23,5476.19,5414.33,5444.31,5414.6,5397.75,5423.34,5433.74,5400.22,5418.96,5433.38,5429.23,5460.84,5440.2,5446.59,5394.74,5421.53,5395.75,5400.91,5389.46,5436.52,5412.73
935,10157.2,10205.5,10170.7,10177.8
936,15082,15072.9
937,33166.4
938,37217.3,37229.4
939,32741.5
940,4146.37
941,11261.2
942,33496.9
943,36596.3
944,12335.1
945,33172.4,33160.7,33177.5,33172.6,33183.6,33176.6,33179.5,33163.3,33165.9,33165.6,33175.3
946,29570,29576,29570.6
947,21151.2,21139.7,21165
948,25132.5
949,25460.6
950,24896.3
951,10137.4,10119.3,10108.7,10105,10095.4,10113.6,10108.5,10135.7,10077.6,10112,10151.3,10044.3,10129.3,10097.4,10101,10121.6
952,10949.3,10962.6
953,11097.8,11113.7,11117.7,11128.8,11137.9,11137.6,11143.3
954,4023.86
955,31055.8
956,27965.1,27946.7
957,33477.8
958,23132.6
959,32615.1
960,40083.3,40107.7
961,23541
962,27396.1,27371,27383.4,27382,27363.5,27359.3,27373.4,27364.2,27364.8,27395.2,27368,27351.5,27335.9,27371.5
963,23781.6
964,25270.6
965,33465.8
966,33533.5
967,32180.3,32289.1,32290.9,32240.8
968,20928,20937.8,20925.5,20947.5,20958.2,20919.6,20909,20976.8,20939.2,20919.7,20930.9,20890.7,20910,20940.4
969,23720.6,23673.6,23698.3,23709,23696,23698.3,23670.6,23670,23687.6,23666,23668.9,23676.4,23688.2,23665.8,23714.2,23691.1,23705.9,23716.4,23721.8,23718.6,23691.3,23691.2,23693,23712.6,23703.8,23681.5,23662.6,23593.7,23753.3,23715,23700.9,23674.1,23569.4,23551.2,23655.4,23582.3,23586,23597.8
970,34292.4
971,16591.9
972,10006.9
973,38055.9
974,37163.9
975,16162.4
976,11458.1,11440.6
977,9983.17
978,1827.96
979,10023.4
980,1988.49
981,8593.95
982,20999.5
983,15469
984,28130.8,28095.9,28099.9,28108.2,28104.1,28118.5,28154.9,28093.4,28092.7,28101.7,28105.3,28106.3,28078.5,28093.8,28088,28098.4,28092,28099.1,28081.5,28098.8,28087,28095.9,28098.8,28088.2,28103.1,28213.5
985,14398.6
986,23129.4
987,31457.3,31461.8,31444.6,31457.7
988,26627.9,26581.3,26583.9,26544.4,26580.4
989,9668.32
990,28939.1
991,29388.5
992,10207.6,10205.9,10197.3,10222.1,10208.8
993,7741.85,7745.89
994,15464.8,15473
995,34108.4
996,33025.1
997,9960.18,9931.94
998,15241.6
999,36944.1,36973.5,36950.9,36986.4,36979.4,36969.4,36961.7,36979,36974.6,36977.6,36982.8,36967.4,36977.7
1000,36439.8
1001,33451.4
1002,32693.9
1003,29832.7,29811.3,29815.4,29835.7,29828.3,29829.3,29812.7,29819.6,29819,29861.1,29824.2,29838
1004,23587.1,23545,23535.8,23525.6,23540.8,23504.6
1005,14981.8,14971.4,14983,14967.2,14998.1,14988.3,14981,14946.4,14994.6,14992.1,14944.9,14985.3,14984.2,14959.4,14977.3,14967.1,14980.5,15013.9,14992.8,14981.5,14972.4,15014.8,14984.1,14975.5,14976.3,14984.9,14977.4,14991.8,14974.3,14972.7,14978.3,14975.7,14969.9,14972.5,14963.4,14959.8,14957.2,14952.8
1006,13559.8
1007,28182.4
1008,28489.1
1009,7715.82
1010,30798.4
1011,29976.2
1012,29639.3
1013,31148.3
1014,31351
1015,32784.2
1016,24725.9
1017,25901.8
1018,18159.7
1019,33449.2,33395.5,33404.2,33412.9,33380.5,33393.1,33359.4,33393.2,33371.1,33370.6,33396,33390.8,33396,33402.2
1020,18575
1021,26240.8,26328,26299.1,26357,26406.8,26426.1
1022,19004.1
1023,20012.2
1024,37151.2
1025,18314.6,18335.6,18332.5,18307.4,18319.9,18303.5,18372.8,18304.6,18329.2,18303.2,18304.6,18270,18336.2,18328.5,18321,18283.9,18337.2,18348.4,18332.2,18323.6
1026,14959.2,14975.6,14993.8
1027,29268.1,29306.1
1028,25064.3,24998.9,25092.3
1029,24055.5
1030,31261.2
1031,30643.2
1032,30212.4
1033,14633
1034,30207.5,30233.8
1035,9797.22,9809.97,9802.67
1036,10311.3
1037,7037.41
1038,17740,17696.2,17736.7,17694.6,17715.8,17740.6,17684.6,17734.2,17731.5,17742.5,17698.5,17738.7,17743.7,17730.6,17707.7,17693.5,17722.2,17744.6,17674.3,17691.2,17693.1,17713.5,17721.6,17759.6,17713.9,17730.5,17733.1,17713.1,17696.2,17723.5,17717,17701.4,17714.5,17706.8,17709.4,17719.6
1039,32979.7,32920.8,32961.9,32911.9
1040,30470.4
1041,2187.33
1042,31123.4
1043,22270.8,22273.4,22303.4,22312.5,22284.7,22253.7,22283.6,22276.9,22278.6,22265.4,22277.8
1044,1042.4,1039.81
1045,35925.7
1046,19122.8
1047,25361.6
1048,4553.76
1049,14416.2
1050,24647.9
1051,26709.4
1052,20496,20534,20506.8,20521.1,20503.3,20502.8,20490.6,20518.8,20503.7
1053,26430.1
1054,21036.5
1055,22893.5
1056,31347.2
1057,19199.1,19209.6,19253
1058,10530.6,10531.6
1059,19593.5
1060,24798.5
1061,28032.9
1062,30105
1063,31425
1064,30343
1065,31179.7,31212.1
1066,13522.9,13479.4
1067,24893.3,24933.4,24957.5
1068,27628.5
1069,38365.8
1070,24679.9
1071,21782.6
1072,26234.4,26223,26246.1,26235.8,26224.9,26246,26255.4,26231.9,26228.6,26246,26232.4,26221.2,26240.5,26249.5,26217.7,26202.3,26223,26243
1073,18044.4,18003.2
1074,7169
1075,21126.6,21069.3
1076,13571.4
1077,21122.6
1078,37441.5
1079,22739.5,22769.6,22750.5
1080,4085.73
1081,9785.23,9757.28,9778.62,9721.27,9743.44,9752.33,9763.01,9754.78,9759.03,9763.87,9807.23,9787.33,9757.05,9735.69,9798.58,9743.19,9758.78,9728.29,9755.61,9719.81,9749,9801.55,9781.75,9734.7,9728.75,9742.26,9745.27,9760.06,9760.58,9754.37,9772.58,9737.31,9795.35,9738.74,9757.59,9801.09,9748.46,9794.44,9768.57,9757.53,9767.32,9734.3,9719.09,9730.15,9794.66,9755.83,9775.1,9770.25,9728.8,9748.36,9815.09,9735.74,9755.76,9747.59,9740.13,9726.97,9741.28,9724.25,9789.2
1082,37027.2
1083,37478
1084,26012.9,25948.6
1085,13641.5,13677.1
1086,18686.9,18735.5,18716.3,18715.7,18696.9,18695.1,18702.8,18674.6,18691.7,18722.5,18701.8,18676.4,18714.4,18702.6,18675.5,18676.6
1087,31943.7
1088,27975.3
1089,18303.9
1090,33667.3,33684.7
1091,17181.9,17217.1,17245.1,17202.8
1092,5297.63
1093,21325.6,21345.6,21347.3,21359.1,21353.9,21347.8,21334,21339.9,21344.5,21319,21348.6,21362.5,21324.9,21338.5,21350,21366.2,21366.4,21374.5,21337.9,21333.1,21365.4,21379.2,21317.8,21355.3,21358.6,21346.1,21346.9
1094,24278,24290.3,24252.8,24292.8,24252.7
1095,10801,10883.7
1096,27486
1097,9248.35
1098,38246,38214.6,38248.4,38276.7,38231.1,38250.6,38245.6,38231.7,38246.4,38265.7,38222.6,38237.5,38253.8,38217.3,38240.6,38258.6,38235.1,38246.7,38277.6,38257.6,38222,38241,38259.7,38236.7,38289.2
1099,23936.4,23954.5,23919.7,23934.4,23947.4,23986.3,23939.9,23929.4,23966.1,23948.9,23912.7,23903.9,23968,23983.3,23957.4,23967.5,23996.5,23968.7,23947.8,23960.1,23977.1,23989.3,23960.5,23985.7,23932.9,23967.9,23964.3,23979.8,23942.5,23976.4,23981.4,23956
1100,35246.4
1101,17346.9,17364.8,17378.2
1102,16674.7
1103,21157
1104,34676.1,34662.8
1105,15213.9
1106,25811.8
1107,6351.69
1108,11545.7,11581.8,11566.7,11578.7,11562.2,11633.1
1109,34963.6
1110,32856.9
1111,34066.1,34061.8
1112,8956.86,8965.07,8971.87
1113,36996.4
1114,12120.5
1115,25843.9
1116,31867.6,31874.4,31908.7,31888.1,31873.8,31900.1,31881.6,31890.7,31888.4,31885.3,31902.8,31891.3,31898.6,31881.4,31906.6,31922,31893.9,31925.9,31898.3,31908.4,31903.7,31922.7,31911.8,31900.9,31879.6,31877.8,31879.5,31893.9,31873,31871.9,31924.1,31899.6,31887,31913.4,31910.7,31870.7,31910.1,31909.4,31929.4,31912.1,31913.9,31888.5,31869.7,31901.9,31895.1
1117,22790.5
1118,27607
1119,38133.5
1120,32945.6
1121,3046.29
1122,14216.1,14213.1,14198.1
1123,35565.6,35529.4
1124,35683.6
1125,2094.6,2102.22
1126,16981.3
1127,39209.7
1128,22980.7
1129,22067.2
1130,22264
1131,26547.5
1132,37192.5,37173.7,37184.6,37184.1,37167.7,37184.5,37155.9
1133,6902.67
1134,23439.7
1135,10371
1136,36994,36989,37006.3,36986.8,37006.3,36997.7,37010.4,37017.4
1137,12193.6
1138,18669.3
1139,32418.3,32437.5,32479.5,32415.7,32494.9,32459.7,32477,32429.9,32429,32420.9,32440.3,32462.6,32444.4
1140,18783.1,18786.7
1141,36666
1142,33626.4
1143,21295.2
1144,30862.7
1145,33138.6
1146,16811.9
1147,23063.7,23075.2,23048.2,23034.7,23063.3,23089.3,23069.6,23061.8,23020.7,23075.1,23072.1,23073.4,23077.6,23054.7,23069.9,23036.3,23010.6,23058.2,23023.2,23099.3,23043.1,23086.5,23049.6,23036.8,23045.5,23059,23049.4,23047.8
1148,27097.9
1149,18581.4
1150,18932.9
1151,18275.2
1152,16501.4
1153,30048.5
1154,30043
1155,30928.7,30960,30970.7,30923.3,30930.8,30930.7,30943.4,30915,30939.4
1156,14825
1157,5835.55,5813.61,5812.53,5843.66,5849.92
1158,34115.9
1159,28956.5
1160,32953,32936.1,32999.3,32985.6
1161,31089.6,31101.7,31089.4
1162,18475.7
1163,9850.17
1164,22869.1
1165,35442.3
1166,27807.3,27796.2,27806.3,27809.4,27834.9,27816.1,27829.3,27826.4,27831.4,27802.1,27805.2,27780.6,27795.3
1167,32143,32085.1
1168,25544.6,25542.1,25561.3,25589.4,25596.2,25563,25534.8,25561.4,25570.5,25554.2,25551.2,25566.5,25542.5,25570.8,25555.4,25550.8,25569.9,25533.9,25562.7,25551.2,25560.9,25595.8,25589.1
1169,40029.1,40069.9
1170,23032
1171,27525
1172,24371.6
1173,30847.6
1174,23872.9
1175,15286.5
1176,31025.2
1177,34770.5
1178,35191.5
1179,27096.5,27093.1,27086.8,27082.1,27089,27040.8,27071.5,27047.7
1180,12663.3
1181,17257.1,17242.2
1182,24971.7,24950
1183,22368.7
1184,35897.7,35981.5
1185,36964.1
1186,38593,38726
1187,34799.9
1188,34302.9
1189,23498.3,23498.7,23510.7,23506.8,23477.2,23490.7,23491.2,23516.5,23501.4,23435.2,23436.9,23501.1
1190,32356.2,32390.6
1191,34829.4
1192,34865.8
1193,29985.6
1194,37027.5
1195,30739.7
1196,4919.61,4875.17,4900.91,4917.07,4960.49,4918.31,4841.81,4888.5
1197,17686.7
1198,20117.1,20170.2,20142.8,20128.1,20182.8,20128,20163.4,20162.5,20142.7,20156,20091.4,20096.4,20116.4,20135.6
1199,25306.9
1200,35452.7,35447.2,35407.4,35441.1
1201,29865.4
1202,12415.7
1203,33559.7
1204,22080.9
1205,3409.95,3459.73
1206,30455.2,30458.3,30477.1,30477.9
1207,36473.1,36467
1208,40142.4,40179,40145.5,40164,40147.1,40174.7,40169.1,40210.5,40138.2,40174.4,40178.1
1209,22885.8,22843.6,22872.5,22884.5,22875.8
1210,19611.3
1211,28585,28546.9,28567.9,28599.7,28604
1212,22049.5
1213,16700.3
1214,1513.88,1531.71,1496.9,1536.02,1562.55,1513.97,1510.98,1501.8,1524.08,1499.04,1515.94,1526.51
1215,1306.94
1216,18319.4
1217,18329
1218,16168
1219,22816.7
1220,36796
1221,21143.5
1222,2810.17,2804.15,2791.78,2809.47,2797.85,2813.06,2760.35
1223,30678.4,30678.6
1224,23361.8
1225,39700.9
1226,12940.1
1227,11631.7
1228,33751.2
1229,33744.2
1230,29705.5
1231,13236.7,13299.3,13292.6,13263,13274.2,13265.6
1232,36993.3,37015.3,37015.6,37002.3,36996.5,36991.1,36996.5,36987.6
1233,6581.39,6567.6,6607.45,6566.13,6583.18,6582.77,6570.59,6581.11,6590.48,6554.68,6577.25,6588.07,6571.03,6570.59
1234,6149.61,6163.44,6188.52
1235,4437.62
1236,26498.3
1237,23340.2
1238,14874
1239,26308.9
1240,14137.7
1241,16246.9
1242,28507.8
1243,25017
1244,28830.7
1245,14557.6
1246,14719.8
1247,29119
1248,11288.3
1249,20635.3,20656.8,20602.5
1250,39299.9
1251,17542.1
1252,29507.9
1253,40156.6
1254,13419
1255,30488.4,30445.7,30460.4,30435.6,30489.2,30462.7
1256,38097.4,38077.6
