1,1,2,3,4,85,86,87,88,185,186,187,188,189,190,191,192,193,226,227,228,229,230,231,232
2,1,2,3,4,5,6,62,63,64,155,156,157,158,159,160,161,162,163,164,165,166,167,168,169,170,171,172,173,174,175,176,177,178,179,180,181,182,183,184,185,186,187,188,189,464,465,466,534,535,536,537,538,539,540,541,542,543,544,859,897,1121,1516,1517,1605,1732,1752,1753,1892,1893,2504,2588,2713,3015,3307,3308,3449,3450,3635,3636,3641
3,1,2,3,4,5,6,7,100,101,102,103,104,107,108,109,110,111,112,114,117,118,119,121,122,124,125,126,127,128,131,178,179,209,211,212,214,216,217,218,219,220,221,222,223,226,229,231,232,508,509,510,511,1249
4,1,2,3,50,51,52,53,54,55,56,57,58,59,60,72,73,94,95,96,97,123,124,125,126,127
5,1,2,3,4,5,6,7,8,9,10,11,12,13,14,15,16,17,18,19,20,21,22,23,24,25,26,27,28,29,30,31,32,33,34,35,36,37,387,396
6,1,2,3,4,6,7
7,1,2,3,66,67,68,69,70,71,72,73,74,75,76,77,78,79,80,81,82,83,84,85,86,87,97,98,99,100,124,125,126,127,128,148
8,1,2,3,4,5,6,7,39,40,41,42,43,77,78,79,80,263,264,336,612,800,971,1180,1434,1642,1849,1850,1858,1859,1937,1938,1939,1940,1941,1942,1947,1948,1949,1963,1964,1965,1966,1967,1998,1999,2000,2001,2002,2003,2005,2006,2007,2056,2057,2058,2059,2060,2061,2062,2063,2064,2065,2066,2067,2068,2069
9,1,7,8,9,10,12,13
10,1,2,5,6,7,8,9,134,135,136,137,138,139,140,141,318
11,1,2,3,4,5,6,7,25,26,27,28,29,30,50,51,52,53,54,55,56,57,58,59,60,61,62,63,64,65,66,67,68,69,87,88,89,90,91,92
12,1
13,1,2,3,4,5,6,7,8,9,10,11,12,13,14,15
14,1,2,3,4,5,6,7,8,9,222,223,361,362,383,384,385,386,387,388,389
15,1,2,3,4,5,6,7,8,9,10,11,12,13,14,15,16,17,18,19,20,21,22,23,24,25,69,70,71,72,73,74,75,348,349,350,351,352,353,354,355,472,473,474,475,476,477,478,479,480,481,482,483,484,485,499,500,501,502,503,504,533,534,535,564,565,566,567,578,579,580,581,582,616,617,618,619,620,621,622,623,624,838,839,840,921,922,923,924,959,960,961,1033,1034,1035,1036,1037,1038,1203,1204,1205,1206
16,1,3,116,119
17,1,145,146,149,153,154,315,589,591,592,594,597,598,599,600,603,609
18,1,2,3,4,5,6,7,8,9,10,11,12,13,14,15,16,17,18,19,20,21,22,23,24,25,26,27,28,29,30,31,32,33,34,35,36,37,38,39,163,164,165,166,167,608,609
19,1,2,3,4,5,6,30,31,32,33,34,35,36,37,145,146,147,149,150,151,153,154,155,156,157,158,295,296,297,298,299,300,301,302,303,712,713,714,716,717,718,719,720,721,722,724,725,726,727,728,729
20,1,2,3,4,5,6,7,8,9,10,11,12,13,14,15,16,17,18,19,20,21,22,23,24,25,26,27,28,29,30,31,32,33,34,35,36,37,38,39,40,41,42,43,44,45,46,47,48,49,50,51,52,53,54,55,56,57,58,59,60,61,62,63,64,65,66,67,68,69,70,71,72,73,74,75,76,77,78,114,115,116,117,118,120,121,122,123,124,125,165,166,167,168,169,170,171,172,173,174,175,176,177,178,179,180,267
21,1,41,42,43,44,45,46,47,48,49,50,71,72,73,74,75,76,77,78,79,80,81,116,117,118,234,235,236,237,238,558,607,608,609,610,611,612,613,614,615,616,617,628,629,862,863,864,865,866,908,942,943,944,945,946,947,962,963,964,965,966,967,968,969,1086,1087,1088,1089,1090,1172
22,1,2,4,5,6,7,9,12,13,15,17,18,19,20,23,24,26,27,29,30,31,32,33,34,36,38,39,40,42,44,45,399,400,401,402,403,404,405,406,407,408,409,411,412,413,414,415,416,417,418,419,518,519,520,521,522,523,524,568,645,646,647,648
23,1,2,3,4,5,6,7,8,9,10
24,1,2,3,4,5,6,7,8,9,10,11,130,131,152,153,154,155,156,157,158,159,266,267,268,269,283,284
25,1,2,3,4,52,53,55,56,57,58,59,61,62,63,64,65,66,141,142,143,285,286,287,288,289,290,291,292,293,294,295,296,297,298,299,300,301,302,303,339,340,341,342,343,344,345,346,347,348,349,350,351,352,353,354,355,356,358,359,360,361,362,363,364,365,366,367,368,369,370,371,372,373,410,411,412,413,414,415,416,417,418,419,420,421,422,423,424,425,426,427,428,429,430,431,432,433,434,435,436,437,467,468,650,651,652,653,654,767,768,769,924,925,926,927,928,929,930,931,932,933,934,935,936,937,938,939,940,941,942,943,944,945,946,947,948,949,950,951,952,1009,1010,1011,1012,1013,1014,1015,1016,1017,1018,1019,1020,1021,1022,1023,1100,1101,1102,1103,1104,1105,1106,1107,1194,1195,1196,1197,1198,1199,1200,1201,1202,1203,1204,1205,1206,1586,1587,1588,1589,1590,1591,1592,1593,1594,1713,1714,1715,1716,1717,1960
26,1,93,99,101,102,103,104,105,106,107,108,109,110,111,119,120,136,138,139,140,148
27,1,2,99,100,101,102,103,104,105,106,107,108,109,110,111,112,113,114,115,116,117,118,119,120,121,122,123,124,125,126,127,128,129,130,131,132,133,134,135,136,137,138,139,140,141,142,143,144,145,146,147,325,326,373,374,375,376,377,378,379,410,411,412,413,414,415,416,417,418,419,420,421,422,423,424,425,426,427,509,510,511,512,513,514,515,516,517,518,519,520,735,736,737,738,739,740,741,742,743,744
28,1,2,11,31,32,33,34,80,81,97,98,99,100
29,1,159,160,161,162,163,164,174,175,176,270,271,272,273,274,275,276,277,278,279,294,295,296,307,308,309,310,311,312,313,314,315,316,317,318,319,320,321,322,333,382,383,384,400,401,607,608,611,612,613,614,615,846,847,848,877,1113,1114,1151,1152,1153,1154,1229,1230,1231,1232,1233,1234,1235,1236,1237,1238,1239,1240,1241,1242,1243,1244,1245,1246,1247,1328,1387,1426,1427,1428,1429,1430,1431,1432,1553,1554,1555,1556,1557,1558,1559,1560,1561,1586,1587,1588,1589,1590,1715,1716,1717,1718,1781,1782,1783,1784,1785,1866,1867,1871,1872,1976,2021,2151,2152,2153
30,1,2,3,4,5,6,7,8,9,10,11,12,13,86,87,139,140,141
31,1,2,3,22,23,24,25,158,159,160,161,162,227,228,229,230,291,292,293,294,295,296,297,298,299,340,341,342,343,344,345,346,390,391,392,393,394,395,396,397,398,507,508,509,510,511,512,513,514,570,571,572,680,681,682,683,684,685,686,759,760,930,931,936,937,938,939,940,941,942,943,944,945,946,947,948,949,950,951
32,1,2,3,118,119,120,121,122,123,124,125,126,127,128
33,1,2,3,85,86,87,88,90,91,92,93,94,95,96,97,98,99,100,101,102
34,1,3,4,5,7,8
35,1,2,3,4,5,6,7,8,9,10,11,12,13,14,15,16,17,18,1036,1277,1278,1279,1280
36,1,2,3,4,5,6,7,8,10,104,105,106,107,108,109,110,111,112,113,114,115,116,117,118,120,121,122,123,124,125,126,127,128,129,130,131,132,133,334,336,337,438,439,440,442,443,642,643,881,882,883,884,885,886,887,888,889,890,891,892,893,894,895,896,897,898,899,1044,1045,1046,1047,1048,1049,1050,1051
37,1,2,3,6,7,18,19,20,21,22,23,514,515,517,518,519,520,521,522,523,524,525,526,527,528,529,530,531,532,533,534,535,668,671,674,675,755,756,757,758,759,760
38,1,2,3,4,5,6,7,8,9,10,11,12,13,14,15,16,17,18,19,20,21,22,23,24,25,26,27,28,29,30,31,32,33,34,35,36,37,38,39,40,41,42,43,44,45,46,47,48,49,50,51,52,55,56,60,61,62,63,64,65,66,67,68,71,72,73,79,80,83,87,88,89,90,91,92,93,94,95,96,97,98,100,101,102,103,105,106,107,108,109,110,111,112,113,114,115,116,117,118,119,120,121,122,123,124,125,126,127,128,129,130,131,132,133,134,135,136,137,138,139,140,141,142,143,144,145,146,147,148,149,150,151,152,153,154,155,156,157,158,159,160,161,162,163,164,165,166,167,168,169,170,171,172,173,174,175,176,177,178,179,180,181,182,183,184,185,186,187,188,189,190,191,192,193,194,195,197,198,199,202,203,204,205,206,207,208,209,210,211,212,213,214,215,216,217,218,219,220,222,223,224,225,227,229,230,231,232,233,234,235,236,237,238,243,245,249,250,251,252,253,254,255,256,257,258,259,260,261,262,263,264,265,266,267,268,269,270,271,273,276,277,278,279,280,281,282,284,285,286,287,288,289,290,291,293,294,295,296,297,298
39,1
40,1,2,32,33,34,35,36,37,38,39,40,41,42,44,45,46,47,48,50,51,52,53,54,55,56,57,58,59,60,61,62,63,282,283,284,285,286,287
41,1,2,5,9,10,11,13
42,1,2,3,5,75,76,97,98,99,100,101,102,103,104,105,106,107,108,228,229,230,231,232,233,234,235,237,239,240,241,242,243,244,245,246
43,1,2,3,4,5,6,7,8,9,10,11,12,13,14,15
44,1,2,3,4,5,6,7,8,9,10,11,12,13,14,15,16,17,18,19,20,21,22,23,24,25,26,27,28,29,30,31,32,33,34,35,36,37,38,39,40,41,42,43,44,45,46,47,48,49,50,51,52,53,54,55,56,57,58,59,60,61,62,63,64,65,66,67,68,69,70,71,72,73,74,75,76,77,78,79,80,81,82,83,84,85,86,87,88,89,90,91,92,93,94,95,96,97,98,99,100,101,102,103,104,105,106,107,108,109,110,111,112,113,114,115,116,117,118,119,120,121,122,123,124,125,126,127,128,129,130,131,132,133,134,135,136,137,138,139,140,141,142,143,144,145,146,147,148,149,150,151,152,153,154,155,156,157,158,159,160,161,162,163,164,165,166,167,168,169,170,171,172,173,174,175,176,177,178,179,180,181,182,183,184,185,186,187,188,189,190,191,192,193,194,195,196,197,198,199,200,201,202,203,204,205,206,207,208,209,210,211,212,213,214,215,216,217,218,219,220,221,222,223,224,225,226,227,228,229,230,231,232,233,234,235,236,237,238,239,240,245,247,248,249,250,252,253,254,255,258,259,266,269,270,271,272,273,274,275,276,277,278,279,280,281,282,283,284,285,287,288,289,290,291,292,293,294,295,296,297,298,299,300,301,302,303,304,305,306,307,308,309,310,313,315,316,317,318,319,320,321,322,323,324,325,326,327,328,329,330,331,332,333,334,335,336,337,338,339,340,341,342,343,344,345,346,347,348,349,350,351,352,353,354,355,356,357,358,359,360,361,362,363,364,365,366,367,368,369,370,371,372,373,374,375,376,377,378,379,380,381,382,383,384,385,386,387,388,389,390,391,392,393,395,396,397,398,399,400,401,402,403,405,407,409,410,412,413,414,416,418,419,420,421,422,423,424,425,426,427,428,429,430,431,432,433,434,435,436,437,438,439,440,441,442,443,444,445,446,447,448,449,450,451,452,453,454,455,456,457,458,459,460,461,462,463,464,465,466,467,468,469,470,471,472,473,474,475,476,477,478,479,480,481,482,483,484,485,486,487,488,489,490,491,492,493,494,495,496,497,498,499,500,501,502,503,504,505,506,507,508,509,510,511,512,513,514,515,516,517,518,519,520,521,522,523,524,525,526,527,528,529,530,531,532,533,534,535,536,537,538,539,540,541,542,543,544,545,546,547,548,549,550,551,552,553,554,555,556,557,558,559,560,561,562,563,564,565,566,567,568,569,570,571,572,573,574,575,576,577,578,579,580,581,582,583,584,585,586,587,588,589,590,591,592,593,594,595,596,597,598,599,600,601,602,603,604,605,606,607,608,609,610,611,612,613,614,615,616,617,618,619,620,621,622,623,624,625,626,627,628,629,630,631,632,633,634,635,636,637,638,639,640,641,642,643,644,645,646,647,648,649,650,651,652,653,654,655,656,657,658,659,660,661,662,663,665,668,669,670,671,672,673,674,675,676,677,678,679,680,681,682,683,684,685,686,687,688,689,690,691,692,693,694,695,696,697,698,699,700,701,702,703,704,705,706,707,708,709,710,711,712,713,714,715,716,717,731,732,733,734,735,736,737,738,739,740,741,742,743,744,745,746,747,748,749,750,751,752,753,754,755,756,757,758,759,760,761,762,763,764,765,766,767,768,769,770,771,772,773,774,775,776,777,778,779,780,781,782,783,784,785,786,787,788,789,790,791,792,793,794,795,796,797,798,799,800,801,802,803,804,805,806,807,808,809,810,811,812,813,814,815,816,817,818,819,820,821,822,823,824,825,826,827,828,829,830,831,832,833,834,835,836,837,838,839,840,841,842,843,844,845,846,847,848,849,850,851,852,853,854,855,856,857,858,859,860,861,862,863,864,865,866,867,868,869,870,871,872,873,874,875,876,877,878,879,880,881,882,883,884,885,886,887,888,889,890,891,892,893,894,895,896,897,898,899,900,901,902,903,904,905,906,907,908,909,910,911,912,913,914,915,916,917,918,919,920,921,922,923,924,925,926,927,928,929,930,931,932,933,934,935,936,937,938,939,940,941,942,943,944,945,946,947,948,949,950,951,952,953,954,955,956,957,958,959,960,961,962,963,964,965,966,967,968,969,970,971,972,973,974,975,976,977,978,979,980,981,982,983,984,985,986,987,988,989,990,991,992,993,994,995,996,997,998,999,1000,1001,1002,1003,1004,1005,1006,1007,1008,1009,1010,1011,1012,1013,1014,1015,1016,1017,1018,1019,1020,1021,1022,1023,1024,1025,1026,1027,1028,1029,1030,1031,1032,1033,1034,1035,1036,1037,1038,1039,1040,1041,1042,1043,1044,1045,1046,1047,1048,1049,1050,1051,1052,1053,1054,1055,1056,1057,1058,1059,1060,1061,1062,1063,1064,1065,1066,1067,1068,1069,1070,1071,1072,1073,1074,1075,1076,1077,1078,1079,1080,1081,1082,1083,1084,1085,1086,1087,1088,1089,1090,1091,1092,1093,1094,1095,1096,1097,1098,1099,1100,1101,1102,1103,1104,1105,1106,1107,1108,1109,1110,1111,1112,1113,1114,1115,1116,1117,1118,1119,1120,1121,1122,1123,1124,1125,1126,1127,1128,1129,1130,1131,1132,1133,1134,1135,1136,1137,1138,1139,1140,1141,1142,1143,1144,1145,1146,1147,1148,1149,1150,1151,1152,1153,1154,1155,1156,1157,1158,1159,1160,1161,1162,1163,1164,1165,1166,1167,1168,1169,1170,1171,1172,1173,1174,1175,1176,1177,1178,1179,1180,1181,1182,1183,1184,1185,1186,1187,1188,1189,1190,1191,1192,1193,1194,1195,1196,1197,1198,1199,1200,1201,1202,1203,1204,1205,1206,1207,1208,1209,1210,1211,1212,1213,1214,1215,1216,1217,1218,1219,1220,1221,1222,1223,1224,1225,1226,1227,1228,1229,1230,1231,1232,1233,1234,1235,1236,1237,1238,1239,1240,1241,1242,1243,1244,1245,1246,1247,1248,1249,1250,1251,1252,1253,1254,1255,1256,1257,1258,1259,1260,1261,1262,1263,1264,1265,1266,1267,1268,1269,1270,1271,1272,1273,1274,1275,1276,1277,1278,1279,1280,1281,1282,1283,1284,1285,1286,1287,1288,1289,1290,1291,1292,1293,1294,1295,1296,1298,1299,1300,1301,1302,1303,1304,1305,1306,1307,1308,1309,1310,1311,1312,1313,1314,1315,1316,1317,1318,1319,1320,1321,1322,1323,1324,1325,1326,1327,1328,1329,1330,1331,1332,1333,1334,1335,1336,1337,1338,1339,1340,1341,1342,1343,1344,1345,1346,1347,1348,1349,1350,1351,1352,1353,1354,1355,1356,1357,1358,1359,1360,1361,1362,1363,1364,1365,1366,1367,1368,1369,1370,1371,1372,1373,1374,1375,1376,1377,1378,1379,1380,1381,1382,1383,1384,1385,1386,1387,1388,1389,1390,1391,1392,1393,1394,1395,1396,1397,1398,1399,1400,1401,1402,1403,1404,1405,1406,1407,1408,1409,1410,1411,1412,1413,1414,1415,1416,1417,1418,1419,1420,1421,1422,1423,1424,1425,1426,1427,1432,1433,1434,1435,1436,1437,1438,1439,1440,1441,1442,1443,1444,1445,1446,1447,1448,1449,1450,1451,1452,1453,1454,1455,1456,1457,1458,1459,1460,1461,1462,1463,1464,1465,1466,1467,1468,1469,1470,1471,1472,1473,1474,1475,1476,1477,1478,1479,1480,1481,1482,1483,1484,1485,1486,1487,1488,1489,1490,1491,1492,1493,1494,1495,1496,1497,1498,1499,1500,1501,1502,1503,1504,1505,1506,1507,1508,1509,1510,1511,1512,1513,1514,1515,1516,1517,1518,1519,1520,1521,1522,1523,1524,1525,1526,1527,1528,1529,1530,1531,1532,1533,1534,1535,1536,1537,1538,1539,1540,1541,1542,1543,1544,1545,1546,1547,1548,1549,1550,1551,1552,1553,1554,1555,1556,1557,1558,1559,1560,1561,1562,1563,1564,1565,1566,1567,1568,1569,1570,1571,1572,1573,1574,1575,1576,1577,1578,1579,1580,1581,1582,1583,1584,1585,1586,1587,1588,1589,1590,1591,1592,1593,1594,1595,1596,1597,1598,1599,1600,1601,1602,1603,1604,1605,1606,1607,1608,1609,1610,1611,1612,1613,1614,1615,1616,1617,1618,1619,1620,1621,1622,1623,1624,1625,1626,1627,1628,1629,1630,1631,1632,1633,1634,1635,1636,1637,1638,1639,1640,1641,1642,1643,1644,1645,1646,1647,1648,1649,1650,1651,1652,1653,1654,1655,1656,1657,1658,1659,1660,1661,1662,1663,1664,1665,1666,1667,1668,1669,1670,1671,1672,1673,1674,1675,1676,1677,1678,1679,1680,1681,1682,1683,1684,1685,1686,1687,1688,1689,1690,1691,1692,1693,1694,1695,1696,1697,1698,1699,1700,1701,1702,1703,1704,1705,1706,1707,1708,1709,1710,1711,1712,1713,1714,1715,1716,1717,1718,1719,1720,1721,1722,1723,1724,1725,1726,1727,1728,1729,1730,1731,1732,1733,1734,1735,1736,1737,1738,1739,1740,1741,1742,1743,1744,1745,1746,1747,1748,1749,1750,1751,1752,1753,1754,1755,1756,1757,1758,1759,1760,1761,1762,1763,1764,1765,1766,1767,1768,1769,1770,1771,1772,1773,1774,1775,1776,1777,1778,1779,1780,1781,1782,1783,1784,1785,1786,1787,1788,1789,1790,1791,1792,1793,1794,1795,1796,1797,1798,1799,1800,1801,1802,1803,1804,1805,1806,1807,1808,1809,1810,1811,1812,1813,1814,1815,1816,1817,1818,1819,1820,1821,1822,1823,1824,1825,1826,1827,1828,1829,1830,1831,1832,1833,1834,1835,1836,1837,1838,1839,1840,1841,1842,1843,1844,1845,1846,1847,1848,1849,1850,1851,1852,1853,1854,1855,1856,1857,1858,1859,1860,1861,1862,1863,1864,1865,1866,1867,1868,1869,1870,1871,1872,1873,1874,1875,1876,1877,1878,1879,1880,1881,1882,1883,1884,1885,1886,1887,1888,1889,1890,1891,1892,1893,1894,1895,1896,1897,1898,1899,1900,1901,1902,1903,1904,1905,1906,1907,1908,1909,1910,1911,1912,1913,1914,1915,1916,1917,1918,1919,1920,1921,1922,1923,1924,1925,1926,1927,1928,1929,1930,1931,1932,1933,1934,1935,1936,1937,1938,1939,1940,1941,1942,1943,1944,1945,1946,1947,1948,1949,1950,1951,1952,1953,1954,1955,1956,1957,1958,1959,1960,1961,1962,1963,1964,1965,1966,1967,1968,1969,1970,1971,1972,1973,1974,1975,1976,1977,1978,1979,1980,1981,1982,1983,1984,1985,1986,1987,1988,1990,1991,1992,1993,1994,1995,1996,1997,1998,1999,2000,2001,2002,2003,2004,2005,2006,2007,2008,2009,2010,2011,2012,2013,2014,2015,2016,2017,2018,2019,2020,2021,2022,2023,2024,2025,2026,2027,2028,2029,2030,2031,2032,2033,2034,2035,2036,2037,2038,2039,2040,2041,2042,2043,2044,2045,2046,2047,2048,2049,2050,2051,2052,2053,2054,2055,2056,2057,2058,2059,2060,2061,2062,2063,2064,2065,2066,2067,2068,2069,2070,2071,2072,2073,2074,2075,2076,2077,2078,2079,2080,2081,2082,2083,2084,2085,2086,2087,2088,2089,2090,2091,2092,2093,2094,2095,2096,2097,2098,2099,2100,2101,2102,2103,2104,2105,2106,2107,2108,2109,2110,2111,2112,2113,2114,2115,2116,2117,2118,2119,2120,2121,2122,2123,2124,2125,2126,2127,2128,2129,2130,2131,2132,2133,2134,2135,2136,2137,2138,2139,2140,2141,2142,2143,2144,2145,2146,2147,2148,2149,2150,2151,2152,2153,2154,2155,2156,2157,2158,2159,2160,2161,2162,2163,2164,2165,2166,2167,2168,2169,2170,2171,2172,2173,2174,2175,2176,2177,2178,2179,2180,2181,2182,2183,2184,2185,2186,2187,2188,2189,2190,2191,2192,2193,2194,2195,2196,2197,2198,2199,2200,2201,2202,2203,2204,2205,2206,2207,2208,2209,2210,2211,2212,2213,2214,2215,2216,2217,2218,2219,2220,2221,2222,2223,2224,2225,2226,2227,2228,2229,2230,2231,2232,2233,2234,2235,2236,2237,2238,2239,2240,2241,2242,2243,2244,2245,2246,2247,2248,2249,2250,2251,2252,2253,2254,2255,2256,2257,2258,2259,2260,2261,2262,2263,2264,2265,2266,2267,2268,2269,2270,2271,2272,2273,2274,2275,2276,2277,2278,2279,2280,2281,2282,2283,2284,2285,2286,2287,2288,2289,2290,2291,2292,2293,2294,2295,2296,2297,2298,2299,2300,2301,2302,2303,2304,2305,2306,2307,2308,2309,2310,2311,2312,2313,2314,2315,2316,2317,2318,2319,2320,2321,2322,2323,2324,2325,2326,2327,2328,2329,2330,2331,2332,2333,2334,2335,2336,2337,2338,2339,2340,2341,2342,2343,2344,2345,2346,2347,2348,2349,2350,2351,2352,2353,2354,2355,2356,2357,2358,2359,2360,2361,2362,2363,2364,2365,2366,2367,2368,2369,2370,2371,2372,2373,2374,2375,2376,2377,2378,2379,2380,2381,2382,2383,2384,2385,2386,2387,2388,2389,2390,2391,2392,2393,2394,2395,2396,2397,2398,2399,2400,2401,2402,2403,2404,2405,2406,2407,2408,2409,2410,2411,2412,2413,2414,2415,2416,2417,2418,2419,2420,2421,2422,2423,2424,2425,2426,2427,2428,2429,2430,2431,2432,2433,2434,2435,2436,2437,2438,2439,2440,2441,2442,2443,2444,2445,2446,2447,2448,2449,2450,2451,2452,2453,2454,2455,2456,2457,2458,2459,2460,2461,2462,2463,2464,2465,2466,2467,2468,2469,2470,2471,2472,2473,2474,2475,2476,2477,2478,2479,2480,2481,2482,2483,2484,2485,2486,2487,2488,2489,2490,2491,2492,2493,2494,2495,2496,2497,2498,2499,2500,2501,2502,2503,2504,2505,2506,2507,2508,2509,2510,2511,2512,2513,2514,2515,2516,2517,2518,2519,2520,2521,2522,2523,2524,2525,2526,2527,2528,2529,2530,2531,2532,2533,2534,2535,2536,2537,2538,2539,2540,2541,2542,2543,2544,2545,2546,2547,2548,2549,2550,2551,2552,2553,2554,2555,2556,2557,2558,2559,2560,2561,2562,2563,2564,2565,2566,2567,2568,2569,2570,2571,2572,2573,2574,2575,2576,2577,2578,2579,2580,2581,2582,2583,2584,2585,2586,2587,2588,2589,2590,2591,2592,2593,2594,2595,2596,2597,2598,2599,2600,2601,2602,2603,2604,2605,2606,2607,2608,2609,2610,2611,2612,2613,2614,2615,2616,2617,2618,2619,2620,2621,2622,2623,2624,2625,2626,2627,2628,2629,2630,2631,2632,2633,2634,2635,2636,2637,2638,2639,2640,2641,2642,2643,2644,2645,2646,2647,2648,2649,2650,2651,2652,2653,2654,2655,2656,2657,2658,2659,2660,2661,2662,2663,2664,2665,2666,2667,2668,2669,2670,2671,2672,2673,2674,2675,2676,2677,2678,2679,2680,2681,2682,2683,2684,2685,2686,2687,2688,2689,2690,2691,2692,2693,2694,2695,2696,2697,2698,2699,2700,2701,2702,2703,2704,2705,2706,2707,2708,2709,2710,2711,2712,2713,2714,2715,2716,2717,2718,2719,2720,2721,2722,2723,2724,2725,2726,2727,2728,2729,2730,2731,2732,2733,2734,2735,2736,2737,2738,2739,2740,2741,2742,2743,2744,2745,2746,2747,2748,2749,2750,2751,2752,2753,2754,2755,2756,2757,2758,2759,2760,2761,2762,2763,2764,2765,2766,2767,2768,2769,2770,2771,2772,2773,2774,2775,2776,2777,2778,2779,2780,2781,2782,2783,2784,2785,2786,2787,2788,2789,2790,2791,2792,2793,2794,2795,2796,2797,2798,2799,2800,2801,2802,2803,2804,2805,2806,2807,2808,2809,2810,2811,2812,2813,2814,2815,2816,2817,2818,2819,2820,2821,2822,2823,2824,2825,2826,2827,2828,2829,2830,2831,2832,2833,2834,2835,2836,2837,2838,2839,2840,2841,2842,2843,2844,2845,2846,2847,2848,2849,2850,2851,2852,2853,2854,2855,2856,2857,2858,2859,2860,2861,2862,2863,2864,2865,2866,2867,2868,2869,2870,2871,2872,2873,2874,2875,2876,2877,2878,2879,2880,2881,2882,2883,2884,2885,2886,2887,2888,2889,2890,2891,2892,2893,2894,2895,2896,2897,2898,2899,2900,2901,2902,2903,2904,2905,2906,2907,2908,2909,2910,2911,2912,2913,2914,2915,2916,2917,2918,2919,2920,2921,2922,2923,2924,2925,2926,2927,2928,2929,2930,2931,2932,2933,2934,2935,2936,2937,2938,2939,2940,2941,2942,2943,2944,2945,2946,2947,2948,2949,2950,2951,2952,2953,2954,2955,2956,2957,2958,2959,2960,2961,2962,2963,2964,2965,2966,2967,2968,2969,2970,2971,2972,2973,2974,2975,2976,2977,2978,2979,2980,2981,2982,2983,2984,2985,2986,2987,2988,2989,2990,2991,2992,2993,2994,2995,2996,2997,2998,2999,3000,3001,3002,3003,3004,3005,3006,3007,3008,3009,3010,3011,3012,3013,3014,3015,3016,3017,3018,3019,3020,3021,3022,3023,3024,3025,3026,3027,3028,3029,3030,3031,3032,3033,3034,3035,3036,3037,3038,3039,3040,3041,3042,3043,3044,3045,3046,3047,3048,3049,3050,3051,3052,3053,3054,3055,3056,3057,3058,3059,3060,3061,3062,3063,3064,3065,3066,3067,3068,3069,3070,3071,3072,3073,3074,3075,3076,3077,3078,3079,3080,3081,3082,3083,3084,3085,3086,3087,3088,3089,3090,3091,3092,3093,3094,3095,3096,3097,3098,3099,3100,3101,3102,3103,3104,3105,3106,3107,3108,3109,3110,3111,3112,3113,3114,3115,3116,3117,3118,3119,3120,3121,3122,3123,3124,3125,3126,3127,3128,3129,3130,3131,3132,3133,3134,3135,3136,3137,3138,3139,3140,3141,3142,3143,3144,3145,3146,3147,3148,3149,3150,3151,3152,3153,3154,3155,3156,3157,3158,3159,3160,3161,3162,3163,3164,3165,3166,3167,3168,3169,3170,3171,3172,3173,3174,3175,3176,3177,3178,3179,3180,3181,3182,3183,3184,3185,3186,3187,3188,3189,3190,3191,3192,3193,3194,3195,3196,3197,3198,3199,3200,3201,3202,3203,3204,3205,3206,3207,3208,3209,3210,3211,3212,3213,3214,3215,3216,3217,3218,3219,3220,3221,3222,3223,3224,3225,3226,3227,3228,3229,3230,3231,3232,3233,3234,3235,3236,3237,3238,3239,3240,3241,3242,3243,3244,3245,3246,3247,3248,3249,3250,3251,3252,3253,3254,3255,3256,3257,3258,3259,3260,3261,3262,3263,3264,3265,3266,3267,3268,3269,3270,3271,3272,3273,3274,3275,3276,3277,3278,3279,3280,3281,3282,3283,3284,3285,3286,3287,3288,3289,3290,3291,3292,3293,3294,3295,3296,3297,3298,3299,3300,3301,3302,3303,3304,3305,3306,3307,3308,3309,3310,3311,3312,3313,3314,3315,3316,3317,3318,3319,3320,3321,3322,3323,3324,3325,3326,3327,3328,3329,3330,3331,3332,3333,3334,3335,3336,3337,3338,3339,3340,3341,3342,3343,3344,3345,3346,3347,3348,3349,3350,3351,3352,3353,3354,3355,3356,3357,3358,3359,3360,3361,3362,3363,3364,3365,3366,3367,3368,3369,3370,3371,3372,3373,3374,3375,3376,3377,3378,3379,3380,3381,3382,3383,3384,3385,3386,3387,3388,3389,3390,3391,3392,3393,3394,3395,3396,3397,3398,3399,3400,3401,3402,3403,3404,3405,3406,3407,3408,3409,3410,3411,3412,3413,3414,3415,3416,3417,3418,3419,3420,3421,3422,3423,3424,3425,3426,3427,3428,3429,3430,3431,3432,3433,3434,3435,3436,3437,3438,3439,3440,3441,3442,3443,3444,3445,3446,3447,3448,3449,3450,3451,3452,3453,3454,3455,3456,3457,3458,3459,3460,3461,3462,3463,3464,3465,3466,3467,3468,3469,3470,3471,3472,3473,3474,3475,3476,3477,3478,3479,3480,3481,3482,3483,3484,3485,3486,3487,3488,3489,3490,3491,3492,3493,3494,3495,3496,3497,3498,3499,3500,3501,3502,3503,3504,3505,3506,3507,3508,3509,3510,3511,3512,3513,3514,3515,3516,3517,3518,3519,3520,3521,3522,3523,3524,3525,3526,3527,3528,3529,3530,3531,3532,3533,3534,3535,3536,3537,3538,3539,3540,3541,3542,3543,3544,3545,3546,3547,3548,3549,3550,3551,3552,3553,3554,3555,3556,3557,3558,3559,3560,3561,3562,3563,3564,3565,3566,3567,3568,3569,3570,3571,3572,3573,3574,3575,3576,3577,3578,3579,3580,3581,3582,3583,3589,3594,3595,3596,3597,3598,3599,3600,3601,3602,3603,3604,3605,3606,3607,3608,3609,3610,3611,3612,3613,3614,3615,3616,3617,3618,3619,3620,3621,3622,3623,3624,3625,3626,3627,3628,3629,3630,3631,3632,3633,3634,3635,3636,3637,3638,3639,3640,3641,3642,3643,3644,3645,3646,3647,3648,3649,3650,3651,3652,3653,3654,3655,3656,3657,3658,3659,3660,3661,3662,3663,3664,3665,3666,3667,3668,3669,3670,3671,3672,3673,3674,3675,3676,3677,3678,3679,3680,3681,3682,3683,3684,3685,3686,3687,3688,3689,3690,3691,3692,3693,3694,3695,3696,3697,3698,3699,3700,3701,3702,3703,3704,3705,3706,3707,3708,3709,3710,3711,3712,3713,3714,3715,3716,3717,3718,3719,3720,3721,3722,3723,3724,3725,3726,3727,3728,3729,3730,3731,3732,3733,3734,3735,3736,3737,3738,3739,3740,3741,3742,3743,3744,3745,3746,3747,3748,3749,3750,3751,3752,3753,3754,3755,3756,3757,3758,3759,3760,3761,3762,3763,3764,3765,3766,3767,3768,3769,3770,3771,3772,3773,3774,3775,3776,3777,3778,3779,3780,3781,3782,3783,3784,3785,3786,3787,3788,3789,3790,3791,3792,3793,3794,3795,3796,3797,3798,3799,3800,3801,3802,3803,3804,3805,3806,3807,3808,3809,3810,3811,3812,3813,3814,3815,3816,3817,3818,3819,3820,3821,3822,3823,3824,3825,3826,3827,3828,3829,3830,3831,3832,3833,3834,3835,3836,3837,3838,3839,3840,3841,3842,3843,3844,3845,3846,3847,3848,3849,3850,3851,3852,3853,3854,3855,3856,3857,3858,3859,3860,3861,3862,3863,3864,3865,3866,3867,3868,3869,3870,3871,3872,3873,3874,3875,3876,3877,3878,3879,3880,3881,3882,3883,3884,3885,3886,3887,3888,3889,3890,3891,3892,3893,3894,3895,3896,3897,3898,3899,3900,3901,3902,3903,3904,3905,3906,3907,3908,3909,3910,3911,3912,3913,3914,3915,3916,3917,3918,3919,3920,3921,3922,3923,3924,3925,3926,3927,3928,3929,3930,3931,3932,3933,3934,3935,3936,3937,3938,3939,3940,3941,3942,3943,3944,3945,3946,3947,3948,3949,3950,3951,3952,3953,3954,3955,3956,3957,3958,3959,3960,3961,3962,3963,3964,3965,3966,3967,3968,3969,3970,3971,3972,3973,3974,3975,3976,3977,3978,3979,3980,3981,3982,3983,3984,3985,3986,3987,3988,3989,3990,3991,3992,3993,3994,3995,3996,3997,3998,3999,4000
45,1,2
46,1,2,3,4,27,123,124,125,126,127,128,171,317,318,319,333,334,335,336,337,338,340,341,342,343,344,345,346,347,348,349,357,358,359,360,361,362,363,364,365,366,367,368,369,370,371,372,373,374,375,376,377,593,594,595,596,597,1147,1148,1150,1178,1180,1183,1184,1185,1186,1187
47,1,88,89,90,91,117,118,119,121,122,123,124,125
48,1,2,3,66,96,97,98,99,100,101,102,103,104
49,1,2,3,4,1072
50,1,2,54,55,56,57,58,59,60,61,62,63,64,65,66,94,95,96,97,98,99,100,150,151,152,153,154,155,156,157,158,159,160,161,162
51,1,162,163,165,166,167,169,497,499,500,501,502,503,858,859,860,861,862
52,1,2,3,4,5,6,7,59,60,61,62,63,64,65,118,119,120,121,122,123,124,125,126,127,128,129,130,131,132,133,134,135,136,137,138,139,140,141,142,143,144,145,146,147,148,149,150,151,152,153,154,169,170,171,172,173
53,1,2,3,4,5,6,180
54,1,2,3,4,5,6,7,8,9,70,71,72,82,83,84,85,203,204,205,206,207,208,209,210,211,212,213,214,215,216,318,319,320,321,367,368,369,370,371,372,373,374,437,438,439,440,441,442,443,444,445,586,587,588,589,590,591,592,679,680,681,682,683,684,685,686,687,688,689,769,770,771,772,773,774,775,776,777,778,779,780,781,782,783,784,785,786,787,788,789,790,791,792,793,794,795,796,797,798,799,800,801,802,803,804,805,806,807,808,809,810,811,812,813,814,815,816,817,911,912,913,914,918,919
55,1,2,3,4,5,6,7,8,9,10,51,52,53,54,55,56,57,58,59,60,61,62,108,109,110,377,378,636,1071,1072,1073,1074,1075,1167,1168,1169,1461,1462,1463,1464,1465,1706,2112,2113,2864,3244,3248,3710
56,1,2,3,4,5,6,7,8,9,10
57,1,2,3,4,5,6,7,8,9
58,1,2,3,4,36,37,38,39,158,159,160,161,162,163,164,165,166,167,168,169,179,180,181,182,183,184,193,194,195,196,203,204,328,329,330,331,332,333,334,335,336,337,372,373,374,375,376,377,378,379,380,381,382,457,458,459,460,461,462,846,847,848,927,928,1166,1167,1168
59,1,2,214,215,216,217,218,219,220,222,223,225,227,229,230,231,393,394,401,409,412,413
60,1,2,3,4,5,6,7,8,9,10,11,12,13,14,15,16,17,18,19,20,55,60,61,81,82,83,84,85,86,87,88,123,124,125,139,142,143,144
61,1,2,39,40,41,42,43,44,110,111,146,147,148,149,150
62,1,2,3,4,5,6,7,8,9,10,11,17,18,19,20,21,22,23,24,25,26,27,28,29,30,31,99,100,101,102,103,104,105,106,108,109,110,111,112,113,114,165,189,190,191,192,193,194,195,196,372,373,374,375,376,377,378,379,380,381,382,383,384,385,386,387,388,389,390,391,392,393,394,395,396,397,398,399,400,401,402,403,404,405,406,407,408,409,410,414,417,418,419,420,421,422,423,424,425,426,427,553,554,555,556,557,616,617,618,619,779,780,897,898,899,900,934,935,936,983,984,985,986,987,988,989,990,991,992,993,994,1124,1125,1126,1127,1128,1129,1130,1131,1132,1133,1186,1187,1188,1189,1190,1191,1192,1193,1194,1195,1196,1197,1198,1199,1200,1201,1202,1203,1204,1205,1339,1340,1341,1342,1343,1344,1345,1346,1347,1368,1369,1370,1371,1372,1373,1374,1375,1376,1377,1378,1379,1380,1381,1382,1392,1443,1444,1445,1446,1447,1448
63,1,52,280,281,282,283,284,285,286,288,289,290,291,370,371,372
64,1,2,464,465,466,467,480,481,482,639,640,641,642,643,644,645,888,889,890,891,892,893,894,979
65,1,341
66,1,2,3,31,32,33,34,35,47,48,49,50,51,52,53,54,55,352,353,354,355,356,357,455,456,457,458
67,1,2,3,4,5,6,7,8,9,10,11,12,13,14,15,16,17,18,19,20,21,22,23,24,25,26,27,28,29,30,31
68,1,2,3,4,5,6,7,8,9,10,11,12,13,156,157,158,159,160,161,162,163,164,165,166,167,168,169,170,171,172,173,174,175,176,177,178,179,180,181,182,353,359,594,595,600,601,602
69,1,2,3,4,5,6,7,8,9,10,11,12,76,77,78,79,80,134,245,246,247,248,249,539,591
70,1,2,3,4,5,6,7,9,10,11,200,201,202,204,205,206,207,208,210,211,212,213,214,215,216,217,218,219,220,276,277,339,340,341,342,344,346,347,348,349,350,351,352,353,355,356,357,358,359,360,361,362,363,364,365,366,367,368,369,370,428,429,430,431,432,434,435,436,437,438,439,440,441,442,443,718
71,1,2,3,4,5,6,7,8,9,10,11,12,13,14,15,16,17,18,19,20,21,22,23,24,25,26,27,28,29,30,31,32,33,221,222,257,258,259,330,331,332,333,334,674,676,677,678,679,680,681,682,683,684,685,686,696,697,698,699,700,723,724,725,726,727,898,899,900,901,902,903
72,1,53,54,332,333,334,335,336,337,338,339,340,341
73,1,3,5,6,7,8,9,10,11,12,13,14,15,17,18,19,20,21,22,23,24,25
74,1,3,6,9,10,11,13,14,15,18,19,20,23,25,26,28,29,30
75,1,2,3,4,5,6,7,8,9
76,1
77,1,178,210,211,212
78,1,2,3,4,5,6,7,8,66,67,70,72,73,75,77
79,1,2
80,1,2,3,4,5,184,185,356,357,358,359,360,361,362,363,364,365,366,367,368,375,376,377,378,379,380,381,382,383,384,455,456,457,458,459,460,461,462,463,464,465,466,467,468,469,470,471,472,473,474,475,476,477,478,479,480,481,482,483,484,485,505,506,507,508,509,510,511,512,513,514,515,516,517,518,519,520,521,522,523,524,525,526,527,528,529,530,531,532,533,534,535,536,537,660,661,662,663,664,665,666,667,668,669,670,671,672,673,674,675,676,677,678,816,817,818,819,820,821,822,823,824,825,826,827,828,829,830,831,833,834,835,836,837,1140,1141,1142,1269,1270,1271,1272,1273,1274,1275,1276,1277,1442
81,1,2,3,4,5,6,7,8,9,10,420,421,422,423,424,425,426,427,535,536,537,538,539,540,550,551,552,633,634,635,800,920,921,922,923,924,925,926,927,928,929,945,946,947,948,949,996,997,998,1041,1078,1079,1080,1081,1082,1083,1084,1085,1138,1139,1140,1141,1156,1157,1158,1159,1160,1161,1217,1315,1316,1317,1318
82,1,22,23,24,25,26,27,28,29,30,31,32,33,34,35,216,217,405,406,407,408,409,410,411,412,413,415,416,418,419,421,422,423
83,2,3,6,7,8,9,10,12,13,14,15,16,19,20,21,185,213,214,215,221,230,231,232,233,234,235,241,365,367,370,371,372,373,374,375,377,378,381,382,383,384,386,387,388,390,391,392,394,395,581,584,585,586,623,664,687,688,707,803,804,806,807,808,809,810,811,829,830
84,2,3,4,10,11,12,13,14,15,16,17,421,422,423,424,679,680,681,682,683,684,685,686,687,688,689,690,691,692,693,694,695
85,2
86,2,148,149,150,152,153,154
87,3,4,5,7,8,9,10,11,16,18,19,20,21,22,23,24,25,29,30,68,69,70,71,72,109
88,3,43,61,67,73,79,82,221,243,295,427,836
89,3,8,10,22,32,77,78,79
90,3
91,3,7,8,9
92,3,5
93,3,4,5,6,7,9,10,11,12,15,16,18,25,26,27,29,30,31,33,34,35,36,37,38,39,40,43,44,45,46,47,48,50,53,54,55,56,57,58,114,115,116,117,118,120,121,197,349,350,351,353,354,355,356,357,358,360,361,362,363,364,365,366,367,368,369,370,371,372,373,374,375,376,377,378,379,380,381,382,383,384,385,386,387,388,389,390,391,392,393,394,395,396,397,398,399,400,402,403,404,405,406,407,409,410,411,413,414,415,416,417,418,419,420
94,3,4,128,129,130,135,136,137,138,139,140,141,142,143,144,287,288,289,290,291,292,395,396,397,398,399,400,401,519,520,521,522,523,524,525,526,527,634
95,3
96,4,5,6,7,8,9,10,11,12,13,14,15,144,145,146,159,160,161,162,163,164,165,172,173,174,175,176,223,224,225,226,227,228,229,230,237,238,239,240
97,4
98,4,17,35
99,4,450,453,455,566,569,571,572,576,577,579,1431,1432,1433,1434,1435,1436,1437,1438,1439,1440,1442,1443,1444,1445,1446,1447,1449,1450,1452,1453,1481,1483,1484,1485
100,6
101,6
102,6,7,64,167,168,169,266,267,328,329,330,331,332,333,440,441,442,506
103,7
104,8,9,187,188,189,190,191,192,193
105,8,9,10,11,12,13,14,15,16,17,18,19,23,24,25,26,27,28,29,63,129,130,131,132,133,134,135,136,137,161,162,163,324,325,326,327,328,329,330,331,332,333,334,335,336,358,359,360,361,362,363,364,365,366,367,368,369,370,371,372,373,374,418,419,420,421,422,424,425,426,427,428,429,430,431,433,460,461,462,463,464,465,466,467,468,469,470,471,472,473,474,475,476,477,478,483,484,485,486,568,569,570,571,607,608,609,610,611,612,613,614,615,616,617,618
106,10,11,12,13,14,15,16,17,18,19
107,14,47,48,49,50,172,259,260,261,449,450,451,452,731,732,733,781,782,826,868,869,940,941,1087,1088,1147,1148,1149,1150
108,15,16,135,136,137,138,139,140
109,16,18,34
110,16,46,47,48
111,17,18,19,20,21,22,23,24,25,26,27,28,29,30,31,32,240,241,244,245,246,247,248,249,250,251,252,253,254,255,256,257,258,259,260,261,262,263
112,18,20,73,75,76,77,78,79,80,82,84,85,87,195,196,197,632,659,688,690,715,718,720,722,723,724,727,728,832,833,834,851,853,854,855,1036,1038,1040,1041,1042,1043,1045,1052,1053,1054,1055,1056,1057,1058,1059,1060,1061,1063,1066,1067,1068,1069,1071,1072,1073,1076,1077,1078,1079,1080,1081,1311,1315,1989,2000,2007,2008,2011
113,18
114,19,22,23,24,41,42,43,49,50,51,52,53,130,131,132,133
115,20,21
116,20,21,22,23,24,25,26,27,28,29,30,43,44,45,46,47,48,49,50,51,52,53,54,55,56,57,58,59,60,61
117,21,22,23,24,25,26,27,28,29,30,31,32,33,34,35,36,37,38,177,178,179,429,430,431,432,433,537,538,559,560,561,562,567,568,569,570,571,574,575,576,577,578,579,580,581,582,583,584,585,586,587,588,589,590,594,595,596,597,598,599,600,601,602,603,647,648,649,650,651,652,653,654,655,656
118,23,24,25,26,27,28,29,30,31,32,33,34,35,112,113,114,115,116,117,118,119,120,121,122,123,124,125,126,127,128,129,130,131,132,133,134,135
119,24,25,26,27,28,29,30,31,32,33,34,35,36,37,38,39,40,41,42,60,146,147,148,149,150,151,152,153,154,252,253,254,277,278,279,280,281,282,289,290,291,292,293,294,295,296,297,298,299,300,301,302,303,304,305,411,445,485,486,487,488,489,490,491,492,493,494,633,634,635,636,637,638,639,640,641,642,643,644,645,646,647,648,649,650,779,820,821,822,823,824,825,1101,1102,1103,1104,1105,1106,1107,1108,1109,1110
120,24,25,26,27
121,25,27
122,26,27,28,29,30,31,32,33,34,51,52,53,54,55,56,57,58,59,60,61,62,63,64,65,66,67,68,69,70,72,73,74,75,76,77,78,79,80,81,82,83,84,85,86,87,88,89,119,120,121,122,123,124
123,32,33,34,35,36,37,38,39,40,41,42,43,44,45,693,694,695,696,743,744,745,746,764,765,766,767,768,782,783,784,785,878,879,880,881,882,883,884,897,898,899,900,901,902,903,904,905,906,907,908,909,910,911,912,913,914,915,916,917,918,919,920,921,922,923,924,1004,1120,1121,1122,1123,1124,1125,1126,1127,1192,1193,1194,1195,1196,1197,1220,1221,1222,1223,1224,1568
124,33,34,35,36,37,38,39,40,41,42,43,44,45,46,47,48,49,50,51,52,53,99,100,101,102,103,104,105,106,108,109,138,139,140,141,142,143,144,145,146,147,148,149,150,151,152,153,154,155,156,157,158,159,160,161,162,163,164,165,166,167,168,169,170,171,172,173,174,175,199,200,201,202,203,204,205,258,458
125,34,35,36
126,34,35,36,37,116,117,118,119,120,121,122,123,124,125,126,127,128,129,130,131,132,267,268,269,270,271,272,273,274,275,708,877,878,879,1114,1166,1242,1403,1466,1467,2004,2005,2010,2087,2477,2583,2971,3154,3241,3242,3669,3695,3696
127,36,38,39,40,41,42,44,45,47,48,49,52,55,56,58,59,61,62,63,66,67,68,69,71,75,77,182,206,208,209,210,212,213,214,215,216,219,220,222,226,230,231,232,233,234,235,236,237,238,253,254,255,354,355,356,357,358,359,360,361,362,363,364,365,366,367,369
128,38
129,38
130,38,39,46,47,48,49,52,55,56,57,89,90,91,92,93,118,124,128,129,131,132,136,138,139,140,142,143,144,145,146,148,149,176,177,179,181,183,281,384,386,406,436,439,440,441
131,42,43,44,158,159,160,161,162,163,164
132,43,44,47,49,50,51,91,171,172,173,174,176,177,180,181,182,185,187,188,452,453,454,455,456,457,458,459,787,920,921,922,923,924,925,926,927,928,932,970,971,1188,1189,1317,1319,1320,1321,1323,1328,1331,1332
133,44,45,46,47,48,49,50,51,52
134,47,48,49,51,52,53,54,126,128,129,130,131,132,133,134,241,242,245,246,247,253,255,256,257,258,260,263,265,268,277,285,286,289,292,293,304,336,337,341,361,362,363,374,378,381,382,383,390,707
135,49
136,50
137,58,59,60,61,62
138,60,61,62,63,64,65,66,67,68,69,71,72,73,75,76,77,78,79,80,81,82,83,84,85,87,88,89,92,94,95,142,143,144,145
139,67,68,69,70,136
140,68,69
141,68,69,70,71,72,73,74,75,76,204,205,206,207,208
142,69,86,89,95
143,70,131,212,213,214,221,222,223,224,225,226,227,228,229,230,231,232,272,273,274,275,276,457
144,71
145,79,80
146,80
147,82,83,84,86,87,147,148,149,150,151,152,153,154,176,660,661,808,809,1314,1316,1320,1322,1324,1325,1327,1331,1334,1337,1338,1341,1343,1346,1348,1350,1351,1352,1355,1357,1359,1362,1363,1365,1368,1380,1712,1713,1718,1721,1722
148,90,138,139,194,329,330,331,332,333,344,345,371,372,373,374,375,376,377,378,379,380,381,382,383,384,385,486
149,94,340,341,342,343,345,346,347,348,349,350,351,352,353,354,355,356,357,358,360,361,391,392,393,394,395,396,397,398
150,99,104
151,99,100,101,102,103,104,105,106,107,108,297,298,299,301,302,303,304,312,313,314
152,105,220,241,466,467,487,488,489,547,548,549,645,665,666,667,668,669,670,671,672,673,674,675,676,677
153,106,196
154,124,125,126,127,128,131,132,133
155,124
156,127
157,132,133
158,134,277,278,279,383,384,385,386,387,388,389,390
159,145,146,147,148,149,150,151,152,153,154,155,220,221,222,223,224,225,226,227,228,229,230,231,232,233,234,235,236,237,238,239,241,242,244
160,147,148,149,150
161,147,148,149,150,151,152,153,154,155,156,157,158,159,160,161,162,163,164,177,178,179,180,195,196,197,218,219,220,221,222,233,234,235,236
162,157,386,388
163,161,244,245,246,247,248,249,252,253,358,359,360,361,415,416,539,540,555,556,557,558,559,560,561,562,574,575,576,577,578,579,580,581,582,583
164,177,178,179,180,181,182,183,184,185,186,187,188,189,190,191,192,193,292,293,294,356,357,358,359,360,361
165,179,180,181,182,183,184,185,186,187,188,189,190,191,192,193,200,201,202,203,204,205,210,338,339,340
166,180,181,182,183,184,185,186,187,188,189,190,191,192,193,194,252,253,254,255,256,257,258,259,321,322,323,324,325,326,327,328,363,364,365,366,367,368,369,370,371,372,373,374,375,376,377,378,379,380,381,382,383,384,385,386,387,388,389,390,391,392,393,394,395,396,397,398,399,400,401,402,403,404,405,408,409,410,411,412,413,414,415,416,417,418
167,183,184,185,186,187,188,197,198,199,200,201,202,203,204,205,206,273,274,275,276,277,278,279,280,281,282,288,289,290,291,292,293,294,295,296,297,298,299,300,301,302,303,304,305,306
168,200,201,202,203,204,205,206,207,208,209,210,236,237,238,239,240,241,242,244,328,329,330,331,332,333,334,352,432,433,476,477,478,479,480,481,482,483,484,485,486,487,488,489,508,509,510,511,512,513,514,604,605,606,607,608,609,610,611,612,613,614,615,902,903
169,202,205
170,207,208,209,210,211,215,217,218,220,221,224,226,227,228,230,232,235,506,511,512,513,514,515,516,519,520,522,523,526,540,541,542,543,544,545,547,550
171,211,212,213,214,215,216,217,218,219,220,221,222,223,259,260,261,262,263,264,265
172,213,214,369,404,405,406,453,454,455,456,457,458,459,561,562,563,564,565,566,567,568,569,1141,1142,1143,1306
173,214,215,258,259,260,261,262,291,292,293,294,295,296,366,367,368,369,511,512,513,514,515,516,517,518,519,520,521,522,523,524,525,526,527,528,529,530,531
174,216,247,333,340,342,344,352,804,806
175,220,221,222,613,614,734,735,736,737,738,739,788,789,790,791,792,793,794,795,796,797,977,978,979,980,981,982,983,984,985,986,987,988,989,990,1020,1021,1022,1023,1024,1025,1026,1027,1028,1029,1030,1031,1032,1033,1216,1217,1235,1236,1237,1238,1239,1240,1241,1300,1301,1302,1303,1304,1305,1306,1307,1308,1309,1310,1549,1550,1551,1552,1746,1747,1748
176,226,227,228,229,230,231,232,233,234,262,263,264,265,266,267,268,269,270,271,272,273,274
177,226,339,624,708,709,710,711,712
178,228,229,230,231,232,280,281,735,736,961,962,978,1216,1217,1218,1230,1231,1232,1386,1387,1446,1447,1448,1449,1450,1451,1504,1671,1672,1673,1674,1701,1702,1703,1704,1782,2099,2100,2101,2102,2154,2155,2156,2157,2158,2183,2184,2211,2212,2436,2437,2438,2589,2590,3520
179,238,239,240,241,242,243,244,245,320,321,322,323,324,370,371,372,373,374,375,376,377,378,379,380,381,382,383,384,385,386,387,388,512,513,514,515,516,520
180,241,319,441,560,561,562,563,564
181,251,252,253,254,315,316,317,318,319,320,321,322,323
182,267,268,270,272,273,274,406,412,1042,1044,1048,1054,1058,1059,1060,1061,1225,1227,1228,1230,1231,1239,1247
183,271,272,273,274
184,273,274,275,276,277
185,284
186,292,316,317,318,319,320,321,322,323,324,325,341,342,343,344,345,346
187,295,296,297,298,299,521,522,523,524,550,551,552,553,554,555,556,557,558,559,560,562,563
188,304,306,308,416,460,461,462,463,480,481,556,557,558,559,560,561,927,929,930,931,932,933,934,937,938,939,941,1045,1047,1050,1051,1052,1053,1054,1056,1058,1059,1060,1061,1062,1063,1064,1065,1066
189,318,319,320,322,323,324,325,326,327,445
190,324,325,435,439,440
191,334,335,336,337,338,339,340,341,342,343
192,339
193,340,1217,1258,1259,1260,1261,1262,1266,1621,1845,1846,1865,1866,1867,1868,1869,1870,1871,1872,1873,1874,1875,1876,1877,1878,1940,1941,1942,1943,1944,1945,1946,2039,2040,2041,2042,2134,2135,2136,2137,2138,2139,2140,2141,2160,2161,2162,2163,2164,2165,2166,2167,2168,2169,2170,2171,2172,2173,2174,2286,2718,2861,2862
194,341,342,343,344,345,354,355,356,445,446,447,448,449,450,451,452,453,523,524,525,526,527,528,529,530,531,571,572,573,587,656,657,658,659,660,661,662,689,690,691,692,693,694,769,770,771,772,773,774,775,776,777,778,779,780,781,782,783,784,785,786,821,822,966,967,968,969,970,971,972,1025,1026,1027,1028,1112,1113,1114,1115,1116,1117,1118,1206,1207,1327,1489,1502,1503,1504,1532,1533,1534,1535,1588,1589,1619,1620,1621,1622,1623,1624,1625,1626,1628,1629,1630,1631,1632,1633,1634,1635,1636
195,347,541,542,543,544,545,546
196,375,376,502,589,590,591,606,607,608,609,610,611,612,639,640,691,692
197,382,582,743
198,384,653,654,655,656,657
199,387,983
200,394,395,396,397,398,399,400,401,402,403,404,405,406,499,500,501,544,545,546,547,548,674,688,705,899,926,1291
201,404,405,406,407,408,409,410,518,519,520,521,941,942,1132,1133,1293,1294,1319,1320,1321
202,405
203,406,407,408,409,410,411,412,413,414,415,416,417,418,419,420,421,422,423,424,425,426,427,428,429,430,870,871,872,873,874,875,876
204,409
205,419,420,421,422,423,424,581,582,583,584,585,586,587,588,589,590,591,592,593,594,595,864,865,866,867,868,869,870,1174,1175,1176,1177,1178,1179,1180,1181,1182,1183,1184,1185,1186,1571,1572,1930,1931,1932,1933,1934,1935,1936,1937,1938,1939,1952,1953,1954,1955,1956,1957,1958,1959,1960,1961,2159,2160,2161,2162,2163,2164,2209,2966,3349,3350,3915,3916,3917
206,422,423,424,425,426,428,429,430,433,434,448,449
207,438,439,441,442,443,444,445,446,447,449,450,451,452,453,455,456,457,460,463,465,466,467,542,543,544,545,548,549,595,596,597,1008,1009,1010,1099,1100,1101,1102,1103,1104,1105,1106,1107,1108
208,439,440,441,444,445,447,450,453,455,457,458,460,649,650,652,653,875,888,891
209,450,590,591,614,615,616,617,618,619,620,621,622,623,624,715,716,747,748,749,750,751,752,801,802,803,804,805,806,807
210,468,911,1030,1031,1032,1033,1034
211,468,469,470,471,472,473,474,475,476,477,478,479,480,593,594,595,596,597,598,599,600,741,743,744,745,747,748,752,753,755,756,757,758,759,760,761,762,763,764,765,766,768
212,473,523
213,487,927,928,930,933,1021,1023,1024,1025,1026,1027,1028,1764,1953
214,492,493,494,495,496,511,512,513,516,517,544,545,546,547,548,687,823,824,825,826,827,828,829,830,831,832,833,834,835,836,837,838,839,840
215,493,494,519,520,521,522,523,524,586,587,687,688,689,690,691,692,693,694,695,696,697,698,699,700,701,702,729,730,731,732,733,734,735,736,737,764,782,783,816,817
216,502,503,504,505,506,561,562,563,564,565,566,588,589,922,923,1076,1077,1078,1079,1080,1081,1082,1083,1084,1085,1086,1087,1088,1089,1090,1091,1092,1093,1094,1095,1096,1097,1205,1232,1233,1234,1235,1236,1237,1238,1239,1240,1241,1242,1243,1244,1245,1246,1247,1248,1249,1250,1532,1533,1534,1535,1536,1537,1538,1539,1540,1541,1542,1543,1544,1545,1546,1547,1548,1549
217,505,506,577,578,579,657,658,659,660,661,662,663,664,665,669,670,671,672,701,702,703,704,758,759,760,761,762,763,799,952,953,954,955,956
218,508,509,510,511,514,568,569,570
219,520,920
220,523,524,525,526,527,528,529,530,531,532,533,534,535,536,537,538,539,540,541,542,543,544,545,546,547,754,755,756,757,758,775,776,777,778,779,780,781,1424,1425,1546,1547,1687,1796,1810,1894,2169,2192,2231,2232,2233,2466,2544,2711,2919,2974,3097,3264,3700,3740
221,535,566,579,581
222,541,554,555,672,673
223,563,564
224,567,568,569,570,571,572
225,568
226,569,650,1048,1051,1062
227,575,576,577,578,579
228,579,580,581,582,584,585,586,587,588,589,590,592,593,594,595,596,597,598,599,600,601
229,608,610,612
230,612
231,629,630,631,687,789,790,791,974,975,976,977,978,1193,1194,1195,1196,1283,1316,1317,1318,1319,1320,1321,1352,1353,1354,1355,1356,1357,1437,1438,1439,1440,1441,1442,1443,1444,1445,1446,1447,1448,1449,1450,1451,1452,1453,1454,1503,1504,1589,1590,1629,1630,1631,1632,1633,1634,1727,1728,1729,1730,1735,1736,1737,1738,1739,1740,1831,1832,1833,1834,1835,1967,1968,2212,2213,2244,2245,2246,2247,2248,2249,2250,2292,2293,2294,2295,2296,2297,2327,2328,2329,2330
232,633,634,635,636,637,638,639,641,642,643,644,645
233,654,655,656,660,661,662,663,664,666,667,668,669,670,673,675,676,729,730,731,732,733,734,737,738,740,742,747,749,753,755,756,757,763,765
234,659,660,661,662,663,664,665,856,858,941,942,943,995,996,1046,1099,1100,1101,1102,1103,1104,1105,1106,1107,1220,1221,1222,1223,1224,1225,1226,1227,1228,1535,1538
235,708,709,710,711,712,713,714,715,716,745,746,747,748,749,750,751,855,929,930,931,932,933,934,935,936,937,938,939,940,941,942,943,944,945,946,947,1016,1017,1018,1019,1020,1021,1022,1071,1072,1073,1074,1096,1097,1098,1099,1100,1208,1209
236,738,739,740
237,739,740,741,742,743,744,771,772,773,774,775,776,777,778,779,780,782,783
238,746,761,852,853,854,855,900
239,753,754,755
240,761,766,767,770,846,879,881,893,933,946,958,960,1078,1083,1084,1086,1090,1091,1094,1104,1105,1106,1107,1357,1364,1365,1366,1367,1369,1370,1377,1385,1388,1389,1395,1396,1456,1478,1613,1688,1689,1693,1740,1746,1750
241,765,766,768
242,767,768,769,770,771,772,773,774,775,776,777,778,779,850,851,852,853,854,897,898,1494,1495,1496,1915,1916,1917,1918,1919,2017,2018,2019,2020,2021,2076,2077,2170,2171,2172,2678,2679,3115,3801,3802,3916,3921,3922
243,768,770,771,862,1354,1547,1548,1864,1865,1866,2030,2031,2032,2033,2035,2036,2037,2038,2039,2040,2041,2042,2043,2044,2103,2104,2105,2106,2107,2108,2109,2110,2111,2112,2113,2114,2115,2116,2117,2118,2119,2120,2121
244,786
245,791,792,793
246,797,819,885,886,887,888,889,890,891,892,893,979,1080,1081,1082,1083,1084,1085,1086,1087,1088,1089,1090,1091,1092,1093,1094,1095,1096,1097,1098,1099,1100,1114,1115,1116,1117,1118,1119,1120,1121,1122,1123,1124,1125,1305,1306,1312,1313,1593,1594
247,808,809,1030,1031,1032,1033,1034,1035,1036,1037,1038,1039,1040,1041,1042,1043,1044,1045,1046,1047,1048,1049,1050,1284,1285,1418,1419,1420,1421,1422,1423,1424,1425,1426,1427,1428,1429,1430,1431,1432,1433,1434,1600
248,818,819
249,824,825,826,827,828,829,830,831,832,834,835,836,837,838,839,840,841,842,843,844,845,846,847,848,849,871,872,873,874,875,876,877,878,879,880,881,882,883,884,885,886,965,966,967,968,969,970,971,972
250,830,841,842,843,844,845,846,847,848,849,850,851,852,1013,1014,1015
251,847,848,849,867,868,895,970,971,972,1016,1017,1018
252,860,1033,1034,1036,1037,1038,1039,1266,1267,1268,1269,1270,1361,1362,1363,1364,1612,1613,1614,1615,1616,1617,1618,1619,1620,1621,1622,1623,1624,1625,1626,1675,1676,1677,1678,1679,1680,1681,1682,1683,1684,1685,1686,1687,1688,1689,1691,1692,1693,1694,1781,1782,1783,1784,1785,1786,1838,1839,1840,1841,1842,1843,1844,1845,1846,1847,1848,1849,1906,1907,1908,1909,2056,2057,2058,2059,2060,2061,2062,2063,2064,2065,2066,2067,2068,2069,2070,2071,2072,2073,2074,2075,2076,2077,2078,2079,2080,2081,2082,2083,2084,2160,2161,2162,2344,2345,2346,2347,2348,2349,2350,2351,2352,2353,2354,2355,2356,2357,2358,2359,2360,2361,2362,2363,2408,2409,2497,2499,2500,2501,2502
253,868
254,872,1464,1465,1466,1467,1469,1470,1471,1472,1473,1474,1475,1477,1478,1480,1481,1482,1483,1484,1485,1486,1487,1488,1489,1490,1492,1493,1567,1568,1569,1746,1750
255,875,1040,1041,1042,1137
256,883,884,1053,1098,1099,1122,1179,1498,1499,1500,1501,1502,1503,1504,1505,1506,1507,1508,1509,1510,1511,1512,1513,1514,1585,1586,1587,1588,1589,1649,1650,1651,1652,1653,1654,1655,1656,1657,1699,1700,1701,1702,1703
257,886,984,1229,1947,2045
258,893,896,897,898,1108,1109,1110,1111,1112,1113,1114,1115,1116,1117,1119,1120,1121,1122,1123,1124,1125,1126,1127,1133
259,896
260,896
261,908,909,1008
262,910,1029,1121,1122,1123,1355,1493,1494,1516,1517,1614,1615,1879,1880,1881,1882,1883
263,926
264,929,930,931,933,934,935
265,942,943,995,996,997,998,999,1000,1001,1002,1003,1004,1005,1006,1007,1008,1060,1061,1062,1063,1064,1065,1066,1067,1283,1284,1285,1286,1287,1288,1289,1290,1291,1292,1293,1371,1435,1436,1437,1438,1439,1440,1441,1442,1443,1444,1445,1446,1447,1448,1491,1492,1493,1494,1495,1496,1497,1498,1499,1508,1577,1578,1579,1580,1581,1582,1583,1584,1585,1586,1587,1588,1653,1654,1655,1656,1657,1658,1659,1660,1661,1662,1663,1664,1665,1666,1692,1693,1694,1695,1696,1697,1698,1699,1700,1701,1702,1703,1704,1705,1797,2067,2068,2069,2070,2071,2072,2073,2074,2075,2076,2077,2078,2079,2080,2081,2082,2083,2084,2087,2088,2089,2090,2091,2092,2093,2094,2095,2096,2097,2098,2099,2100,2101,2102,2103,2104,2105,2106,2107,2108,2109,2110,2111,2112,2113,2114,2115,2116
266,950,1321,2177
267,958,965,966,967,1233,1234,1235,1347,1348,1349,1350,1351,1352,1353,1354,1355,1376,1377,1378,1379,1380,1381,1424,1425,1426,1427,1428,1429,1430,1431,1432,1604,1605,1607,1784,1785,1786,1787,1788,1789,1790,1791,1792,1793,1794,1795,1796,1797,1798,1799,1800,1801,1802,1803,1804,1805,1806,1807,1833,1834,1835,1836,1837,1838,1839,1840,1841,1842,1912,1913,1914,1915,1916,1917,1918,1919
268,976,977,978,979,980,981,982,983,984,985,986,1209,1210,1211,1212,1213,1214,1215,1217,1218,1219,1220,1221,1222,1223,1224,1225,1226,1227,1241,1259,1261,1262,1263,1264,1265,1266,1267,1269,1270,1271,1272,1273,1274,1275,1276,1285,1286,1287,1288,1289,1290,1291,1292,1293,1435,1436,1437,1438,1439,1440,1441,1442,1443,1445,1446,1447,1448,1449,1452,1455,1456,1457,1458,1461,1462,1463,1464,1465,1466,1467,1468,1469,1470,1471,1472,1524,1525,1563,1564,1565,1567,1568,1569,1570,1572,1573,1575,1576,1577,1578,1579,1580,1581,1582,1583,1584,1585,1586,1709,1711,1798,1800,1801,1802,1803,1804,1805,1806,1807,1808,1809,1810,1811,1812,1813,1814,1815,1816,1817,1819,1820,1821,1823,1824,1893,1984,1985,1987,2221,2222,2572,2699,2700,2701,2702,3080,3379,3468,3469,3893,3894,3910
269,978,979
270,997,1143,1144,1145,1146,1147,1148,1149,1150,1151,1152,1153,1154,1155,1156,1157,1247,1248,1249,1250,1251,1252,1253,1254,1255,1256,1257,1258,1259,1260,1261,1262,1263,1264,1265,1266,1267,1268,1269,1270,1271,1272,1273,1274,1275,1276,1334,1335,1336,1337,1338,1501,1502,1503,1504,1505,1506,1507,1508,1509,1510,1511,1512,1513,1514,1515,1516,1517,1518,1519,1520,1521,1522,1523,1524,1525,1526,1527,1528,1529,1530,1531,1532,1533,1534,1535,1536,1537,1538,1539,1540,2414
271,1002,1007,1008,1009
272,1004,1005,1006,1007,1008,1009,1010,1011,1012,1013,1014,1015,1016,1017,1018,1019,1020,1021,1022,1023,1024,1025,1026,1027,1087,1088,1089
273,1010,1011,1097,1098,1159,1274,1275,1472,1473,1474,1475,1476,1477,1478,1479,1487,1488,1489,1490,1491
274,1023,1041,1043,1163,1167,1177,1309,1313,1317,1335,1344,1356,1386,1391,1394,1397,1404
275,1030,1031,1032,1033,1034,1123,1124,1125,1140,1141,1142,1143,1144,1145,1146,1147,1148,1149,1150,1151,1152,1153,1154,1218,1219,1220,1221,1222,1223,1224,1225,1226,1227,1244,1245,1299,1300,1301,1302,1303,1349,1350,1404,1405,1406,1407,1408,1409,1410,1794,1795,1796,1797,1798,1799,1800,1801,1951,1952,1953,1954,1955,2293,2294,2295,2296,2297,2298
276,1035,1151,1152,1439,1440,1441,1442,1443,1444,1445,1446,1447,1448,1561,1562,1563,1564,1565,1566,1588,1589,1590,1591,1592,1593,1594,1595,1596,1987,1988,1989,1990,1991,1992,1993,1994,1995,1996,1997,1998,1999,2000,2001,2002,2003,2004,2005,2006,2007,2008,2030,2118,2119,2120,2121,2122,2123,2124,2125,2126,2127,2128,2129,2130,2131,2249,2250,2251,2252,2253,2254,2255,2256,2257,2267,2268,2269,2270,2271,2272,2273,2274,2275,2276,2277,2278,2482,2650,2651,2845,2846,2847,2848,2849,2850,2851,2852,2853,2854,2855,2856,2857,2858,2859,2860,2861,2862,2999,3000,3001,3002,3003,3004,3005,3006,3007,3008,3052,3053,3054,3067,3068,3069,3070,3071,3072,3073,3074,3075,3076,3077,3078,3079,3080,3081,3082,3083,3084,3085,3086,3087,3088,3089,3090,3091,3092,3093,3095,3096,3097,3098,3099,3100,3101,3102,3103,3104,3105,3106,3107,3108,3109,3110,3111,3112,3113,3114,3115,3116,3117,3118,3314,3315,3377,3378,3668,3669,3670,3671,3672,3673,3674,3808,3809,3810,3811,3812
277,1050,1051,1052,1053,1309,1310,1311,1378,1379,1380,1381,1382,1383,1384,1385,1401,1402,1993,1994,1995,1996,1997,1998,1999,2000,2001,2002,2003,2004,2005,2006,2007,2008,2009,2010,2011,2012,2013,2014,2015,2016,2017,2018,2019,2020,2021,2022,2023,2024,2025,2026,2027,2278,2279,2280,2281,2282,2283,2284,2285,2519,2520,2521,2522,2523,2524,2525,2526,2527,2528,2529,2635,2636,2637,2638,2639,2640,2641,2642,2643,2644,2645,2646,2647,2648
278,1052,1317,1444,1702,1703,1704,1705,1706,1707,1708,1709,1710,1711,1712,1713,1714,2053,2054,2110,2111,2112
279,1062,1063,1184,1185,1186,1187,1188,1189,1191,1192,1193,1194,1195,1196,1197,1198,1199,1200,1201,1282,1283,1284,1358,1359,1360,1361,1362,1363,1364,1486,1487,1503,1504,1516,1517,1596,1597,1598,1599,1600,1601,1602,1603,1604,1605,1631,1632,1633,1634,1642,1643,1644,1645,1646,1647,1648,1681,1682,1683,1684,1685,1686,1687,1688,1689,1690,1691,1692,1693,1694,1761,1762,1763,1764,1765,1766,1767,1768,1769,1770,1771,1907,1908,1955,1956,1957,1958,1959,1960,1961,1962,1963,1964,1965,1966,1967,1968,1969,1970,1971,1972,1973,1974,1975,1976,1977,1978,2360,2361,2362,2363,2364,2365,2366,2406,2407,2408,2409,2410,2411,2412,2413,2414,2415,2416,2417,2418,2419,2463,2464,2465,2466
280,1066,1067,1068,1069,1070,1071,1072,1073,1074,1075,1076,1089,1121,1122,1123,1124,1125,1126,1127,1128,1129,1130,1178,1347,1348,1349,1366,1367,1449,1450,1451,1452,1453,1454,1455,1456,1457,1458,1459,1460,1461,1462,1463,1464,1465,1487,1488,1489,1496,1497,1498,1499,1500,1501,1502,1503,1540,1541,1542,1543,1544,1545,1546,1572,1612,1613,1614,1615,1641,1642,1643,1644,1645,1646,1647,1648,1649,1650,1651,1652,1653,1800,1801,1802,1803,1804,1806,1872,2529,2530,2531,2532,2571,2590,2591,2592,2593,2594,2595,2596,2597,2598,2599,2600,2601,2602,2603,3113,3114,3346,3347,3348,3349,3522,3523,3605,3606
281,1070
282,1083,1162,1163,1164,1166,1167,1168,1169,1170,1173,1175,1178,1179,1870,1922,1924,1926,1930,1931,2586,2593,2595,2598,2706,2707,2709,2712,2718,2720,2721,2722,3863,3864,3865,3866
283,1086,1249,1300,1301
284,1087,1088,1276,1278,1279,1346,1348,1349,1350,1351,1352,1353,1419,1420,1421,1422,1423,1424,1426,1427,1428,1429,1430,1431,1432,1433,1434,1435,1438,1440,1441,1442,1443,1444,1445,1573,1574,1575,1576,1577,1578,1579,1580,1581,1582,1583,1584,1585,1586,1600,1601,1602,1759,1760,1761,1763,1765,1766
285,1092
286,1101,1102
287,1114,1620,1660,1661,1749,1750,1751,1752
288,1119
289,1126,1127
290,1137,1138,1213,1214,1215,1265,1266,1267,1268
291,1139,1140
292,1168,1371,1372,1373,1374,1375
293,1211,1212,1213,1214,1215,1216,1217,1225,1226,1227,1474,1475,1476,1477,1478,1479,1480
294,1239,1302,1303
295,1244
296,1249,1404,1406,1409,1410,1415,1417,1418,1419,1421,1422,1423,1566,1567,1568,1569,1570,1572,1573,1574,1575,1576,1577,1578,1580,1585,1586,1587,1588,1591,1595,1598,1599,1600,1601,1602,1603,1604,1606,1607,1608,1609,1610,1611,1612
297,1259,1260,1261,2167,2168,2169,2234,2246,2247,2248,2249,2250,2251,2252,2253,2340,2635,2636,2637,2638,2639,2640,2761,2762,2763,2764,2765,2766,2767,2768,2769,2770,2771,2772,2773,3037,3038,3039,3040,3041,3042,3043,3044,3045,3046,3047,3048,3049,3050,3051,3052
298,1260,1261,1262,1263,1264
299,1261,1262,1264,1265,1266,1273,1274,1275,1276,1277,1278,1279,1280,1281,1282,1307,1308,1309,1310,1311,1312,1313,1314,1315,1316,1317,1318,1319,1320,1321,1322,1323,1324,1768,1769,1770,1771,1772,1773,1774,1775,1776,1777,1778,1779,1780,1781,1783,1784,1785,1786,1802,1803,1804,1805,1806,1807,1808,1810,1811,1812,1813,1814,1815,1816,1817,1818,1819,1820,1821,1822,1823,1824,1825,1908,1909
300,1285
301,1290,1291,1292,1293,1294,1295,1296,1297,1298,1299,1300,1301,1302,1303,1304,1305,1368,1369,1370,1371,1372,1373,1374,1375,1376,1377,1378,1379,1652,1653,1654,1655,1656,1657,1658,1659,1660,1661,1662,1663,1664,1665,1689,1690,1786,1793,1794,1795,1796,2093,2134,2135,2136,2137,2138,2198,2199,2200,2201,2202,2203,2228,2229,2230
302,1297,1298,1299,1300,1301,1302,1303,1304,1305,1306,1307,1308,1309,1356,1357,1527,1602,1603,1604,1605,1606,1607,1608,1609,1610
303,1314,1443,1444,1445,1446,1447,1448,1450,1451,1452,1453,1454,1455,1456,1457,1458,1459,1460,1504,1505,1506,1580,1581,1582,1583,1584,1585,1586,1587,1733,1734,1735,1736,1737,1738,1739,1740,1741,1742,1743,1744,1745,1746,1747,1748,1749,1750,1751,1752,1753,1754,1863,1864,1865,2014,2015,2016,2017,2019,2039,2040,2041,2042,2043,2044,2045,2046,2047,2048,2188,2189,2190,2191,2192,2193,2194,2195,2196,2197,2198,2199,2200,2201,2202,2203,2204,2242,2243,2244,2245,2246,2247,2248,2249,2250,2251,2270,2271,2272,2273,2347,2348,2349,2350,2351,2352,2353,2354,2355,2356,2357,2358,2359,2542,2543,2544,2614,2615,2616,2617,2618,2619,2620,2621,2622,2623,2624,2625,2626,2627,2628,2629,2630,2631,2632,2633,2634,2812,2813,2814,2815,2816,2817,2968,2969,2970
304,1320,1543,1797,1827,1828,1829,1830,1984,1986,1987,2239,2240,2241,2242,2243,2374,2672,2673,2674,2676,2677,2678,2679,3616,3617,3618,3619,3620,3621,3622,3623,3628,3629,3630,3631,3632
305,1327
306,1330
307,1336,1337,1338,1339,1548,1549,1550,1551,1552,1553,1554,1555,1556,1557,1559,1725,1726,1727,1728,1729,1731,1732,1733,1794,1795,1796,1797,1799,1800,1801,2029,2030,2031,2032,2033,2034,2035,2038,2039,2040,2041,2219,2220,2221,2222,2223,2224,2225,2226,2227,2228,2328,2329,2330,2331,2332,2333,2334,2335,2336,2337,2338,2339,2340,2341,2342,2343,2344,2345,2346,2347,2348,2349,2350,2351,2352,2353,2354,2355,2356,2357,2358,2359,2360,2496,2497,2498,2516,2543,2544,2545,2546,2547,2548,2549,3173,3174,3175,3176,3177,3178,3179,3180,3181,3182,3183,3184,3185,3186,3187,3188,3189,3190,3191,3192,3193,3194,3195,3196,3197,3198,3199,3200,3201,3202,3203,3204,3205,3206,3325,3326,3327,3328,3329,3330,3331,3332,3333,3334,3335,3336
308,1346
309,1354,1911,1912,2110,2285,2490,2491,2492,2493,2855,2857,2863,2991,2996,2998,2999,3000,3001,3002,3003,3009,3115,3116,3117,3118,3120,3121,3150,3155,3156,3162,3163,3165,3166,3167,3168,3169,3170,3171,3172,3173,3174,3175,3426,3427,3493,3500,3501,3502,3503,3831,3832,3849,3850,3851
310,1358,1863
311,1420
312,1420,1421,1422,1423,1424,1425,1426,1427,1428,1429
313,1425,1427
314,1427,1428,1462,1463,1464,1465,1466,1467,1468,1469,1470,1471,1472,1473,1474,1475,1476,1728,1729,1730,1731,1732,1733,1734,1735,1736,1737,1738,1739,1740,1741,1742,1743,1744,1745,1976,2226,2551,2733,2778,2780,3035,3036,3086,3403
315,1438,1831,1832,1833,1847,1848,1849,1850,1851,1852,1853,1854,1855,1856,1857,1858,1859,1860,1951,1952,1953,1954,1955,1956,1957,1958,1959,1960,2018,2019,2020,2021,2022,2023,2024,2025,2026,2027,2028,2029,2030,2031,2044,2045,2046,2067,2068,2137,2138,2139,2140,2172,2173,2174,2175,2176,2177,2178,2217,2218,2219,2220,2221,2222,2273,2274,2275,2276,2277,2278,2279,2280,2281,2286,2488,2497,2512,2515,2539,2541,2545
316,1442,1443,1444,1445,1446,1447,1448,1449,1450,1451,1452,1453,1454,1455,1459,1460,1461,1462,1463,1464,1465,1466,1467,1468,1469,1470,1471,1472,1474,1475,1658,1659,1812,1813,1814,1815,1816,1817,1818,1819,1820,1821,1822,1823,1824,1825,1826,1827,1828,1829,1830,1831,1832,1833,1834,1835,1836,1837,1838,1839,1840,1841,1842,1843,1845,1846,1847,1848,1849,1850,1851,1852,1853,1854,1855,1856,1857,1858,1859,1860,1880,1881,1882,1883,1884,1885,1886,2044,2045,2046,2047,2048,2049,2050,2051,2052,2053,2054,2055,2056,2057,2301,2302,2303,2304,2305,2306,2307,2308,2309,2310,2640,2641,2642,2643,2644,3035,3036,3088,3089,3090,3091,3092,3093,3094,3095,3096,3097,3098,3099
317,1464,1465
318,1471,1472,1473,1505
319,1471,1544,1546,1547,1548,1665,1858,2138,2249,2250,2251,2252,2273,2274,2275,2276
320,1478,1479,1537,1538,1539
321,1479,1698,1700,1701,1702,1703,1704
322,1479,1480,1481
323,1485,1486,1487,1488,1551,1552,1553,1554,1555,1556,1557,1558,1559,1560,1561,1562,1563,1564,1565,1566,1567,1666,1667,1668,1669,1670,1671,1672,1673,1692,1693,1694,1695,1696,1697,1698,1699,1700,1701,1702,1703,1704,1792,1793,1794,1795,1796,1797,1798,1799,1800,1801,1802,1803,1804,1805,1806,1807,1808,1809,1811,1812,1813,1814,1841,1842,1843,1844,1845,1846,1847,1848,1849,1850,1851,1852,1853,1854,1855,1856,1857,1859,1860,1861,1862,1863,1864
324,1485,1486
325,1486
326,1487
327,1493
328,1496
329,1498
330,1520,1521,1522,1888,1889,1890,1891,1892,1893,1894,1895,1896,1968,1969,2000,2001,2002,2003,2004,2005,2006,2007,2008,2009,2010,2011,2012,2013,2014,2081,2082,2083,2084,2085,2086,2778,2779,2780,2781,2782,2783,2784,2785,2786,2787,2788,2789,2790,2791,2792,3069,3070,3071,3072,3073,3074,3075,3076,3077,3078,3080,3081,3082,3083,3084,3085,3086,3087,3088,3089,3090,3091,3092,3093,3094,3095,3096,3097,3098,3099,3100,3101,3102,3103,3104,3105,3106,3107,3108,3109,3110,3111,3112,3113,3114,3115,3116,3334,3335,3336,3337,3338,3339,3340,3341,3342,3343,3344,3345,3346,3347,3348,3349,3350,3351,3352,3353,3354,3355
331,1524,1525,1526,1529,1530,1531,1532,1533,1534,1535,1537,1538,1540,1541,1542,1543,1544,1545,1546,1547,1548,1549,1550,1551,1552,1554,1555,1556,1557,1558,1559,1560,1563,1565,1566,1567,1568,1569,1570,1571,1572,1573,1574,1575,1576,1577,1579,1580,1581,1582,1583,1584,1585,1586,1588,1589,1590,1591,1592,1593,1594,1595,1596,1598,1599,1600,1601,1602,1603,1604,1605,1606,1607,1608,1609,1610,1611,1612,1613,1614,1615,1616
332,1524,1529,1530,1532,1533,1536,1537,1538,1539,1540,1541,1549,2000,2002,2003,2005,2007,2010,2014,2015,2016,2018,2073,2074,2274,2275,2277,2279,2280,2287,2288,2291,2292,2294,2298,2303,2306,2307,2311,2313,2314,2315,2316,2317,2318,2321,2322,2328,2334,2335,2336,2339,2340,2341,2344,2348
333,1525,1614,1615,1645,1646,1647,1653,1654,1655,1656,1657,1658,1659,1660,1661,1662,1663,1664,1665,1666,1667,1668,1671,1672,1673,1674,1676,1682,1693
334,1529
335,1535,1544,1545,1547,1552,1553,1554,1555,1556,1557,1558,1559,1803,1804,1805,1806,1807,1808,1809,1810,1811,1812,1813,1814,1815,1816,1817,1818,1819,1972,1973,1974,1984,2008,2183,2230,2231,2232,2285,2286,2287,2297,2298,2299,2300
336,1537,1538,1539,1540,1541,1542,1543,1544,1545,1546,1547,1548,1549,1550,1551,1552,1553,1554,1555,1556,1557,1558,1559,1560,1561,1562,1563,1564,1565,1566,1567,1568,1569,1570,1955,1956,1957,1958,1959,1960,1961,1962,1963,1964,1965,1966,1967,1968,1969,1970,1971,1972,1973,1974,1975,1976,1977,1978,1979,1980,1982,1983,1984,2016,2017,2018,2019,2020,2096,2172,2173,2189,2190,2191,2192,2241,2242,2256,2257,2258,2259,2260,2261,2262,2263,2264,2265,2436,2491,2492,2493,2494,2495,2496,2497,2498,2688,2689,2690,2691,2692,2693,2694,2695,2696,2697,2698,2699,2701,2702,2703,2704,2705,2706,2707,2708,2723,2724,2725,2726,2727,2728,2729,2730,2731,2732,2733,2734,2735,2736,2737,2738,2779,2780,2781,2782,2783,2784,2785,2793,2794,2795,2796,2797,2798,2799,2800,2801,2802,2803,2804,2805,2806,2807,2808,2809,2923,2924,2925,2928,2929,2930,2931,2932,2933,2934,2935,3041,3042,3043,3044,3045,3524,3525,3526,3527,3588,3589,3590,3591,3784,3785,3786,3845,3846,3847,3848,3849,3850,3851,3852,3853,3854,3855,3856,3857,3858,3859,3883,3884,3885,3899,3900,3978,3979,3980,3981,3982,3983
337,1544,1545,1719,1720,1721,1722,1813,1814,1815,1816,1868,1873,1874,1875,1876,1877,1878,1879,1880,1881,1882,1923,1924,1925,2022
338,1577,1578,1583,1584,1585,1586,1587,1588,1589,1590,1591,1592,1593,1594,1595,1596,1597,1598,1599,1600,1601,1602,1603,1604,1623,1624,1625,1626,1651,1652,1653,1654,1655,1656,1657,1658,1659,1660,1661,1662,1663,1664,1665,1666,1667,1668,1669,1724,1725,1726,1727,1832,1833,1834,1850,1851,1852,1853,1929,1930,1931,1932,1933,1934
339,1585,1586,1587,1588,1589,1590,1591,1592,1593,1594,1595,1596,1597,1598,1599,1600,1601,1602,1603,1796,1797,1798,1799,1800,1801,1891,1892,1893,2169,2170,2171,2172,2173,2174,2175,2176,2177,2178,2179,2606
340,1610,1611,1612,1614,1640,1888
341,1612,1613,1614,1615,1616,1617,1637,1638,1639,1640,1671,1672,1673,1674,1675,1676,1677,1816,1817,1818,1819,1820,1821,1822,1823,1824,1825,1826,1846,1847,1848,1849,1850,1851,1852,1853,1854,1855,1856,1857,1858,1859,1860,1861,1862,1863,1864,1865,1866,1867,1868,1869,1870,1871,1872,1873,1932,1933,1938,1939,1940,1941,1942,1943,1973,1974,1994,1995,1996,1997,1998,1999,2000,2001,2091
342,1623,1626,1627,1628,1629,1630,1631,1632,1634,1635,1636,1821,1824,1825,2003,2004,2005,2007,2008,2010,2011,2012,2015,2016,2017,2018,2021,2023,2024,2025,2026,2029,2030,2032,2129,2130,2131,2132,2134,2135,2137,2138,2139,2140,2143,2241,2242,2243,2245,2246,2247,2249,2250,2253,2254,2255,2256,2259,2260,2261,2262,2264,2265,2266,2267,2640,2645,2646,2812,2813,2821,2822,2826,2830,2831,2836,2837,2840,2842,2843,2845,2846,3021,3022,3023,3024,3025,3030,3034,3104,3106,3107,3801,3803,3805,3808,3809,3815,3816,3817,3819,3820,3822,3824,3827,3829,3834,3842,3844,3845,3846,3849,3850,3852,3853,3854,3855,3859,3862,3864,3865,3868,3869,3872,3874,3875,3878
343,1624,1633,1634,1790,1792,2411,2412,2413,2585,2586,2587,2588,2589,2590,2591,2592,2593,2696,2697,2698,2699,2700,2701,2961,2962,2963,2964,2965,3074,3075,3076,3077,3437,3438,3439,3440,3533,3534,3535,3536
344,1625,1626,1793,1845,1871,1872,1975,2028,2029,2030,2031,2032,2033,2034,2035,2036,2037,2038,2039,2040,2041,2042,2043,2044,2045,2046,2047,2335,2336,2337,2338,2418,2419,2420,2421,2456,2457,2458,2459,2460,2461,2462,2463,2464,2465,2466,2467,2538,2539,2541,2542,2729,2730,2731,2732,2733,2734,2735,3093,3094
345,1637,1638,1639,1640,1641,1642,1643,1644,1645,1646,1647,1648,1650,1651,1951,1952,1953,1954,1955,1956,1957,1958,1959,1960,1961,1962,1963,1964,1965,1966,1967,2819,2820,3102,3103,3105,3106,3107,3108,3109,3633,3636,3637,3638,3639,3640,3641,3642,3643,3644
346,1640,1641
347,1644,1647,1648,1649,1650,1651,1654,1745,1747,1748,1837,1838,1839,1840,1843,1958,1959,1960,1961,1962,1963,1964,1965,1966,1967,1969,1970,1971,1972,1973,1975,1976,1977,1978,1979,1980,2144,2145,2146,2148,2149,2150,2151,2194,2195,2196,2197,2198,2199,2200,2201,2202,2203,2204,2205,2206,2207,2208,2209,2210,2211,2212,2213,2433,2434,2435,2436,2437,2438,2439,2440,2441,2442,2443,2444,2445,2446,2447
348,1648
349,1662,1663,1664,1665,1666,1667,1668,1669,1670,1671,1672,1673,1674,1675,1676,1677,1678,1679,1680,1681,1682,1683,1684,1881,1882,1883,1884,1885,1886,1887,1888,1889,1890,1891,1892,1893,1894,1895,1896,1897,1898,1899,1900
350,1672,1706,1707,1708,1757,1852,1883,1884,1885,1998,1999,2000,2078,2083,2084,2085,2106,2107,2108,2109
351,1677,1678,1679,1680,1681,1682,1683,1684,1685,1686,1687,1688,1689,1690,1691,1692,1693,1810,1811,2158,2159,2160,2161,2162
352,1678
353,1699,1700,1702
354,1712,1906,1907,1908,1947,1951,1952,1953,1954,2002,2003,2004,2892,2893,2894,2895,2896
355,1719,1720,1731,1733,1746,2078,2079,2080,2081,2233,2234,2235
356,1721,1722,1723,1724,1725,1726,1727,1853,2048,2049,2050,2051,2052,2062,2063,2064,2065,2066,2159,2160,2161,2162,2163,2164
357,1736,1737,1738,1888,1960,1961,1962,1963,1964,1965,1966,1967,1968,1969,1970
358,1745,1746,1747,1748,1749,1750,1928,2058,2059,2060,2090,2468,2469,2477,2703,2705,2706,2707,2723,3143,3144
359,1747,1748,1749,1764,1765,1766,1768,1769,1770,1771,1827,1828,1863,1907,1908,1909,1910,1911,1912,1941,1960,1998,1999,2000,2001,2002,2003,2004,2006,2007,2008
360,1751
361,1752,1753,1754,1889,1890,1891,1892,1893,1894,1895,1896,1897,1898,1899,1900,1901,1902,2226,2227,2228,2229,2230,2917,2918,2920,2921,2922,2923,2924,2926
362,1763
363,1765,1766,1767,1768,1775,1776,1777,1778,1779,1981,2085,2086,2087,2088,2089,2090,2091,2092,2093,2094,2095,3118
364,1782,1783,1786,1787,1788,1789,1791,1794,1795,1961,1962
365,1792,1793,1866,1867,1868,1869,1870,1871,1872,1873,1874,1974,1975,1976,1977,1978,1979,1991,1992,1993,1994,1995,1996,1997,1998,1999,2000,2001,2134,2135,2324,2358,2359,2401
366,1819,1820,1821,1822,1823,1824,1825,1826,1827,1828,1829,1830,1831,1832,1833,1834,1835,1836,1837,1953,2088,2089,2090,2091,2092,2093,2094,2095,2096,2097,2098,2099,2100,2101,2259,2260,2261,2262,2263,2264,2265,2266,2267,2268,2269,2270,2271,2272,2273,2274,2275,2276,2277,2278,2279,2280,2281,2282,2569,2570,2571,2573,2574,2575,2576,2577,2578,2579,2668,2669,2670,2671,2672,2673,2703,2704,2705,2706,2707,2708,2709,2710,2711,3082,3083,3084,3085,3086,3087,3088,3089,3090,3091,3092,3093,3094
367,1826,1830
368,1831,1833,1834,2082,2083,2084,2085,2086,2087,2088,2089,2090,2091,2092,2093,2094,2095,2096,2097,2155,2156,2157,2158,2159,2160,2314,2688,2689,2690,2872,2873,2874,2875,2876,2877,3079,3087,3088,3089,3090,3091,3092,3093,3094,3095,3096,3097,3098,3099,3100,3101,3102,3103,3104,3105,3106,3107,3108,3109,3110,3111,3112,3113,3114,3115,3116,3117,3118,3119,3120,3121,3122,3123,3124,3125,3126,3127,3128,3152,3153,3154,3180,3181,3182,3183,3184,3185,3186,3187,3188,3189,3190,3191,3268,3269,3270,3271,3272,3273,3274,3275,3276,3277,3278,3279,3280,3399,3400,3401,3402,3403,3404,3405,3410,3411,3412,3413,3414,3415,3416,3417,3418,3419,3420,3421,3422,3423,3424,3425,3426,3521,3522,3523,3524,3525,3526,3527,3528,3529,3530,3531,3532,3533,3534,3535,3536,3537,3538,3539,3540,3541,3542,3543
369,1839
370,1848,1849,1850,1851,1852,1853,1854,1855,1856,1857,1858,1859
371,1859
372,1860,1861,1900,1978,1979,2169,2170,2282,2283,2311,2312,2313,2314,2315
373,1867,1868,1869,1870,2134,2135,2136,2270,2271,2324,2325,2406,2453,2454,2455,2456,2457,2458,2459,2460,2461,2462,2463,2464,2465,2466,2467,2468,2469,2470,2471,2477,2478,2479
374,1869,1874,1876,2083,2084,2085,2141,2142,2144,2146,2150,2151,2152,2153,2157,2158,2160,2161,2162,2165,2430,2432,2433,2437,2439,2441,2442,2443,2444,2913,2919,2923,2924,2925,2927,2930,2931,2932,2936,3005,3006,3008,3010,3012,3013,3015,3019,3090,3091
375,1874,1875,1877,1879,1891,1911,1914,1924,1928
376,1875,1948,1982,2009,2230,2455,2456,2457,2614
377,1878,2168,2171,2172,2173,2174,2175
378,1880,1881,1882,1884,1890,1901,1906,1907,1911,1919,1925,1932,1934,1951,1966
379,1934
380,1941,1947,1952,1953,2011,2013,2017,2398,2400,2402,2403,2404,2405,2406,2407,2408,2409,2410,2411,2757,2978,2979,3740,3741,3742,3743,3744,3746,3747,3748,3749
381,1944,1970,1971,1972,1973,1974,1975,1976,1977,1978,1979,1980,1981,1982,1983,1996,1997,1998,1999,2000,2001,2002,2003,2004,2035,2042,2043,2044,2090,2096,2097,2098,2099,2100,2101,2102,2103,2104,2105,2213,2214,2265,2266,2267,2268,2269,2270,2271,2272,2273
382,1947,1948,1949,1950,1951,1952,1953,1954,1955,1956,1957,1958,1959,1979,1980,1981,1982,1983,1984,1986,1987,1988,2023,2025,2027,2028,2047,2048,2049,2050,2051,2232,2268,2269,2270,2271,2272,2273,2274,2275,2276,2427,2428,2520,2522,2523,2563,2595,2596,2598,2599,2600,2601,2602,2688,2689,2690,2770,2771,2772,2773,2774,2775,2777,2802,2803,2804,2805,2806,2807,2808,2809,2810,2811,2874,2875,2876,2877,2878,2879,2880,2894,2895,2896,2897,2898,2899,2900,2901,2902,2903,2904,2906,2947,3012,3013,3014,3016,3017,3018,3019,3021,3080,3081,3082,3083,3187,3578,3579,3693
383,1948,1963
384,1950,1951,1952,1953,1954,1955,1956,1957,1973,2155,2156,2157,2158,2159,2160,2161,2162,2163,2164,2165,2271,2272,2319,2320,2321,2322,2323,2324,2325,2583,2584,2585,2586,2587,2588,2589,2786,2787,2788,2789,2790,2791,2792,2793,2794,2795,2796,2819,2820,2821,2822,2823,2824,2825,2826,2827,2828,2829,2830,2831,2832,2907,2908,2909,2975,2976,2977,2978,2979,2980,2981,3002,3003,3004,3005,3006,3007,3029,3030,3031,3032,3033,3034,3035,3036,3037,3038,3039,3040,3041,3042,3043,3044,3045,3046,3047,3048,3049
385,1952,2152,2153,2202,2551,2552,2553,3016,3087,3250,3428
386,1968,2074,2432,2433,2456,2470,2491,2492,2513,2548,2549,2550,2551,2552,2564,2565,2566,2567,2568,2569,2788,2789,2790,2791,2792,2793,2794,2795,2796,2797,2798,2799,2894,2895,2896
387,1974,2034,2035,2036,2037,2038,2039,2040,2041,2185,2186,2187,2188,2189,2190,2191,2192
388,2001,2005,2006,2007,2054,2059,2060,2061,2062,2063,2064,2065,2066,2067,2068,2069,2070,2071,2072,2120,2121,2122,2123,2124,2125,2126,2127,2128,2129,2130,2131,2132,2133,2134,2135,2136,2137,2256,2257,2290,2291,2292,2293,2294,2369,2370,2371,2372,2373,2374,2375,2376,2377,2378
389,2003,2004,2128,2191,2234,2456,2458,2460,2682
390,2067,2116,2117,2118,2119,2120,2121,2122,2123,2124,2125,2126,2127,2128,2136,2137,2138,2139,2140,2141,2277,2278,2279,2280,2281,2284,2285,2286
391,2074,2075,2076,2077
392,2078,2761,3182,3183,3184,3406,3838,3839,3883,3884,3886,3887,3888,3928,3929,3930,3931,3932
393,2100,2101,2102,2103,2104,2105,2106,2107,2108,2109,2110,2128,2129,2130,2189,2190,2191,2192,2193,2194,2195,2196,2197,2198,2199,2200,2222,2223,2224,2225,2226,2227,2228,2229,2230,2231
394,2101,2102,2103,2104,2105,2106,2107,2483,2484,2486,2508,2796,2797,2798,2800,2801,2802,2803,2804,2867,2868,2869,2870,2871,2872,2873,2874,2944
395,2111,2114,2121,2124,2126,2797,2800,2802,2807,2808,2809,2813,2840,2847,2849,2851,2852,2857,2862,2864,2868,2875,2877,2880,2887,2892,2893,2897
396,2114,2115,2116,2117,2118,2119,2179,2180,2181,2182
397,2136,2202,2203,2204,2205,2206,2207,2208,2209,2210,2211,2212,2213,2214,2215,2216,2217,2218,2219
398,2145,2146,2212,2213
399,2147,2148,2149,2150,2151,2152,2153,2154,2155,2156,2157,2158,2159,2160,2161,2162,2163
400,2152,2213,2214,2766,2768,2769,2772,2773,2792,2794,2795,2798,2799,2803,2809,2813,2814,2818,2820,2823,2824,2826,2829,2846,2847,2848,2855,2857,2858,2861,2882,2895,2896,2897,2898,2899,3029,3031,3052,3054,3056,3057,3058,3060,3063,3065,3081,3082,3123,3125,3126,3127,3128,3130,3176
401,2153
402,2161,2162,2163,2164,2165,2166,2321,2322,2323,2324,2325,2326,2327,2328,2329,2330,2331,2332,2590,2591,2592,2593,2594,2595,2596,2597,2598,2599,2600,2601
403,2197,2198,2199,2200,2201,2202,2203,2204,2205,2206,2207,2208,2209,2210,2211,2212,2213,2214,2232,2233,2234,2235,2236,2237,2238,2239,2240,2241,2242,2243,2244,2245,2412
404,2211
405,2217,2218,2219,2220,2221,2222,2223,2258,2343,2344,2345,2346,2347,2348,2349,2358,2359,2360,2413,2414,2415,2416,2417,2418,2419,2420,2421,2609,2610,2611,2612,2613,2702,2703,2704,2737,2738,2739,2766,2767,2768,2840,2841,2842,2878,2879,2880,2881,2882,2883,2884,2885,2886,2887,2888,2889,2902,2903,2904,2905,2906,2907
406,2221,2422,2423,2424,2526,2603,2650,2854,2855,2856,2857,2858,2859,2860,2861,2862,2863
407,2226,2364
408,2230,2240,2308,2376,2377,2379,2404,2443,2541,2542,2543,2544,2545,2546,2547,2548,2549,2550,2615,2616,2617,2618,2619,2620,2624,2991,3123,3124,3125,3126,3127,3128,3281,3282,3283,3604,3605,3707,3708,3709,3710,3711,3772,3787,3788
409,2240,2276,2277,2278,2279,2280,2351,2352,2353,2354,2355,2356,2357
410,2251,2252,2253,2254,2265,2266,2267,2361,2362,2363,2364,2365,2366,2367,2368,2369,2370,2371,2372,2373,2391,2392,2393,2394,2395,2396,2444,2445,2446,2447,2448,2449,2450,2451,2452,2453,2454,2507,2508,2509,2510,2511,2512,2513,2514,2515,2516,2517,2518,2519,2520,2521
411,2267,2268,2269,2270,2271,2272,2273,2274,2275,3367,3370,3515,3518,3649,3650,3651,3652
412,2276,2277,2318,2319,2334,2335,2336,2337,2338,2339,2340,2341,2492,2493,2494,2527,2528,2529,2530,2531,2532,2533,2534,2548,2549,2550,2551,2552,2553,2554,2555,2568,2569,2570,2571,2572,2573,2587,2588,2589,2590,2591,2592,2830,2831,2832,2945,3080,3081,3229,3231,3232,3236,3695,3696,3697,3698,3699,3700,3701,3702,3703,3704,3705,3706,3815,3829,3830,3831,3876,3877
413,2277,2347,2348,2349,2350,2351,2352,2353,2478,2479,2512,2513,2514,2515,2516,2517,2518,2519,2543,2544,2545,2546,2547,2548,2549,2550,2551,2552,2622,2623,2624,2684,2685,2780,2781,2782,2783,2784,2785,2786,2787,2788,2789,2790,2791,2792,2793,2794,2795,2796,2797,2798,2860,2861,2862,2863,2864,2865,2866,2867,2868,2869,2870,2871,2872,2873,2874,2875,2876,2877,2878,2879,2880,2881,2882,3102,3103,3104,3105,3106,3107,3108,3109,3110,3111,3112,3113,3114,3115,3116,3117,3118,3119,3120,3272,3487,3488,3489,3490,3491,3492,3493,3494,3495,3496,3568,3569,3570,3571,3572,3573,3574,3575,3576,3577,3600,3601,3602
414,2289,2422,3194,3195,3196,3197,3198,3199,3200,3201,3202,3203,3356,3357,3358,3359,3360,3361,3362,3363,3364,3365,3366,3367,3368,3369,3502,3503,3504,3505,3506,3507,3508,3509,3510,3511,3512,3513,3514,3515,3516,3517,3518,3519,3520,3521,3522,3523,3524,3525,3526,3527,3528,3529,3530,3684,3685,3686,3687,3688,3801,3802,3803,3806,3826,3830
415,2298,2307,2311,2324,2325
416,2317,2319
417,2349,2350,2351,2352,2353,2354,2355,2356,2357,2358,2359,2360,2361,2362,2363,2364,2372,2373,2374,2375,2376,2377,2378,2379,2380,2381,2382,2383,2384,2385
418,2354,2355,2356,2377,2378,2379,2380,2381,2495,2496,2497,2498,2499,2500,2501,2502,2503,2504,2505,2506,2507,2508,2509
419,2356,2697,2698,2702,2703,2704,2708,2709,2710,2750,2751,2753,2754,2755,2756,2757,2759,2761,2763,2764,2765,2766,2767,2768,2769,2770,2771,2772,2773,2774,2775,2776,2777,2778,2780,2783,2784,2786,2788,2789,2791,2792,2793,2794,2795,2797,2798,2799,2800,2801,2802,2803,2804,2805,2806,2807,2808,2809,2810,2811,2812,2813,2814,2817,2818,2819,2820,2822,2824,2825,2826,2936,2938,2939,2941,2942,2943,2945,2947,2949,2950,2954,2955,2956,2957,2958,2959,2960,2962,2963,2964,2965,2967,2968,2970,2971,2974,2975,3149,3150,3152,3153,3154,3155,3156,3158,3159,3283,3284,3285,3286,3293,3294,3295,3296,3302,3303,3304,3305,3306,3309,3310,3311,3312,3314,3315,3316,3317,3318,3319,3320,3330,3331,3332,3334,3335,3336,3337,3339,3340,3341,3342,3343,3344,3345,3346,3347,3348,3349,3351,3352,3353,3354,3355,3356,3357,3359,3360,3361,3530,3531,3532,3533,3535,3536,3538,3539,3540,3541,3542,3543,3544,3545,3546,3547,3549,3550,3551,3552,3553,3554,3555,3557,3558,3559,3560,3561,3562,3563,3564,3565
420,2363,2365,2366,2367,2368,2369,2370,2371,2374,2375,2381,2384,2906,2907,2908,2909,2910,2911,2912,2913,2914,2915,2916,2917,2949,2950,2951,2952,2953,2954
421,2409,2410
422,2425,2507,2508,2509,2510,2511,2552,2568,2569,2570,2571,2572,2573,2574,2575,2576,2577,2578,2797
423,2442,2443,2444,2445,2446,2524,2525,2526,2527,2528,2529,2530,2531,2532,2533,2534,2546,2547,2548,2549,2550,2551,2552,2553,2554,2555,2556,2557,2588,2589,2590,2591,2592,2593,2594,2595,2596,2597,2608,2609,2610,2611
424,2473,2474,2475,2476,2477,2478,2479,2480,2481,2482,2483,2484,2485,2486,2506,2507,2508,2509,2510,2511,2512,2513,2514,2515,2516,2517,2518,2519,2520,2521,2522,2523,2524,2525,2526,2527
425,2477,2478,2479,2480,2481,2482,2483,2484,2485,2486,2487,2488,2489,2534,2535,2536,2537,2538,2539,2540,2541,2673,2674,2675,2676,2677,2678,2679,2680,2681,3089,3090,3091,3098,3099,3100,3101,3102,3103,3104,3125,3246,3305,3306,3307,3308,3309,3310,3311,3312,3313,3321,3322,3323,3324,3325,3326,3327,3328,3329,3330,3331,3575,3576,3577,3578,3579,3580,3581,3582,3583,3584,3585,3586,3587,3618,3619,3620,3621,3622,3623,3624,3625,3626,3649,3650,3651,3652,3653,3654,3655,3656,3657,3658,3659,3660,3661,3662,3663,3664,3665,3666,3667,3668,3881
426,2494,2495,2496,2497,2544,2545,2546,2547,2548,2549,2557,2602,2695,2696,2697,2698,2699,2700,2727,2728,2729,2730,2731,2732
427,2507,2508,2509,2510,2511,2512,2513,2514,2527,2532,2545,2557,2558,2619,2620,2621,2650,2651,2667,2668,2726,2746,2747,2749,2750,2751,2752,2753,2754,2755,2780,2781,2782,2783,2784,2785,2786
428,2524,2525,2526,2528,2531,2532,2533,2550,2551,2552,2554,2555,2556,2557,2558,2559,2561,2607,2609,2633,2637,2638,2709,2710
429,2535,2590,2591
430,2536,2537,2538,2539
431,2539,2540,2541,2542,2622,2623,2624,2780,2972,2973,2974,2975,2976,2977,2978,2979,2980,2981,2982,2984,2985,2986,2987,2988,3014,3015,3016,3017,3018,3019,3020,3021,3022,3023,3024,3025,3026,3027,3030,3031,3032,3033,3034,3035,3179,3180,3181,3182,3183,3184,3185,3186,3187,3188,3189,3190,3191,3192,3193,3194,3195,3197,3198,3199,3201,3202,3203,3204,3205
432,2540
433,2540
434,2549,2550,2605,2957,3028,3410,3775,3776,3778,3779,3780,3790,3791,3966,3967,3968,3969,3970,3971,3972
435,2556,2557,2558,2559,2629
436,2557,2558,2559,2560,2561,2697
437,2573,2589,2649,2650,2825,2840,2841,2842,2846,2847,2848,2849,2850,2851
438,2574,2575,2705,2728,2729,2730,2731,2732,2733,2734,2735,2736,2737,2738,2739,2740,2741,2742,2743,2744,2745,2746,2747,2748,2976,2977,3007,3008,3009,3010,3058,3059,3060,3061,3062,3063,3064,3069,3070,3071,3099,3100,3210
439,2583,2585,2586,2588,2590,2591,2592,2593,2598,2600,2602,2603,2604,2605,2606,2607,2608,2610,2611,2613,2615,2616,2617,2618,2619,2620,2621,2624,2626,2627,2628,2629,2631,2632,2633,2634,2637,2638,2665,2666,2667,2669,2670,2671,2672,2673,2674,2676,2677,2678,2679,2680,2681,2682,2683,2684,2688,2691,2692,2694,2696,2697,2698
440,2592,3068,3069
441,2610,2612,2613,2615,2616,2617,2652,2653,2654,2655,2656,2657,2658,2660,2661,2662,2663,2664,2665,2666,2667,2668,2669,2670,2671,2672,2673,2702,2703,2704,2705,2706,2707,2708,2709,2710,2893,2894,2895,2896,2897,2898
442,2615,2616,2668,2669,2670,2671,2672,2673,2674,2675,2676,2677,2678,2679,2680,2681,2682,2683,2740,2741,2742,2743,2744,2745,2746,2747,2748,2749,2778,2779
443,2629,2754,2755,2756,2758,2865,3167,3168,3169,3170,3171,3172,3173,3174,3175,3176,3255,3256,3257,3484,3485,3565,3566,3567,3568,3569,3608,3609,3610
444,2631,2632,2769,2770,2771,2772,2836,2837,2838,2839,2840,2841,2842,2843,2844,2845,2846,2847,2848,2849,2850,2891,2892,2893,2894,2895,2896,2897,2898,2899,2900,2901,2902,2903,2904,2905,2906,2907,2908,2909,2910,2911,2912,2913,2914,2915,2916,2917,2918,2919,2960
445,2638,2639,2640,2641,2642,2643,2644,2645,2691,2692,2693,2694,2695,2696,2697,2699,2701,2702,2703,2704,2705
446,2643,2645,2647,2648
447,2647,2961,2962,2963,2964,2965,2966,2967,2968,2969,2970,2971,3222,3223,3224,3225,3226,3227,3228,3229
448,2655,2656,2657,2658,2659,2660,2863,2864,3103,3104,3105,3126,3127,3128,3129,3130,3131,3133,3134,3135,3136,3137,3138,3139,3140,3141,3142,3143,3389,3390,3391,3392,3393,3394,3395,3396,3397,3398,3399,3400,3401,3402,3403,3404,3405,3446,3607,3608,3609,3612,3613,3614,3615,3616,3617,3618,3619,3620,3621,3732,3733,3734,3735,3737,3738,3739,3741,3967,3968,3969,3970,3971,3972,3973,3974,3975,3976,3977,3978
449,2676,2716,2717,2718,2719,2720,2721,2723,2724,2725,2727,2728,2729,2731,2732,2733,2734,2735,2736,2738,2740,2741,2849,2850,2851,2998,3000,3002,3003,3005,3006,3008,3009,3010,3011,3012,3013,3014,3015,3016,3017,3036,3037,3038,3050,3051,3053,3132,3133,3134,3135,3136,3800,3801,3802,3803,3804,3805,3806,3807,3808
450,2681,2983,3086,3087,3100,3101,3102,3103,3104,3105
451,2688,2691
452,2690,2691,2692,2693,2694,2696,2697,2698,2699,2700,2701,2702,2703,2705,2706,2707,2708,2709,2710,2711,2712,2713,2749,2750,2751,2752,2754,2755,2757,2758,2759,2760,2761,2762,2763,2764,2765,2766,2767,2768,2769,2770,2771,2772,2773,2774,2775,2776,2777,2778,2779,2780,2781,2782,2783,2784,2785,2786,2788,2789,2790,2791,2792,2793,2889,2890,2891,2892,2893,3175,3176,3177,3178,3179,3180,3181,3182,3183,3184,3185,3186,3187,3188,3189,3190,3191,3192,3193,3194,3195,3196,3197,3198,3199,3200,3201,3202,3203,3204,3205,3206,3207,3208,3209,3210,3211,3212,3413,3414,3415,3416,3417,3418,3419,3420,3421,3422,3423,3424,3425,3426,3519,3520,3554,3626,3627,3628,3629,3814,3815,3816,3817,3818,3819,3821,3822,3823,3824,3825,3826,3827,3828,3830,3831,3879,3880,3881,3883,3884,3885,3886,3887,3888,3889,3890,3891,3892,3893,3894,3895,3896,3897,3898,3899,3900,3901,3902
453,2701,2704,2705,2706,2707,2708,2709,2710,2712,2714,2715,2716,2717,2718,2746,2748,2750,2753,2755,2756,2758,2760,2762,2767,2768,2770,2771,2773,2774,2775,2776,2812,2851,2852,2894,2897,2898,2899,2900,2901,2902,2903,2904
454,2728,2729,2730,2732,2733,2785,2786,2833,2835,2836,2838,2841,2843,2845,2846,2847,2848,2850
455,2733
456,2741,2742,2743,2748,2752,2753,2755,2756,2758,2759,2765
457,2768,2906,3139,3140,3141,3142,3674,3675
458,2773,2774,2775,2776,2777,2778,2779,2780,2781,2782,2783,2785,2789,2790,3009,3010,3011,3012,3016,3017,3197,3198,3203,3204,3205,3206,3207,3208,3209,3210,3211,3212,3213,3215,3216,3384,3385,3387,3388,3389,3392,3393,3395,3396,3397,3398,3399,3400,3401,3402,3403,3404,3405,3406,3407,3408,3409,3410,3411,3412,3723,3724,3725,3726,3727,3728,3729,3730
459,2778,2779,2781,2782,2783,2785,2786,2787,2789,2790,2791,2793,3442,3443,3444,3503,3504,3505,3506,3510,3511,3512,3513,3698,3701,3702,3703,3704,3705,3707,3710,3711,3712,3713,3714,3715,3717,3718,3719,3720,3721,3722,3723,3725,3726,3727,3728,3730,3731,3732,3940,3941,3942,3943,3946
460,2788,3051,3052,3053,3054,3056,3057,3058
461,2795
462,2801,2802
463,2818,2819,2821,2822,2823,2824,2825,2826,3107,3108,3109,3110,3111,3112,3113,3114,3115,3242,3243,3244,3245,3274,3399,3400,3401,3402,3412,3500,3501,3526,3527,3528,3529,3530,3531,3532,3533,3534,3535,3536,3537,3538,3539,3540,3541,3542,3543,3544,3545,3546,3547,3548,3549,3552,3553,3554,3555,3556,3557,3558,3559,3630,3631,3632,3633
464,2840,2841,2842,2843,2844,2845,2846,2847,2989,2990,2991,2992,2993,2994,2995,2996,3227,3228,3229,3230,3231,3232,3234,3235,3236,3237,3238,3239,3293,3294,3295,3296,3297,3298,3299,3300,3301,3302,3303,3339,3340,3341,3342,3343,3344,3346,3347,3348,3349,3350,3358,3359,3360,3361,3362,3363,3364,3365,3366,3367,3368,3369,3370,3371,3372,3373,3374,3388,3688,3689
465,2848,2866,2870,2872,2874,2878,3141,3144,3147,3151,3236,3237,3238,3239,3240,3241,3242,3243,3245,3248,3249,3252,3324,3326,3327,3328,3329,3330,3331,3462,3464,3465,3468,3470,3471,3484,3493,3527,3540,3542,3575,3576,3580,3589,3720,3724
466,2863
467,2865,2897,2898,2899,2900,2901,2902,2903,2904,2905,2906,2907,2908,2909,2910,2912,2913,2914,2915,2916,2917,2918,2919,2920,2921,2922,2923,3036,3037,3038,3039,3040,3041,3042,3043,3044,3045,3046,3047,3071,3072,3073,3074,3075,3076,3078,3079,3080,3081,3082,3083,3084,3085,3256,3257,3258,3259,3260,3261,3262,3263,3264,3265,3266,3267,3268,3269,3270,3271,3272,3367,3368,3369,3370,3371,3372,3373,3374,3375,3376,3377,3378,3379,3380,3381,3382,3384,3385,3386,3387,3388,3389,3390,3391,3392,3393,3394,3428,3429,3430,3524,3525,3526,3527,3528,3529,3530,3531,3532,3533,3534,3535,3536,3537,3538,3539,3540,3541,3542,3543,3544,3545,3546,3547,3548,3549,3550,3551,3553,3554,3555,3556
468,2865
469,2882
470,2904,3020,3021,3022,3023,3024,3025,3026,3027,3028,3029,3147,3148,3159,3160,3161,3162,3168,3204,3327,3328,3329,3330,3331,3332,3333,3334,3335,3336,3337,3338,3339,3340,3341,3342,3343,3344,3345,3346
471,2914,2967,2983,2984,2985,3072,3151,3162,3324,3361
472,2926,2928,2939,2946,2951
473,2927,2962,2963,2964,2965,3044,3201,3202,3203,3204,3205,3214,3215,3216,3217,3218,3259,3260,3261,3262,3263,3264,3265,3422,3423,3424,3425,3426,3541,3570,3594,3595,3596,3597,3598,3599,3600,3601,3602,3603,3604,3605,3606,3607
474,2928,2933,2936,2938,2939,2949,2956,2960
475,2939,2940,2941,2942,2943,2944,2945,2946,2947,2948,2949,2973,2974,2977,2978,2979,2980,2981,2982,3315,3316,3459,3460,3461,3462,3463,3585,3775,3776,3777,3778,3779,3780,3781,3782,3783,3784,3785,3786,3787,3788,3789,3790,3791,3792,3793,3794,3795,3796,3797,3798,3799
476,2959,2962,2963,2964,2965,2967,2968,2999,3000,3111,3112,3113,3114,3115,3116,3117
477,2978,3127,3128,3129,3130,3131,3132,3133,3134,3135,3136,3143,3144,3145,3146,3456,3571,3572,3573,3574
478,2983,2984,2985,2986,2987,2988,2989,2990,2991,3016,3017,3042,3043,3044,3045,3055,3056,3118,3119,3120,3121,3122,3123,3124,3125,3126,3127,3128,3129,3130,3131,3203,3204,3205,3206,3207,3208,3209,3210,3211,3212,3213,3214,3215,3216,3217,3218,3219,3220,3221,3222,3223,3224,3225,3226,3227,3228,3229,3230,3231,3232,3233,3234,3235,3236,3237,3238,3239,3240,3241,3242,3243,3244,3245,3246,3247,3248,3249,3263,3264,3265,3266,3267,3268,3269,3270,3271,3272,3273,3274,3275,3276,3277,3278,3279,3280,3281,3282,3283,3284,3285,3286,3287,3288,3289,3290,3292,3400,3401,3402,3403,3404,3405,3406,3407,3408,3409,3410,3411,3412,3413,3414,3415,3416,3417,3418,3419,3420,3421,3422,3423,3424,3425,3555,3556,3557,3558,3559,3560,3561,3562,3563,3564,3565,3999,4000
479,2986,3000,3013,3014,3016,3018,3020,3023,3026,3027,3028,3031,3032,3033,3035,3039,3041,3045
480,3004,3007,3069,3071
481,3006,3065,3066,3067,3068,3069,3070,3071
482,3019,3971,3972,3973
483,3022,3023,3024
484,3022,3024,3027,3079,3080,3081,3084,3087,3090,3092,3093,3094,3413,3417,3419,3421,3425,3426,3427,3430,3433,3436,3438,3439,3440,3441,3447,3448,3449,3450,3451,3456,3461,3464,3465,3466
485,3058
486,3061,3091,3092,3093,3121,3122,3231,3232,3233,3234,3235,3256,3257,3258,3259,3260,3261,3367,3400,3401,3402,3403,3454,3455,3790,3791,3792,3793
487,3071,3072,3073,3074,3171,3172,3173,3174,3277,3278,3279,3280,3281,3282,3283,3284,3285,3286,3287,3288,3289,3290,3291,3292,3293,3294,3295,3296,3297,3324,3325,3326,3327,3328,3329,3330,3331,3332,3333,3334,3335,3336,3337
488,3080,3184,3185,3186,3187,3188,3219,3220,3221,3222,3223,3224,3225,3226,3227
489,3120,3316,3331,3369,3786
490,3122,3124,3125,3141,3169,3170,3171,3172,3173,3174,3194,3195,3196,3197,3198,3199,3200,3207,3316,3317,3318,3386,3428,3429,3430,3431,3432,3433,3434,3435,3521
491,3126,3284,3665,3667
492,3133,3134,3520,3521,3553,3554,3555,3556,3557,3558,3559,3560,3561,3562,3563,3564,3565,3566,3567,3568,3569,3570,3572,3573,3574,3575,3576,3577,3578,3579,3580,3715,3716,3717,3718,3719,3720,3809,3810,3811,3812,3813,3814,3815,3816,3817,3818,3819,3820,3821,3822,3823
493,3158,3174,3175,3176,3177,3178,3179,3180,3181,3182,3183,3184,3185,3186,3187
494,3168,3662,3663,3664,3665,3666,3667,3668,3669,3670,3671,3672,3673,3674,3675,3676,3677,3678,3679,3680,3681,3682,3683,3684,3685,3686,3695,3696,3697,3698,3699,3932,3934,3935
495,3184,3279,3280,3282,3353,3354,3355,3356,3357,3358
496,3231,3233,3236
497,3233
498,3245,3843
499,3264,3265,3266
500,3271,3272,3273,3274,3285,3286,3295,3296,3297,3299,3300,3301,3302,3306,3307,3308,3309,3310,3315
501,3273,3274,3275,3276,3277,3278,3279,3280,3281,3282,3283,3284,3285,3286,3287,3288,3289,3290,3291,3292,3293,3294,3295,3296,3297,3298,3299
502,3277,3278,3279,3280,3323,3324,3325,3326,3327,3328,3329,3330,3331,3332,3333,3519,3520,3521,3522,3523,3524,3525,3526,3527,3528,3529,3530,3576,3577,3578,3579,3580,3581,3582,3583,3584,3585,3586,3587,3647,3648,3649,3650,3651,3652,3705,3706,3707,3708,3709,3710,3711
503,3281,3329,3330,3331,3549,3550,3551,3552,3553,3554,3555,3556,3557,3558,3597,3598,3599,3611,3612,3613
504,3283
505,3310,3311,3312,3451,3452,3453,3454,3455,3652,3653,3654,3655
506,3313,3346,3347,3348,3349,3350,3351,3352,3353,3421,3527,3557,3558,3559,3560,3561,3562,3563,3564,3565,3566,3567,3568,3569,3570,3571,3572,3573,3574,3582
507,3322,3325,3326,3345,3346,3348,3350,3361,3365,3369
508,3326,3437,3693,3694,3695,3696,3697,3698
509,3329,3930,3933,3936,3941
510,3355,3357,3360,3365
511,3366
512,3376
513,3407,3408
514,3408,3409,3486,3539,3672,3769
515,3409
516,3410
517,3411
518,3412
519,3416
520,3433,3434,3435,3545,3546,3547,3548,3549,3550,3551,3621,3622,3623,3632,3636,3637,3638,3639
521,3445,3446,3447,3448,3450,3452,3453,3454,3455,3456,3457,3459,3460,3570,3571,3572,3574
522,3451,3479,3490,3495
523,3480,3481,3482,3483,3484,3485,3486,3487,3488,3489,3490,3491,3492,3749,3750,3751,3752,3753,3754,3755,3756
524,3517,3518,3520,3521,3522,3523,3524,3525,3526,3542,3631,3644,3657
525,3518,3519,3578
526,3523
527,3524,3525,3526,3527,3529,3530,3531,3551,3552,3553,3557
528,3536,3537,3807,3915,3944
529,3551,3552,3553,3554
530,3561,3579,3585,3644,3647,3649
531,3569,3570,3571,3614,3615
532,3569,3570
533,3602,3781,3782,3783,3784,3785,3786,3837,3838,3871,3872
534,3603,3683,3684,3694,3727,3728,3729,3730,3731,3732,3733,3990,3994,3995,3996,3997,3998,3999,4000
535,3618,3619,3620,3621,3622,3623,3624,3625,3626,3627,3628,3629,3630,3631,3632,3633,3634,3690,3691,3692,3789,3790,3791,3792,3793,3794,3795,3796,3797,3798,3876,3877,3878,3938,3939,3940,3941,3942
536,3620,3624,3625,3627,3631,3633,3634,3636,3639,3640,3641,3647,3868,3872,3873,3874,3875,3876,3880,3885,3888,3891,3989
537,3625,3726,3878,3879,3939,3940,3941,3942,3943,3944,3945,3946,3947,3948,3949,3950,3951,3952,3953,3954,3955,3956
538,3628,3629,3630,3631,3632,3633,3634,3635,3636,3637,3638,3639,3640,3641,3642,3643,3644,3645,3646,3647,3648,3681,3682,3683,3684,3686,3687,3688,3689,3690,3691,3843,3844,3846,3847,3848,3910,3911,3913,3914
539,3651,3652,3653,3655,3656,3657,3658,3659,3660,3661,3662,3663,3664,3665,3666,3853,3854,3855,3856,3857,3858,3861,3862,3863,3864,3865,3866,3867,3868,3869,3870,3871,3872,3873,3874,3876,3877,3878,3879,3880,3881,3882,3883,3884,3885,3886,3887,3888,3889,3890,3891
540,3668,3669,3683,3684,3685,3686,3749,3750,3751,3752,3753,3754,3755,3756,3757,3912,3913,3914,3915,3916,3917,3918,3957,3958,3959,3960,3961
541,3704,3705
542,3722
543,3746,3752,3777,3861,3977,3978,3994
544,3747,3806,3881,3882
545,3747
546,3755,3756,3757,3758,3759,3760,3779
547,3756,3767,3768
548,3775,3776
549,3784,3785,3786,3787,3798
550,3810,3817,3818,3819
551,3824,3825
552,3829,3830
553,3838
554,3855,3859,3872
555,3860,3861,3862
556,3869,3994
557,3884
558,3884,3885,3887,3902,3904,3906
559,3892,3893
560,3918,3919,3920,3921,3922,3923,3924,3925,3926,3927,3928,3929,3930,3931,3932,3933,3934,3935
561,3924,3925,3926,3927,3928,3929,3930,3966,3967,3968,3969,3971,3972,3973,3974,3975,3976,3978,3979,3980,3981,3982,3983,3984,3985,3986,3987,3988,3989,3990,3991,3992,3993,3994,3997,3999
562,3940,3941,3942,3943,3944,3945,3957,3958,3959,3960,3961,3962,3963,3964,3965,3990,3991,3992,3993,3994
563,3952,3953,3954
564,3952
565,3961
566,3963,3964,3965,3966,3967
567,3968
568,3996,3997,3998,3999,4000
