1,30219.1,30079.2,30078.8,30068.6,30087.5,30088,30054,30048.3,30089.4
2,34748.2,34798.7,34758.2,34759.5,34727.6,34753.4,34732.9,34772.1
3,6779.64,6796.99,6741.17,6732.87,6762.72,6741.28,6755.36,6747.12,6701.11,6722.89,6724.54,6748.6,6676.6,6762.45,6709.14,6753.71,6757.18,6736.2,6727.5,6736.39,6740.25,6725.29,6727.98,6688.62
4,22372
5,9907.65,9868.58,9850.94,9887.47,9883.01,9895.14,9922.38,9905.85,9920.21,9895.27,9909.75,9898.93,9888.84,9914.52,9864.51,9908.3
6,27978,28003,28029,28029.4,28047.4,27895,28002.6,27994.6,28035.7,28014,28037.7,28005.6,28016.1,28012.3,28016.7,28032.6,27989,27980.3,27979.1,27959.3,28048.6,28009.8,28036.3,28029.3,28044.9,27994.1,28013.1,27995.8,27997.2,28046.8,27975.4,28014.1,27983,28001.9,28021.4,28006.2,28017.6,28012,28031.4,28024.2,28012,27975.8,28005.4,27975.5,27997.2,27986.5,28028,27987.6,27995.1,28033.8,27989,27992.5,28032.3,28008.2,27995.5,28026.6,28045.8,27998.9,27994.1,28026.4
7,38069.5,38113.1,38072.9,38030.2,38065.4,38013.9,38035.6,38034.9,38045.2,38049.8,38025.4,38108,38041.4,37984.5,38021.4,38044,38059,38067.3,38034.6,38026.2,38079.3,38050.7,38007.5,38004.3,38011.5,38065.3,38045.6,38080.4,38044.8,38089.5,38054.2,38075.4,38061.2,38041,38061,38114.7,38058.8,38094.6,38030.7,38077.7,38013.4,38053.8,38059.8,38061.7,38060.2,38096.4,38042.3,38017,38048.3,38062.7,38107.8,38021.7,38112.7,38082.7,38053.5,38081.5,38072.2,38026.4,38017.6,38053.1,38039.1,38088.7,38019.4,38063.3,38047.9,38032.6,38020.2,38009.3,38038.4,38062.5,37986.2,38035.9,38051.1,38035.3,38048.4,38034
8,30167.7,30117.4,30116.2,30147.5,30159.6,30147.2,30174.1,30121.9,30119.5,30149,30127.4,30117
9,1400.76,1421.61,1353.04,1391.06,1398.55,1392.04,1389,1375.41,1380.11,1372.85,1379.03,1439.45,1400.8,1391.07,1397.09,1364.4,1363.83,1420.21,1392.63,1377.75,1383.14,1352.13,1412.65,1373.92,1367.37,1374.94,1333.88,1384.27,1306.14,1399.74,1336.12,1377.78,1364.13,1392.97,1385.6,1292.76,1366.5,1366.41,1383.4
10,14274.6,14289.9,14271,14316.3,14292.3,14297.1,14282.7,14256,14258.1,14255.3,14286.4,14216.5,14260.6,14256,14274.2,14243.4,14280.7,14262.1,14214.4,14244.4,14303.7,14273.2,14239.5,14238.8,14262.4,14254.2,14245.5,14239.1,14255.8,14287.7,14253.1,14253.2,14257.9,14291.2,14325.2,14265.5,14250.2,14301.8,14299.2,14295.6,14242.4,14273.8,14240.9,14274.2,14232.8,14260.4,14250.4,14244.7,14235.5,14231.4,14250.3,14208.6,14285.9,14246.8,14280.4,14319.1,14247.7,14278.9,14298.4,14238.7,14235,14229.2,14287.4,14228.8,14249.8,14218.1,14283.5,14252.6,14247.8,14247.5,14221.7,14242.8,14261.4,14288.3,14261.3,14246.9,14237.7,14264.4,14256.6,14215.9,14290.9,14267.3,14270.9,14292,14281,14263.8,14266.9,14249.5,14244.7,14286.7,14226.3,14258.2,14255.3,14245.7,14291.7,14232.8,14222.2,14222.2,14221.8,14237.5,14275.1,14246.8,14272.7,14254.9,14231.3,14237.5,14246.1,14240.6,14221.6,14273.2,14244.1,14219.9,14241.4,14275.4,14264.7,14278.3,14275.8,14240.6,14245.8,14246.8,14236.2,14254.5,14279.1,14247.5,14263.8,14231.2,14250.6,14229.2,14230,14263.3,14252.6,14206.7,14272,14260.7,14264.4,14236,14272.1,14232.1,14230.6,14257.9,14239.7,14210,14226,14241.2,14217.6,14251.8,14247.7,14209.7,14254.3,14209.6,14218.7,14234.9,14267.7,14219,14291.3,14253.8,14273.1,14269.6,14211.4,14245.1,14252,14239.3,14240.2,14257.2,14266,14247.9,14264.5,14265.5,14222,14221.1,14217.4,14262.9,14218.8,14214.7,14225.8,14212.6,14249.1
11,31604.4,31616,31612.2,31621.1,31600.2,31626.6,31624.6,31599.3,31630.9,31635,31652.1,31624.9,31629.6,31601.5,31587.5,31613.6,31606.1,31659.1,31615.4,31636,31589.2,31604.4,31563.6,31624.8,31598.7,31630.6,31585,31617.9,31588.1,31637.5,31591.2
12,10530.2,10538.5,10504.4,10543.7,10570.6,10505.6,10518.2,10574.3,10536.1,10559.9,10608.7,10567,10620.6,10589.5,10518.8,10546.1,10560.7,10563.6,10512.8,10589.1,10529.4,10508.5,10558.7,10548.5,10573,10545.6,10545.4,10531.4,10436.6,10527.6,10559.2,10559.7,10553.4,10546.2,10578.4,10606.1,10537.8,10566,10576.6,10566.4,10582.6,10563.5,10558,10523.3,10568.3,10578.9,10553.7,10520.3,10550.1,10545.2,10574.6,10537.7,10517.7,10676.6,10536.3,10538.5,10546.1,10534.1,10559.9,10522.8,10549.3,10550.9,10498,10528.4,10499,10537.6,10510.1,10546.4,10530.5,10555.4,10569.1,10481.3,10544.4,10539,10509.1,10573.5,10540.1,10570.7,10522.8,10548.5,10579.4,10559.7,10574.8,10542.3,10584,10576.2,10543.1,10588,10559.8,10563,10588.2,10525.4,10545.4,10550.6,10529.4,10563.1,10562.9,10521.9,10526.5,10542.6,10567.7,10552.1,10534.1,10548.2,10488.5,10537.2,10570.3,10516.8,10607.1,10543.3,10523.1,10543.2,10568.2,10523.1,10510.1,10555.8,10495.6,10543.9,10559,10559.4,10560.2,10540.4,10548.9,10551.9,10556.6,10566.1,10547.8,10504.4,10550.1,10533.3,10538.9,10531.5,10553.5,10508.1,10555.7,10582.2,10564.8,10552.8,10597.7,10529.6,10544.2,10581.4,10592.8,10549.8,10566.8
13,32887.9,32914.5,32988.6,32833.8,32897.1,32935.9,32937.8,32887.4,32898.4,32899.7,32892.6,32847.2,32866.9,32910.8,32913.5,32917.8,32809.5,32942.6,32862.3,32848.1,32859,32873.9,32857.6,32813.8
14,12028.1,11963,11956.3,11974.4,11968,12010.2,11971.2,11994.4,11997.3,11980.5,12004.2,11967.6,11966.1,11976.6,12020.1,11974.1,12001.4,11973.3,11961.8,12017.4,12034.4,11983.6,11977.6,11990.5,11973.3,12010.5,12019.1,11997.8,11995.7,11992.8,11931.8,11998.8,11974.5,11931.1,11947.1,11976.3,11964.5,11937.8,11955.9,11932.8,11972.8,11939.6,11951.4,11944,11961,11992,11918.6,11970,11942.3,11963.9,11980.5,11948.8,11945.2,11954.4,11970.9,11931.7,11956.9,11927.3,11950.6,11930.9,11951.6
15,27240.3,27172.8,27182.3,27205.8
16,4820.2,4773.23,4754.56,4808.27,4791.07,4781.35,4796.8,4765.02,4805.05,4826.31,4815.12,4838.17,4788.02,4815.19,4789.15,4811.33,4785.37,4796.71,4772.63,4836.02,4796.1,4851.23,4812.93,4836.09,4816.8,4788.84,4771.33,4808.67
17,22683.7,22655.6,22643.8,22650,22677.2,22674.5,22667.2
18,4730.65,4752.67,4760.74,4768.3,4775.99,4740.6,4688.61,4785.54,4733.85,4727.71,4762.51,4685.37,4765.02,4732.59,4687.38,4707.37,4701.48,4670.57,4719.96,4676.63,4772.21,4771.39,4776.79,4782.58
19,34685,34716.3,34688.1,34727,34703.3,34668.3,34726.5,34704.1,34722.3,34704.8,34729.7,34714.5,34741.1,34756.8,34732.9,34711.5,34722.4
20,40271.9,40319.2,40148.3,40145.5,40156.5,40140.5,40159.7,40168.7,40113,40191.1,40139.4,40166.7,40141.4
21,37884.9,37825.9,37927.7,37854.3,37816.9,37794.8,37901,37831.8,37838,37773.9,37795.8,37844,37860.6,37836.5,37842.9,37788.8,37822.7,37820.9,37773.2,37815.8,37862,37800.7,37829.7,37801.6,37838.8,37845.1,37796,37855.5,37771,37802.4,37747.7,37746,37860.2,37844.2,37835.3,37762.3,37766.8,37820,37874.8,37819.3,37796.9
22,4412.61,4373.95,4452.94,4358.77,4366.19,4403.79,4344.14,4445.25,4401.69,4387.18,4394.31,4447.8
23,23066.8,23046
24,21685.8,21690.6,21651.1,21596.6,21647,21611.1,21624.1,21652.4,21680.3,21606,21495.7,21477.8,21484,21485.1,21495.6,21490,21490.7,21490.3,21454.5,21484.9,21463.5,21470.2
25,11041,11046.1,10965,10988.1,10996.8,10972.3,10983.9,10947.3,10987.3,10984.2,10945.4,10975.7,10958.3,10995.9,10968.9,10987.9,10972.2,10934.7,10965.3,10930.3,10967
26,20825.5,20833.2,20809.3,20780.3,20802.8,20831.3,20809.3,20777.3,20815.1,20794.8,20790.1,20778.4,20815.6,20823.9,20779
27,12525.6,12531.7
28,16105.2,16065.3,16120.6,16150.7,16168.3,16154.6,16160.7,16108.1,16129,16103.2,16125.6,16114.8,16167.5,16113.3,16129.4,16096,16117.5,16099.9,16149.4,16167.9,16134,16125.8,16122.4,16189.7,16135.3,16123.3,16149.8,16131.5,16142.4,16148.2,16133.4,16161.6,16115.7,16122.1,16132.9,16163.3,16091.6,16099.1,16112.8,16144.2,16127.4,16098.2,16098.5,16085.7,16094.1,16088.6,16093.4,16113,16100.4,16086.9,16083.7,16112.6,16098.4,16108.2,16081.5,16050.2,16118.9,16111.1,16131.5,16095,16109.1,16091,16092.1,16092,16117.7,16084.9,16089.3,16106.4,16104,16163.7,16094,16177.3,16112.9,16046.4,16114,16137.5,16078.1,16075.6,16084.3,16067.9,16103.9,16078.4,16094.9,16060.7,16069.8,16099.2,16099.1,16097.2,16059.6,16052.3,16075.2,16090.1
29,27587.1,27580.1,27597,27586,27579.6,27594.4,27566.5,27564.9,27581.3,27552.1,27571.6,27614.1,27530
30,7967.77,7884.04,7875.38,7905.43,7854.13,7889.91,7884.77,7850.88,7887.84,7935.52,7913.77,7860.96,7874.63,7885.54,7897.75,7873.79,7854.76,7843.07,7925.27,7859.65,7903.48,7859.12,7866.17,7901.34
31,35660.4,35634.3,35610.9,35631.1,35611.6,35609.2,35616.2,35637.2,35696.2,35636.9,35634.8,35635.1,35626.5,35642.3,35636.7,35591.2,35629.4,35606.6,35641.6,35616,35644.2,35649.1,35645.6,35639.4,35630.4,35598.8,35621.5,35570.8,35648.3,35679.7,35577.1,35620.2,35638,35650.4,35648,35579,35624.8,35618.3,35573,35624.3,35574.2,35619.8,35615.1,35592.5,35601.7,35608.9,35605.3,35586.7,35623.8,35597.4,35606.4,35595.8,35581.1,35581.6,35635.7,35594.4,35653.3,35630.4,35564.9,35596.4,35572.2,35615.3,35631.2,35560.7,35598.1,35585.2,35608,35568.5,35598.5,35605.4,35618.1,35585.5,35614.6,35623.6,35664.4,35523.8,35548.4,35595.2,35591.3,35510.4,35554.3,35563.9,35574.9,35567.9,35567.4,35557.4,35548.7,35635.6,35687.4,35605.4,35553,35607.7,35600.1,35588.5,35628.3,35616.9,35535.9,35596.6,35591.1,35635.3,35598.2,35542.7,35594.6,35594.3,35576.4,35627.4,35568.3,35562.1,35609.3,35582.7,35622.1,35648.6,35606,35651,35594.2,35634.3,35638.3,35620.1,35606.2,35605.6,35583.2,35626.8,35618.7,35555.6
32,2929.89,2907.27,2890.99,2899.34,2908.27
33,24669,24685.6,24673.9,24635.5,24608.4,24667.2,24682,24698,24684.5,24696.2,24668.9,24626.6,24687.5,24697,24650.1,24665.9,24642.8,24661.1,24690.7,24667.5,24645.2,24638.3,24662.2,24683.2,24636.9,24666,24682.7,24654.9,24683.2
34,11739.7,11724.7
35,35538.5,35573.8,35544.2
36,31642.8,31638,31687.2,31683.7,31629.4,31651,31659.8,31647.3,31682.4,31657.7,31650.4,31654.4,31674,31623.4,31638.4,31672.5,31662.3,31617,31675.2,31598.6,31649.5,31625.5,31677.5,31624.6,31667.1,31674.5,31642.3,31658.6,31673.2,31606,31641.4,31634.8,31671.1,31681.7,31636.1,31650.4,31641.4,31636.7,31641.7,31686,31678.3,31663.2,31640.6,31659.7,31617,31631.6,31649.8,31590,31605.1,31676.5,31649.4,31640.5,31645.6,31630,31668.8,31651.8,31652.1,31633.7,31632.8,31634.2
37,39749.2,39761.4,39755.8,39767.9,39725.8,39755.1,39731.8,39730.7,39755.6,39780.4,39729.5,39681.5,39745.2,39732.3,39710.9,39741.7,39752.8,39720.6,39691.4,39706.7,39813.6,39720.3,39758
38,29139.3,29189.5,29161.2,29171.9,29144.5,29172.3,29170.5,29195.8,29206.7,29115.8,29149.6,29138,29132.7,29129.9,29164.4,29145.4,29115.8,29204.2,29127.9,29206.5,29145.3,29175.5,29192.5,29181.4,29105.4,29067.3,29179.2
39,23078.9,23129.8,23108.5,23099,23102.7,23025.7,23071.2,23095.5,23080.6,23106.5,23078.9,23083.1
40,25691.5,25671.1,25722.7,25666.1,25716.6,25646.4,25757,25692.3,25721.1,25673.3,25691.6,25706.7,25724.2,25686.1,25711.1
41,14831.6,14830.4,14822.4,14807.9,14820.3,14826.9,14846.5,14813.4,14824.7,14823,14818.9,14865.9,14805.5,14825.6,14831.2,14847,14852.7,14832.1,14804.8,14827.3,14853.8,14830.7,14824.3,14838.5,14808.4,14804,14835.3,14858,14831.1,14834.9,14822.6,14855.6,14858,14816.7,14823.6,14823.6,14838.6,14824.1,14846.9,14825.2,14846.8,14803.3,14798.7,14843.5,14827.2,14816.7,14843.4,14818.9,14812.2,14802.5,14844,14818.9,14840.6,14838.3,14821,14808.3,14830,14819.5,14785.8,14821.7,14819,14823.4,14816.5,14817.3,14827.2,14824.7,14830,14822.1,14819.9,14820.7,14827.8,14839.1,14822.6,14856.1,14814.8,14816.3,14841,14842.3,14812.7,14824.6,14815.9,14826.2,14851.8,14839,14838.6,14827.2
42,32811.1,32805.6,32800,32782.2,32796.7,32849.6,32801.3,32830.2,32858.6,32795.5
43,39109.7,39115.1,39139.1,39099.3,39092.7,39084.4,39144.3,39131.4,39131.2,39127.6,39112.4,39081.3,39138.7,39081.8,39112.2,39089.2,39095.1,39126
44,32736.1,32757.3,32751.6
45,36251,36192.4,36203.2,36292,36195.2,36227.7,36221.7,36277.8,36251.2,36178.1,36209.5,36253.6,36223,36198.6,36225.6,36222,36203.2,36208.2,36236.7,36268,36216.5,36203.3,36195.6,36242.6,36211.6,36156.9,36194.5,36147.6,36217.4,36227.1,36187,36256.6,36221,36209.9,36160.8,36250.8,36193.7,36220.3,36234.4,36213.8,36220.2,36217.6,36211.4,36200.3,36221.5,36248.4,36232.7,36243.7,36244.6,36287.7,36215.7,36253.8,36270.8,36235.1,36254.3,36172.1,36249.1,36208.5,36211.8,36199.5,36170.2,36237.3,36217.5,36221.3,36237.2,36226.6,36200.7,36195.2,36252.9,36231.7,36178.1,36215,36254.8,36261.6,36185,36240.5,36264.7,36172.7,36220.2,36229,36231.9,36254.6,36249.2,36153.9,36240.1,36216.1,36160.4,36221.6,36239.1,36245.5,36180.9
46,26487.6,26526.7,26509,26479.2,26495.1,26539.1,26508.1,26508.3
47,8110.76,7991.06,8060.91,8037.52,8059.45,8002.92,8057.52,8034.29,8021.83,8071.65,8026.49,8042.87,8047.63,8064.58,8033.79,8081.74,8006,8034.66,7994.5,8058.1,8041.21,8012.65,8048.18,8027.58,8056.88,8077.91,7986.91,8068.14,8053.82,8068.03,8034.45,8046.2,8085.85,8068.38,8056.44,8030.7,8018.49,8054.48,8025.95,8090.21,8062.53,8058.01,8013.19,8030.25,8045.72,8057.12,8028.81,8029.98,7994.73,8010.61,8043.92,8015.44,8034.03,8038.21,8027.61,8041.89,7989.33,7961.82,8000.75,7968.49,8039.12,8021.72,8021.08,7997.39,8040.33,7997.2
48,15124.2,15169.1,15165.5,15131.9,15160.5,15120.1,15125.3,15125.2,15126.3,15140.1,15127.5,15132.1,15137.6,15123.4,15136.2,15120.3,15089,15128.1,15147,15142.5,15102.1,15122.5,15123.2,15112.5,15099.4,15086.5,15134.2,15112.7,15130.8,15121.5,15091.1,15153.9,15095.1,15112.8,15132.2,15119.1,15131,15133.4,15102.7,15124.1,15134.1,15162.3,15157.1
49,12107.5,12139.5,12099.9,12090.3,12098.6,12107.7,12123.2,12124.3,12124.1,12107.9,12072.5,12087.5,12090.6,12121.8,12067.1,12082.5,12085.8,12079.5,12064,12079.6,12109.2,12055.8,12100
50,19842.1,19887,19890.2,19907.4,19905.9,19870.2,19895.8,19872.4,19864.5,19842.6,19876.8,19856.8,19840.9,19863.5,19869.4,19838.3,19823.9,19852.6,19862.5,19856,19863.6,19853.8,19877.8,19852.8,19848.5
51,9375.99,9371.84,9390.34,9407.69,9322.93,9342.6,9358.12,9351.88,9355,9325.79,9346.55,9351.77,9370.85,9321.82,9326.56,9334.75,9369.98,9300.18,9360.46,9364.63,9370.07,9322.43,9376.15,9382.17,9326.82,9321.2,9344.9,9339.5,9327.23,9310.5,9365.13,9352.89,9356.96,9344.3
52,32433.2,32456.8,32397.9,32401.2,32402.7,32491.2,32379.6,32383.1,32394.2,32478.3,32387,32432.4,32419,32422.4,32431.7,32386.4,32417,32445,32418,32462.6,32413.8,32438.8,32415.5,32445.4,32431.5,32438.7,32364.5,32419.4,32391.8,32390.7,32374.9,32414.3,32458.3,32412.7,32415.2,32354,32377.1,32403.6
53,25331.2,25327.8,25327.9,25330.3,25354.9,25325.5,25330.1,25313.3,25350,25330
54,30407.5,30394.6,30405.3,30425.5,30430.5,30433.9,30456.4,30451,30426.6,30389.4,30442.3,30393.6,30405.1,30349.6,30398.3,30409.5,30422.7,30457.7,30383.1,30400.8,30400.3,30457,30401.2,30396,30428.8,30380.9,30393,30398,30413.7,30377.1,30472.2,30393.1,30429.1,30409.4,30353.2,30423.5,30393.1,30394.6,30412,30358.4,30431.5
55,29138.1,29104.5,29118.7,29120.1,29090.8,29122.4,29094.4,29120.4
56,991.998,968.538,992.946,993.854,1011.73,970.591,963.248,970.691,981.793,950.946,966.93,981.609,986.726,992.78,937.125,930.326,970.609,946.581,1011.07,929.964,951.404,977.946,955.76,968.279,894.341,947.267,935.533,957.732,960.819,952.552,949.659,972.594,946.218,958.816,955.291,965.173,973.784,971.077,956.431,942.477,977.32,944.689,964.58,948.616,968.767,953.233,978.401,962.969,948.766,975.789,940.144,930.498,946.4,975.305,935.785,967.083,936.271,969.027,959.224,952.674,957.08,954.748,946.468,969.822,953.432,952.072,936.878,974.216,952.919,941.633,945.708,943.208,976.74,933.726,973.422,976.045,963.984,954.848,951.112,938.603,979.293,951.556,932.785,954.386,970.096,931.996,971.418,925.081,947.709,904.888,874.139,948.528,957.736,917.745
57,18970.8,18980,18953.2,19007.9,18987.3,19014.4,19035.2,19002.8,19018.1,19015.5,19005.6,19024.7,18991.6,18987.3,18953.8,19001.7,18985,18991.9,19003.9,18990.5
58,15218.7,15192.8,15239.5,15162.3,15191.6,15217.8,15221.7,15218.3,15195.4,15182.9,15228.1,15209,15161.8,15220.8,15195.5,15227.3,15203.8,15191.4,15181.9,15214.9,15209.3,15195.6,15195.4,15211.2,15185.6,15216.8,15255.1,15227,15253.4,15184.7,15207.6,15185.3,15159.4,15199.8,15214.5,15204,15190.8,15201.6,15194.7,15172.5,15149.4,15226.9,15213.8,15166.4,15164.8,15174.5,15179.9,15189.6,15183.1,15196.8,15206.7,15196.3,15173.9,15244.4,15192.1,15209.5,15174.2,15212.5,15239.5,15231.4,15167.3,15211.3,15167.9,15190.2,15210,15202.9,15184.2,15202.1,15131.5,15194.1,15188.1,15247.1,15196.9,15214.8,15224.6,15178.1,15167.8,15171.9,15174.5,15155.3
59,22275.3,22288.8,22300.8,22289.1,22293.2,22278.4,22266.4,22299.9,22312.2,22332.2,22289.9,22262.8,22334.2,22298.9,22253.2,22284.7,22264.9,22242,22274.8,22288,22238.9,22271,22237.6,22253,22254.4,22271.5,22330.9,22241.9,22254.8,22260.6,22264.8,22258.6,22264.6,22274.4,22262.9
60,2245.82,2266.14,2187.43,2257.16,2300.11,2270.22,2219.05
61,25946.8,25941.1,25960.4,25873.9,25943.7,25936.5
62,30641.5,30640.5,30580.7,30610,30627.5,30634.9,30620.6,30666.2,30627.2,30645.2,30630.4,30632.2,30591.5,30653,30608.9,30616.9,30609.6,30600.7,30615.6,30612.6,30613.9,30607.6,30618.5,30660.4,30606.3,30621.1,30599,30619.4,30609.4,30582.7,30630.4,30664.2,30586.2,30619.6,30624.1,30601.7,30618.2,30631.7,30629.2,30624.5,30631.2,30645.9,30675.3,30602.8,30652.8,30630.6,30634,30589.8,30659.2,30602.2,30561.1,30614.4,30629.6,30607.8,30640.8,30603.9,30622,30619.4,30591.3,30634.8,30593.7,30572.1,30575.7,30578.2,30555.6,30598.5,30599,30556.3,30565.9,30558.3,30593.8,30605.3,30585,30605.4,30623.5,30575.4,30536.8,30619.4,30556.5,30648.6,30598.9,30575.9,30595.6
63,9264.71,9266.41,9281.81,9198.77,9256.6,9271.88,9216.72
64,25582.1,25618.9,25596.1,25581.2,25617.3,25608,25598.6,25592.7,25595.2
65,27486.8,27510.5,27461.5,27448.1,27483.6,27487.4,27461.8,27489.2,27488.9,27469.2,27473.7,27523.9,27499.7,27513.6,27466.7,27508.4,27455.2,27493.6,27479.4,27500.7,27557.9,27465.1,27438.7,27495.4,27469.8,27439.2,27521.6,27470.8,27509.2,27473.9,27489.8,27444.9,27473.6,27412.9,27476.7,27428.7,27488.8,27482.3,27465.4,27433.5,27499.8,27490.9,27500.2,27512.7,27462.2,27504.1,27457.1,27492.9,27472.4,27437,27498.8,27505,27465,27459.1,27448.3,27473.5,27476.4,27462.3,27459.5,27516.8,27455,27479.7,27488.8,27468.2,27490.9,27452.2,27489.8,27449.9,27486.9,27485.5,27457.9,27448.1,27477.8,27452.8,27478.9,27435.4,27494.9,27492.9,27471.4,27405.4,27452.7,27480,27502,27478.6,27461.5,27460.6,27508.4,27475.9,27444,27453.9,27512.9,27482.3,27469.9,27477.4,27478.4,27456,27502.8,27432.7,27486.3,27448.5,27458.4,27494.8,27482.5,27449.9,27473.1,27457.4,27453.2,27502.1,27487.5,27463.5,27532.5,27462.6,27448.4,27469.4,27435.5,27467,27468.2,27473.3,27471,27479.4,27470.2,27474.7,27460.3,27422.8,27445.2,27479.9,27460.2,27460.8,27473.1,27445.5,27447.8,27483.9,27461.1,27457.3,27433.8,27457,27460.3,27424.9,27443,27429.2,27433.3,27437.3,27459.6,27427.4,27458.1,27458.5,27434.4,27458.2,27450.3,27469.9
66,17904.1,17993.5,17917.5,17912.8,17929.6,17932.6,17940.2,17922.6,17929.3,17928.1,17950.4,18003.2,17916.3,17944.8,17911.1,17950.9,17953.5,17897.7,17936.5,17960.1,17932.3,17920.1,17933.5,17935.7,17943.5,17930.2,17945.4,17971.2,17949.7,17989.1,17916.6,17937.1,17940,17931.5,17938.2,17916.8,17927.9,17915.5,17901.9,17987.3,17925.3,17950.5,17922,17939.9,17924.3,17946.2,17924,17911.9,17918.2,17953.6,17913.9,17926.1,17969.9,17945.8,17936.6,17958.7,17890.3
67,30761.6,30869.1,30871.1,30813.2,30856,30826.8,30843,30776.2,30800.5,30839.5,30814.2,30830.8,30786.7,30806.8,30821,30795.4,30780.9,30762.9,30829.4,30754.1,30772.9,30775.3,30856.5,30827.2,30781.9,30741.2,30796.6,30741.5,30819.8,30825.2,30834.4,30813.5,30795.5
68,17944.2,17990.6,17986.7,17948.6,17927.4,17957,17985.5,17959.6,17950.5,17912,17974.9,17959.4,17947.9,17962.2,17948.4,17957.8,17964.5,17966.1,17944.3,17949,17954.4,17965,17958.4,17984.5
69,9419.93,9435.28,9411.18,9379.27,9321.01,9396.75,9373.75,9364.53,9408.98,9369.21,9394.29,9367.97,9392.53,9394.81,9396.71,9393.12,9374.52,9400.07,9363.04,9371.83,9408.43,9347.65,9399.21,9387.69,9380.95,9393.13,9405.14,9374.56,9331.49,9410.26,9393.71,9367.17,9372.59,9336.18,9389.23,9397.66,9381.3,9363.85,9380.33,9359.75,9398.7,9369.1,9385.82,9361.08,9396.2,9397.88,9360.55
70,24149.5,24147,24143.7,24152.1,24190.9,24136.9,24153,24160.8,24146.8,24152,24126.7,24176.5,24150.1,24149.3,24159.7,24159,24145.6,24158.8,24126.9,24161.4,24133.2,24150.8,24155.1,24170.6,24172.3,24169.1,24153.2,24162.9,24112.7,24138.5,24148.1,24135.5,24146.2,24139.4,24156.5,24126.4,24151,24124,24121,24160.4,24170.3,24168.8,24129.2,24140.5,24205.8,24198.1,24119,24067.6,24124.9,24117.7,24118,24151.4,24056.4,24106.5,24090.1,24098.7,24095.9,24079,24102.2
71,24950.3,24974.5,24954.4,24920.6,24947.8,24923.5,24927.8,24921,24961.8,24961,24929.2,24940.1,24925.7,24941,24952.3,24917.6,24937.6,24935.4,24938.4,24932.7,24932.6,24931.3,24935.6,24960.6,24927.9,24927,24939.2,24925.3,24936.6,24921.8,24946.5,24927.1,24913.2,24928.7,24944.1,24924.3,24941,24945.7,24921.8,24945,24933.3,24939.7,24933.9,24940.5,24968.5,24941.8,24929.7,24922.2,24867.2,24917.7,24910.9,24886.6,24883.5,24902.1,24870.5,24921,24878.2,24874.9,24920.2,24900.1,24890.3,24906,24886.3,24887.6,24878.5,24878.6,24890.9,24902.7,24880.4,24904.1,24868.6,24864.6,24910.2,24891,24906.2,24890.2,24875.9,24875.3,24910.3,24909.1,24881.2,24901.2,24896.7,24918.8,24891.6,24902.9,24871.8,24879,24897.1,24894,24877.1,24911.7,24867.3,24899,24907.7,24882.3,24835.9,24912.4,24902,24877.5,24889.5,24873.9,24847.2,24911.3,24892,24854.4,24880.8,24896.2,24873.5,24879.2,24834.3,24837,24885.9,24888.5,24893.8,24866.1,24897.9,24876.4,24882.3,24872.1,24878.6,24855.9,24881.1,24881.3,24883.7,24854.8,24879.6,24877.8,24870.5,24854.4,24850.2,24882.1,24865.8,24871.5,24864,24882.9,24877,24837.3,24872.2
72,16344.8,16380.9,16364.6,16311.7,16348.9,16333,16344.4,16388,16367.4,16359.9,16346.7,16384.8,16291.3,16366.2,16320.6,16385.3,16341.4,16331.5,16310.2,16357,16367.2,16331,16326,16324.8,16280,16264,16312.3,16379.6,16312.4,16289.7,16330,16328.4,16307.3,16333.8,16271.7,16331.3
73,14058.8,14052.7,14083.4,14088.8,14078.2,14027.6,14013.3,14055.8,14043.5,14005.1,14030,14049.7,14028.7,14020.3,14014.5,13992.1,14038.7,13974.3,14035.6,14020.3,14048.1,14051.8,14040.3,13988.4,14044.9,14018.5,14035.7,14015.6,13989.1,14021.2,14003.2,14030,14025.4,14067.9
74,6946.53,6956.5,6945.17,6958.02,6932.2,6947.19,6910.5,6938.58,6927,6930.03,6913.61,6937.34,6958.98
75,7285.94,7265.79,7224.47,7284.83,7286.56,7296.07,7240.08,7269.01,7266.44,7257.74,7218.3,7233.92,7284.9,7245.88,7206.7,7272.3,7334.39,7258.89,7321.48,7259.91,7247.91,7240,7239.18,7279.81,7276.92,7244.65,7272.49,7260.45,7281.97,7222.11,7271.89,7223.31
76,18034.3,18088.1,18033.2,18053.5,18033.2,18047.6,18058.8,18036,18032.2,18056.3,18010.2,18034.9,18053.7,18038.9,18059,18046.6,18013.3,18008.6,18022.3,18028.3,18023.7,18017.9,18021.2,18082,18038.4,18013.8,18035.3,18032.2,18040.3,18034.6,18027.5,18048.7,18053.2,18048.4,18041.5,17996.7,18026.7,18029.4,18012.5,18040.3,18037.4,18000.9,18042.1,18043.8,18024.6,18025.6,18026.7,18010.1,18026.1,18028.8,18037.8,18036.8,18018.1,18027.7,18038.2,18002.4,18024.4,18067.6
77,15920,15914.2,15938.2,15917.5,15951,15936.3,15915.3,15931.9,15964.2,15930.7,15925.5,15943.2,15921.8,15927.4,15915.8,15895.6,15896,15906.4,15919,15893.5,15901.1,15913.8,15877.4,15930.4,15949.8,15899.2,15881.4,15920.6,15913.3,15923.8,15908.8,15916.9,15957,15907.9,15911.4,15966.9,15850.2,15900.8,15891,15906.5,15932.4,15896,15896.3,15902.1,15886.8,15900.2,15888.4,15939.9,15916.3,15902.6,15906.3,15907.9,15878.4,15899.5,15894.5,15936.6,15885,15873.3,15926.5,15889,15943.3,15928.3,15953.3,15921.8,15903.9,15918.2,15912.2,15884.4,15953.4,15898.5,15935.1,15911.6,15914.9,15936.5,15898.5,15882.5,15892.7,15953.1,15913.9,15896.1,15895.1,15880.8,15876.6,15905.5,15878.9,15935.9,15922.2,15895.3,15904.3,15880.7,15917.7,15897.8,15905.3,15900.2,15909.3,15894.1,15874.4,15911.5,15895.4,15901.8,15934.1,15897.9,15932.6,15932.7,15923.7,15916.3,15903.6,15882.3,15894,15912,15880.7,15933.1,15920.1,15887.8,15889,15922.4,15885.6,15875.9,15920.6,15940.2,15898.4,15902,15892.8,15904.7,15846.4,15866.6
78,2843.13,2829.04,2813,2864.03,2799.73,2827.73,2813.09,2796.96,2831.51
79,30373.1,30372.9,30384.9,30277.4,30366.1,30293.4,30343.6,30354.5,30294.5,30355.1,30372.2,30331.2,30347.3,30355,30331.7,30292,30303.4,30302.2
80,31861.9,31849.3,31832.9,31812,31828.7,31862.7,31803.9,31859.4,31805.7,31835.5,31874.2,31833.9,31813.1,31855.4,31835.7,31826.4,31831,31853.3,31819.8,31847.4,31829.2,31806.7
81,6582.03,6585.96,6570.01,6560.6,6601.89,6559.9,6563.84,6545.42,6596.21,6553.02,6592.71,6580.49,6559.11,6597.98,6644.77,6550.13
82,19300.5,19335,19367.1
83,18290.8,18260,18264,18237,18279.5,18269.5,18305.3,18258.2,18247.9,18244.8,18236.8,18255.4,18268.3,18230.7,18280.6,18215.3,18297.6,18247.8,18263.6,18262.2,18262.1,18217.5,18238.1,18239.5,18308.5,18266.4,18233,18280.3,18241.4,18286.9,18253.6,18228.1,18234.6,18233.1,18236.2,18247.5,18250.7,18237,18236.9,18251.3,18270.3,18256.4,18230.7,18259.6,18248,18289.2,18236.8
84,40229.8,40197.3,40219.7
85,24936,24938.6,24932.2,24981.4,24900.4,24963.1,24932,24960.9,24937.5,24936.6,24946.1,24980.4,24943.8,24975.8,24900.4,24932.1,25003.6,25011.2,24935.5,24956.3,24927.1,24946.1,24943.4,24956.2,24938.8,24942,24920.9,24942.3,24953.4,24955.7,24970.1,24964.4,24907.3,24935.8,24854.8,24947.4,24922.6,24954.4,24930.5,24898.8
86,30558.4,30610.4,30642.6,30645.2,30613.7
87,18931.3,18982.5,18928.7,18954.1,18926.9,18958.3,18957.3,18963.5,18924.2,18920.6,18948.7,18951.9,18922.2,18908.8,18901.1,18906.9,18947.6,18948.8,18941.3,18954.8,18973.4,18889.2,18956.4,18963,18870,18946.2,18894.6,18912.7,18898.8,18932.8,18930.9,18888.6,18954.4,18933.1,18914.4,18930.8,18948.8,18993.4,18957.9,18919.7,18943.4,18867.4,18919,18914.4,18912.1,18942.8,18936,18913.5,18926.5,18854,18915.2,18902.8,18935.2,18938.6,18895.3,18880,18869.5,18901.4,18885.8,18942.9,18887.8,18899,18909,18919.1,18877.1,18975.4,18914.1,18900.1,18905.3,18947.6,18928.7,18910.8,18938.6,18928.8,18924.6,18974.5,18890,18907,18931.7,18948.2,18904.3,18961.9,18887.5,18848.1,18942.1,18890.7,18871.4,18918.4,18895.1,18922.2,18941.8,18923.6,18910.3,18931.3,18941.4,18905.4,18924.2,18907.7,18867,18886.9,18916.8,18898.6,18915,18903.4,18904.1,18915.6,18914.9,18910.1,18917.4,18900.6
88,36878.6,36899.6,36876.4,36923.6,36864,36909,36861.4,36866.6,36890.9,36884.5,36863.9,36910.3,36912.2,36932,36915.3,36885.2,36909.1,36917.2,36960.1,36921.6,36893.3,36882.4,36924.4,36929.9,36910.3,36931.8,36891.6,36887,36910.3,36829.9,36834,36883.1,36877.7,36898.5,36903.2,36893.9,36923.7,36874,36864.5,36859.2,36868.2,36900.3,36848,36915.7,36942.6,36938.1,36871.1,36863.6,36857.1,36853.3,36845.8,36901.8,36860.3,36922,36883.5,36900.8,36850.3,36896.2,36844.4,36871.1,36912.5,36840.4,36902,36902.3,36884.9,36899.4,36842.1,36854.9,36916.1,36914,36886.5,36909.7,36896.8,36901.2,36884.5,36848.3,36858.9,36897.1,36894.3,36870.6,36906.5,36855.6,36896,36887.8,36872.4,36865.1,36926.3,36899.6,36882.5
89,12646.6,12666.7,12646.7,12666.4,12668,12681.3,12724.6,12628.9,12634.8,12650,12655.6,12619.2,12643.4,12648.2,12647.8,12649.7,12663.8,12667,12665.6,12656.5,12664,12594.6,12636.4,12699.7,12697.6,12646.5,12604.2,12644.2,12641.7,12686.9,12645.7,12685.2,12662.4,12655.6,12638.9,12626.6,12611.3,12664.4,12601.9,12652.3,12648,12622.1,12657.2,12660.9,12601.5,12664.6,12645.1,12646.6,12659.1,12639.1,12712.7,12622.3,12641.4,12659.8,12615.3,12613.8,12631.6,12614.8,12630.9,12661.3,12628.4,12667.4,12659.4,12667.2,12676.4,12652,12674.4,12617.8,12618.7,12624.6,12632,12630.5,12659.9
90,36112.8,36118.6,36137.5,36137.9,36099.6,36099.5,36091.2,36096.5,36119.2,36162.5,36074.7,36108.2,36155.3,36119,36029.7,36149.5,36118,36147.6,36089.5,36057.3,36106.8,36158.3,36159.5,36051.8,36077.7,36153.4,36070.1,36093.3,36145.8,36095.4,36106.5,36057.7,36079.8,36136,36084.1,36088.2,36118.9,36100.9,36097.1,36152,36085.1,36045.1,36116.7,36098.4,36069.7,36089.3,36096.1,36156.2,36101.7,36168.3,36060.2,36130.4,36142.6
91,39549.2,39648.6,39715.7,39661.4,39703.3,39728.1,39684.7,39677.2,39759.4,39694.1,39690.5,39688.9,39692.4,39641.2,39688.3,39700.1,39674.7,39686.3,39718.2,39701.1,39673.6,39685,39695.8,39670.4,39632.2,39683.9,39636.8,39727.7,39668.3,39677.9,39650.1
92,8804.37,8837.78,8796.76,8790.11,8774.15,8810.28,8777.48,8824.16,8777.75,8804.12,8771.84,8773.24,8805.25,8793.73,8812.47,8788.66,8805.23,8779.42,8781.52,8796.3
93,23643.1,23686.1,23718.3,23673.6,23667.2,23722.3,23653.1,23683.3,23689.1,23653.7,23661.4,23642.1,23684.5,23671.1,23625.1,23723.1,23702.6,23668.3,23665.2,23690.8,23650.9,23644.5,23650.7,23636.7,23650.8,23637.6,23651.8,23688.2,23655.4,23665.2,23681.3,23615.6,23718.5,23627,23702.3,23623.2,23624.3,23682.6,23648.1,23626,23686.5,23628.7,23623,23656.1,23639.5,23651.8,23703.6,23640.2,23701.5,23682.5,23634.4,23653.6,23609.2,23635,23657.9,23620.8,23621.6,23636.4,23664.2,23643.8,23620.4
94,32069.5,32053.5,32104.8,32060.4,32073.3,32089.5,32096,32104.8,32058.2,32098.6,32076.1,32076.7
95,8755.22,8721.14,8846.2,8838.68,8780.02,8783.52,8789.48,8861.67,8806.84,8810.29,8837.6,8835.78,8804.42,8838.97,8761.53,8809.65,8779.49,8774.94,8752.5,8812.91,8807.86,8815.89,8742.85,8806.37,8801.26,8795.59,8804.26,8842.58,8780.24,8767.45,8792.97,8765.78,8812.46,8788.66,8841.04,8798.2,8785.65,8800.05,8808.05,8792.24,8793.36,8775.2,8822.3,8837.35,8830.78,8813.51,8823.55,8770.64,8753.41,8755.25,8796.65,8746.92,8810.72,8821.49,8815.13,8806.65,8804.19,8836.42,8805.36,8792.5,8799.21,8780.68,8763.18,8766.99,8804.87,8854.61,8794.55,8788.76,8813.09,8829.98,8799.18
96,38388.3,38370.7,38445.4,38408.4,38378,38353.3,38364,38380.6
97,7095.27,7083.52,7124.57,7112.21,7099.87,7093.11,7100.21,7078.1,7085.82
98,12771.1,12751.1,12782.9,12841.6,12924.8,12827.8,12759.5,12827.9,12788.3,12846.2,12754.2,12751.6,12776.5,12785.1,12798.8,12752.4,12805.2,12796.2,12786.5,12745.3
99,30000.3
100,13600.9,13632.3,13597.3,13647.2,13623.8,13594.9,13666.8,13610.2,13621.3,13657.5,13623.9,13592.2,13648.1,13615.1,13582.9,13596.4,13597.6,13634.9,13599.4
101,32687.6,32674,32655.7,32662.6,32709.3,32654,32630.9,32661.6,32679.2,32635,32644.4
102,15347.8,15428,15428.7,15427.2,15446.5,15431.7,15416.1,15489.8,15411.3,15403.1,15423.3,15437.4,15423.3,15441.1,15420.5,15393.6,15416.9,15428.8,15445.9,15420.6,15425.5,15425.4,15405,15421.1,15431,15407.4,15431.6
103,26216.9,26244.3,26252.4,26234.3,26246.5,26232.7,26250.6,26234.1,26243.6,26261.3,26213,26245.6,26235.1,26263.4,26264.3,26245.2,26259.5,26251.5,26237.2,26239.3,26238.4,26290.1,26272,26255.2,26265.7,26239.4,26244.8,26244.2,26268.2,26243.5
104,38864.4,38847.6,38911.2,38834.5,38801.2,38816.6,38831.4,38782.1,38891.4,38829.7,38838.6,38812.3,38791.3,38830.9,38837.9,38868.9,38826.4,38803.4,38829.6,38830.7,38826.5,38831.4,38848.1,38875.2,38807.5,38827.2,38802.9,38777.2,38818.4,38828.9,38858.5,38819.6,38870,38839.2,38838.7,38891.8,38855.7,38842.2,38851.3,38825.2,38844.4,38827,38841,38807.3,38833.3,38813.1,38819,38836.4,38803.8,38837.7,38787.6,38840.2,38875.1,38840.8,38785.8,38838.8,38850.5,38865.4,38820.2,38843.5,38866,38761,38849.3,38828.8,38816,38820.6,38837.8,38802.4
105,27584,27601.1,27574.9,27574.2,27605,27595.1,27616.1
106,31939.3,31962,31961.8,31951.2,31972,31941.4,32002.1,31955.5,31967.7,31978.1,31962.7,32003.4,32014.7,31946.5,32004.7,31994.8,31991.4,31994.6,31989.5,31956.1,31961,31938.3,31982.5,31986.3,32005.5,31918.1,31993.8,31971.7,31993.4,31992.9,31879.7,31941,31924.7,31927.4,31912.2,31924.7,31916.5,31948.7,31949.8,31961.1,31995.9,31942.5,31984.5,31934,31949,31932.1,31936.3,31986.6,31990.4,31932.7,31955.8,31944.3,31991.8,31973.6,31949.8
107,11065.5,11122.1,11114.8,11088.3,11103,11085.9,11105.8,11104.4,11115.1,11116.5,11089.5,11109.4,11118.4,11090.2,11111.4,11091,11094.2,11137,11148,11102,11098.8,11092,11090,11105.5,11127.6,11107.3,11096.3,11110.7,11109.7,11105.5,11073.6,11107.1,11158.3,11112.3,11124,11137,11100.4,11110,11086.3,11124.1,11107.1,11090.4,11094,11102.7,11085.5,11112.2,11073.4,11095.3,11108.8
108,8237.2,8226.83,8219.27,8246.06,8238.25,8260.32,8234.42,8233.48,8236.76,8244.46,8198.62,8220,8207.73,8206.95,8218.93,8234.05,8212.7,8226.61,8226.88,8227.66,8214.84,8249.01,8239.88,8223.45,8194.01,8201.37,8228.37,8238.53
109,24528.2,24509.1,24514.6,24511.7
110,26498.5,26403.5,26460.9,26442.4
111,4436.5,4410.13,4456.7,4435.23,4391.44,4361.47,4391.24,4353.9,4431.27,4389.78,4401.91,4399.8,4374.58,4416.79,4376.99,4385.46,4392.49,4340.21,4419.84,4374.04,4373.98,4362.92,4373.29,4363.49,4414.25,4379.48,4399.62,4412.76,4380.4,4375.72,4367.33,4395.47,4333.6,4418.32,4361.38,4395.99,4354.68,4346.29,4347.54,4390.65,4382.99,4374.48,4384.91,4380.93,4431.55,4400.18,4360.5,4378.01,4362.48,4379.53,4395.01,4367.88,4379.44,4365.81,4402.53,4386.85,4415.35,4396.44,4315.26,4328.08,4338.44,4341.1,4358.48,4348.07,4346.19,4333.44,4329.04
112,7169.07,7131.62,7139.19,7151.14,7161.05,7110.99,7125.54,7164.81,7153.47,7159.54,7148.65,7156.26,7132.36
113,22475,22468.6,22487.9,22493.1,22497.6,22475,22471.4,22476.6,22426.7,22484.3,22489.7,22444.2,22400.6,22474.5,22473.1,22421.5,22425.6,22455,22421.3,22431.4,22453.3,22428.8,22444.6,22425.4,22459.2,22476.5,22423.2,22397.2,22472.3,22450.6,22461.6,22421.2,22442,22409,22430.5,22462.2,22407,22422.7,22437.5,22403.9,22432.4,22413.4,22419.9,22406,22410,22417.5,22445.7,22423.2,22409.5,22400.9,22377,22468.4,22413.5
114,1778.61,1771.34,1743.09,1796.27,1762.72,1724.29,1823.52,1773.79,1740.13,1777.27,1759.1,1769.57,1741.83,1713.54,1752.31,1746.93,1799.37,1771.09,1728.27
115,12819.1,12791.9,12775.4,12834.7,12790.1
116,23454.4,23465.2,23451.9,23425.5,23412.2,23426.5,23447.7,23417.5,23417.8,23385.8,23402.8,23431.7,23402.5,23425.2,23414.1,23377.9,23408.2,23401.2,23388.8,23384.1,23397.3,23380,23403.7,23390.3,23359.4,23386.6,23404.2,23377.9,23500.6,23424.6,23350.9,23441.7,23394.3,23388.9,23374.4
117,9605.97,9599.74,9599.12,9579.97,9579.92,9599.38,9577.1,9588.55,9586.97,9572.8,9564.9,9582.53,9553.38,9590.44,9564.46,9579.71,9583.21,9583.2,9573.25,9594.39,9577.64,9541.95,9576.2,9577.78,9616.18,9660.68,9575.94,9505.99,9561.38,9561.65,9562.67,9560.43,9615.36,9585.08,9573.71,9536.38,9512.41,9596.4,9526.73,9567.17
118,30409.9,30408.6,30464.4,30418.1,30444.9,30415.5,30438.2,30448.5,30443.7,30416.7,30424.7,30433.4,30451.6
119,33160.5,33161.2,33289.2,33288.4
120,30539.3,30529.1,30540.1,30502.1,30473.6,30507.4,30479.5,30509.4,30490.9,30533.6,30504.6,30451.2,30548.5,30583.7,30520.3,30516.4,30533.5,30496,30543.2,30480.8,30488.7,30461.6,30559.5,30491.7,30514,30456.9,30521,30526.2,30507.7,30527.4,30520.9,30499.2,30514.2,30503.3,30529.2,30499.7,30561,30487.4,30493.1,30539.7,30463,30501.6,30546.8,30515.1,30505.5,30521.5,30498.8,30486.1,30592.8,30515.3,30453,30483.6,30473.2,30502.4,30473.3,30520.7,30475.3,30466.8,30549.9,30492.1,30517.4,30516.4,30517.2,30491,30461.5,30482.7,30493.6,30527.7,30528.8,30525.7,30527.7,30485.5,30519.8,30509.5,30535,30511.2,30449.4,30486.2,30445.8,30483,30523.5,30495.6,30484.3,30467.9,30536.9,30517.8,30470.8,30484.4,30448.4,30442.1,30513.2,30468.1,30519,30496.9,30519.9,30472.8,30496.9,30432.4,30512.1,30474.2,30516.4,30479.7,30511.3,30483,30511.1,30466.6,30471.4,30515.4,30412.6,30500.9,30472.4
121,1122.74
122,25929.5
123,34787.4,34751.8,34734.9,34771.5,34653.3,34733.5,34799.2,34804.5
124,2735.82,2682.43,2738.05,2724.4,2706.48,2668.41,2657.52,2690.27,2694.1,2723.27,2670.08,2668.33,2683.17,2691.75,2742.17,2695.74,2728.35,2721.42,2696.13,2686.22,2666.86,2663.2,2700.67,2698.21,2696.43,2707.59,2672.09,2695.21,2694.84,2667.25,2708.85,2673.95,2695.2,2664.46,2644.67,2657.91,2682.69,2654.02,2654.2,2703.87,2693.4,2667.23,2655.93,2699.73,2661.11,2699.6,2676.75,2648.96,2690.18,2677.09,2697.89,2658.38,2701.66,2671.43,2663.76,2690.94,2653.95,2677.82,2707.2,2703.61,2676.25,2688.26,2682.47,2690.14,2659.21,2677.97,2687.15,2689.88,2674.09,2704.32,2676.34,2652.32,2731.93,2717.96,2728.18,2656.42,2633.95,2700.15,2704.04,2660.14,2675.53,2679.27,2653.53,2652.44,2699.83,2680.43,2683.31,2684.73,2653.51
125,3804.84,3794.13
126,949.164,964.595,925.551,965.649,939.162,940.717,943.277,939.006,912.948,945.008,936.684,945.024,893.256,975.696,956.09,953.598,958.153,914.684,947.869,926.095,943.905,934.91,962.854,843.258,986.009,928.713,1009.67,928.196,955.344,920.216,910.322,892.119
127,6929.35
128,14923.6,14889.6,14924.7,14918.9,14914.5,14892.3,14934.7,14991.5,14954.3,14935.8,14957,14919.5,14916.2,14918.2,14998.1,14901.1,14931.9,14916.4,14964.9,14978.1,14940.2,14938.3,14892,14947.8,14923.5,14946.3,14966.2,14924.5,14973,14944.4,14913.9,14946.8,14960.9,14920.4,14921.2,14904,14934.2,14932.4,14891.2,14894.5,14928.7
129,30719.6
130,5440.82,5380.42,5436.58,5447.51,5379.54,5477.71,5428.95,5413.15,5458.13,5399.6,5427.1,5465.04,5426.36,5424.92,5440,5442.04,5458.26,5490.55,5460.31,5494.47,5474.31,5457.11,5444.3,5447.82,5404.21,5462.76
131,8080.28,8044.41,8032.23,8062.36,8027.71,8035.54,8065.15,8073.32,7983.85,8002.43,8030.72,8083.38,8042.76,8002.19,8090.38,8054.2,7991.05,8057.27,8036.5,8006.21,8007.92,8079.71,8063.8,7996.83,7990.24,8024.12,8071.3,8095,8050.9,8046.02,8037.85,8012.43,8040.54,8030.92,7986.66,8013.93
132,37951.9,37956.7,37955.4
133,10254.4,10235.2,10310,10283.4,10286.1,10246.3,10233.6,10246.9,10225.8,10215.2,10251.4,10239.9,10304,10200.8,10227.2,10224.7,10213.2,10247.6,10236.9
134,3175.86,3088.59,3123.58,3172.12,3158.68,3132.8,3161.66,3087.85,3177.45,3148.49,3122.85,3122.96,3145.95,3111.23,3099.54,3139.57,3065.67,3076.18,3105.9,3169.08,3154.18,3138.3,3176.08,3114.93,3116.03,3082.33,3058.34,3097.18,3194.6,3129.66,3129.68,3122.4,3144.97,3117.17,3175.07,3084.11,3148.13,3095.95,3159.54,3118.02,3080.38,3129.5,3109.07,3075.31,3134.35,3000.23,3104.55,3111.27,3137.88,3100.58,3080.22,3145.29,3065.94,3145.77,3064.73,3066.62,3123.65,3064.52,3116.82,3128.49,3131.27,3137.9,3153.8,3099.32,3087.56,3119.73,3113.42,3149.73,3094.32,3107.23,3085.52,3125.06,3108.2,3164.35,3093.33,3063.23,3103.07,3133.24,3044.37,3076.36,3074.2,3119.85,3103.64,3095.35,3099.01,3107.35,3103.85,3156.19,3062.69,3081.98,3116.03,3110.19,3072.35,3086.82,3058.42,3068.45,3075.45,3097.07,3074.32,3096.14,3081.48
135,12734.6,12772.6,12776.9,12779.6,12800.2,12748.6,12819.4,12787.3,12788.1,12800.3,12782.1,12779.9,12780.8,12785.6,12801.4,12791.7,12755.5,12812.1,12810.1,12810.1,12760.4,12736,12691.1,12737.4,12770.8,12834.3,12759,12793.3,12792.1,12719.7,12726.1,12748.6,12789.1,12785.2,12759.6,12771,12794.4,12758.9,12808.5,12833.5,12794.6,12760.9,12799.7,12775,12769.2,12775.8,12814.3,12752.1,12750.4,12753.1,12740.3,12739.4
136,31265.5,31288.7,31235.5,31249.7,31298.9,31264.8,31276.3,31295.9,31272,31328.6,31302.2,31331.1
137,27632.3
138,36350.6,36297.1,36343.7,36304.9,36243.5,36326,36236.8
139,37362.1,37415.9,37412.8,37382.2,37401.5,37390.8,37436.5,37419.6,37377.6,37410.4,37380.9,37370.3,37432.5,37403.8,37425,37450.4,37415.8,37394.4
140,4199.97,4161.85,4148.56,4230.18,4181.1,4166.71,4139.69,4166.3,4162.18,4182.36,4143.74,4130.62,4155.41,4169.85,4155.11,4159.47,4144.11,4172.53,4195.36,4156.29
141,8266.33,8264.18,8289.24,8274.68,8297.62,8294.39,8278.65,8288.2,8284.76
142,19243.3
143,36070.1,36071.2,36071.6,36165.8,36093.7,36127.3,36040.6,36090.8,36105.4,36084.5,36053.3,36079.8,36110.3,36037.5,36086.9,36039,36067.3,36086.3,36073.3,36030.2,36002.7
144,7583.62,7578.63,7538.88,7543.4,7555.77,7553.28,7576.86,7556.84,7550.49
145,22196.9,22196,22179.1,22179.8,22188.2,22219.9,22172.5
146,33378.7,33400.1,33408.6,33415.8,33380.4,33415,33429.9,33403.9,33389.7,33399.6,33447.4,33377,33401.7,33394.5,33427.5,33440.7,33375.1,33475,33426.5,33394,33397,33420.9,33394.8,33391.4,33389.1,33430.7,33365.3,33381.6,33426.6,33440.8,33448.6,33361.5,33389.6,33456.6,33378.5,33328.1,33445.5,33413.7
147,22887.3,22891.3,22882.2,22878.4,22850.9,22862.9,22875.8,22938.6,22829.7
148,17038.7
149,12140.2,12151.6,12130.7,12154.4,12121.5,12095.1,12185.2,12133.7,12166.4,12122.1,12151.5,12114.7,12127.4,12177.8
150,15841.9
151,25208.2,25163.8,25181.7,25242.6,25195.8,25204.6,25167.9
152,20372.7,20382,20359.1,20347.8,20369.9,20362.7,20359.2,20359.6,20365.9,20376.2,20437.6,20393.8,20358.7,20368.8,20381.8,20396.6,20357.6,20365,20359.5,20408.1,20371.1,20383.8,20372.8,20413.3,20370.5,20363,20308.1,20386.4,20334.9,20424.2,20330.5,20348,20405.3,20345.2,20375.1,20355.3,20351.7,20351.5,20351.5,20360.7,20336.1,20359.6,20365.9,20331,20347,20356.8,20340.5,20324.4,20344.6,20346,20361.2,20372.5,20361.9,20333.5,20354.3,20346.7,20335.5,20342,20338.5,20315.6,20320.7,20365.2,20333,20340.7,20340.5,20369.5,20344.7,20349.7,20383.5,20343.1,20346.8,20336.9,20380.8,20355.8,20306.7,20333.3,20354.3,20314.8,20316.8,20332.4,20346.6,20327.6,20326.4,20332.9,20330.2,20330.7,20319.8,20318.7,20303.5,20325.2,20357.7,20299.5,20325.8,20328.2,20338.8,20367.6,20366.2,20336.5,20326.6,20368.9,20349,20315.1,20359.6,20308.5,20379.1,20380.1,20328.8,20358.3,20344.2,20314.7,20344.8,20365.6,20320.6,20329.7,20320,20325.5,20336,20371.3,20333.8,20349.3,20360.4,20327.4,20396.8,20322.5,20327.2,20361.7,20325.4,20333.1,20319.1,20360.2,20372.7,20297.6,20331,20329.5,20322.6,20322.3,20296.2,20358.7,20337.8,20375.3,20373.4
153,20394.3,20476.9,20344.2
154,21878.2,21798.6,21849.5,21805.7,21811,21830.6,21839.9,21812.6,21802.2,21807.2,21833.9,21773.9,21845.7,21787.3,21815.8,21828.9,21828.5,21819.9,21842.2,21832.5,21821.8,21775.7,21783.9,21794.8,21787.5,21805.6,21837.3,21821.3,21820.4,21870.1,21857.2,21799.6,21774.6,21839.2,21795.1,21797.4,21822.5,21804.4,21784.8,21817.5,21821.1,21808.7,21827.5,21807.9,21773.5,21812.5,21780.2,21816.9,21768.5,21848.9,21843.5,21757.9,21820.8,21809.7,21807.6,21811.6,21794.3,21835.9,21795.6,21835.3,21796.7,21801.1,21831.2,21809.6,21806.6,21822.8,21770,21855.8,21786.9,21756.6,21831.5,21780.7,21822.5,21775.6,21810.7,21821,21834,21774.3,21833.7,21750.4,21818.9,21772.8,21794.6,21774.6,21817.8,21812.7,21833.7,21776.2,21781.5,21786.2,21780.6,21795.2,21819.5,21803,21807.5,21804.3,21779.7,21790.4,21797.1,21779.5,21812.6,21769.6,21781.5,21799.8,21790.3,21762,21770.1,21855.4,21773.9,21850.4,21801.4,21786.7,21804.8,21776.1,21797.7,21819.5,21786.7,21765.2,21771.6,21764.7,21799.7,21806.9,21800.4,21780.8,21821,21822.1
155,28144.9,28116.8,28134.3,28248.7,28112.7,28129.3
156,35863.7,35873.5,35866.1,35881.5,35873.3,35867.8,35883.4,35881.6,35844.5,35877,35877.5,35856.6,35856.7,35863.3,35841.5,35881.1,35873.8,35859,35895.3,35863,35834.7,35823.2,35853.8,35826.8,35860.8,35798.5,35810.3,35841.9,35866.9,35817.4,35857.2,35831.8,35819.8,35797.3,35870.5,35827.3,35846.3,35783.5,35853.3,35863.3,35831.3,35847.3,35833.9,35822.5,35847.6
157,33596.9,33580.8,33576.1,33514.4,33588.8,33555.8,33581.8,33583.9,33606.8,33579.1,33568.9,33558.8,33561.1,33591.5,33574.5,33561.4,33594.1,33559.4,33578.7,33566.1,33566.4,33571.6,33589.1,33575.8,33565.9,33578.7,33572.1,33580.7
158,39004.7,39031.6,38953,38976.2,38971.9,39042.2,38961.7,38986.3,38989.8,38951.8,38987.3,38960,38981.7,39033.6,38958.6,38977.4
159,2622.18,2696.04,2689.09,2703.42,2744.46,2636.14,2624.5,2621.88
160,13426.6,13319.7,13356.6
161,5132.36,5079.33,5118.3,5095.32,5055.51,5086.15,5073.27,5052.12,5120.31,5091.74,5074.53,5105.46,5084.17,5089.64,5077.34,5077.72,5029.97,5057.13,5081.54,5028.27,5084.95,5050.32,5071.44,5045.89
162,28398.1,28435.1,28400.1,28403.6,28389.6,28408.6,28405.9,28385.7,28397.6,28385.4,28404.1,28389.7,28390.3,28380.3
163,33767.6,33715.9,33752.5,33667.7,33755.9,33716.2,33713.2,33732.3,33670.6,33752.3,33777.9,33773.7,33777.2,33763.8,33748.2,33690.5,33735.5,33733.7,33738.5,33720.3,33750.6,33760.9,33744.5,33770.2,33662.6,33668,33665.2,33649.3,33635.2,33592.4,33686.4,33650.7,33630.2,33627.7,33639.7,33652.3,33686.4,33635,33612.8
164,18406.4,18414.2,18424.9,18387.1,18388.8,18397.3,18368.7,18430.1,18394.2,18368.8,18433.7,18420.5,18388.2,18410.8,18415.5,18420.2,18399.6,18390.8,18392.2,18379.7,18396.2,18379.5,18457,18387.9,18385,18399.9,18388.8,18376.1,18394,18409.6,18340.1,18391.5
165,15207.9
166,33951.6,33928.8,33958.2,33922,33913.1,33879.1,33912.8,33926.6,33916.3,33952.6,33920.7,33937.3,33920.4,33922.7,33907.8,33941.9,33942.6,33895.9,33971.8,33929.8,33890.3,33904.2,33862.6,33907.3,33835.8,33917.1,33966.7,33923.6,33901.4,33910.6,33936.7,33877.7,33895.8,33902.8,33903,33904.2,33891.1,33925.1,33947.9,33931.4,33909.3,33887.9,33892.4,33896.8,33872.2,33879.6,33872.2,33926.4,33890.6,33908.3,33895.1,33876,33923,33898.6,33900.1,33906.4,33907,33934.1,33914.8,33902.3,33887.3,33912.7,33893.6,33933.8,33891.4,33871.6,33868,33895.2,33851.1,33897.5,33903.3,33897.3,33864.7,33915.5,33905.7,33917.5,33920.9,33872.8,33918.9,33895.4,33910.3,33901.8,33939.7,33907.8,33904.6,33913.5,33916,33895.8,33888.9,33890,33879,33887.4,33924.9,33908.5,33906.2,33897.8,33918,33938.5,33943.9,33899.4,33901.2,33930.9,34017.7,34016.5,34051.6,34043.2,34055.5,34032.4,34074.6,34032.4,34082.4,34041.6,34037,34027.1,34037.1,34007.4,34037.8,34063.8,33940,33895.4,33913.2,33868.2,33922,33931.9,33899,33890.7,33881.8,33916.6,33915.6,33910.8,33951.3,33900.1,33893.3,33905.5,33868.5,33922.8,33924.3,33925.2,33900.5,33902.1,33885,33914.9,33892.4,33902.4,33903.7,33911.5,33879.7,33904.5,33907.8,33903.4,33919.9,33909.6,33913.2,33894.5,33907.7,33882.4,33886.7,33896.8,33897.1,33894.9,33910.1,33893.8
167,38146.6,38063.9
168,34988.7,34922.9,34953.8
169,15275.7,15229.5,15278.5,15297,15266.8,15286.3,15305.1,15258.4,15263.9,15270.2,15295.8,15289,15336,15217,15334.3,15256,15262.1,15302.5,15277.6,15210.8,15258.6,15304.5,15265.9,15271.9,15239.5,15271.4,15275.3,15260.6,15303.7,15275.4,15375.6,15256.3,15315.4,15247.3,15234.2,15253.1,15193.3
170,24317,24324.1,24338.1,24303.4,24258.1,24288,24305.9,24284.7,24285,24311,24282.7,24311.5,24293.5,24288.7,24313.5,24288,24281.5,24326.5,24290.3,24311.8,24289.8,24246.1,24288.4,24295.4,24313.9,24288.4,24315.7,24278,24265.8,24284.1,24293.9,24297.6,24300.7,24344.8,24301.5,24268.2,24284.5,24257.4,24293,24324.6,24289.4,24261.3,24277.9,24300.6,24288.4,24301.6,24256.8,24266.2,24241.5,24275.3,24259.2,24259.1,24283.7
171,38798.9,38806.3,38806.5,38784.5,38771.8,38806.4,38794.9,38808.4
172,15291.5,15269,15312.8,15301.7,15325.3,15283.3,15291.7,15288.9,15296.6,15276.3,15251.1,15280.6,15269.6,15271.5,15266.7,15299,15326.7,15309.3
173,30170.9,30144.7,30143
174,31715,31656.9,31694.5,31659.1,31673.1,31701.4,31651.7,31691.7,31693.4,31613.8,31670.2,31680.6,31672.9,31673.5,31658,31643.2,31684.9,31690.5,31648.4,31640.6,31691.4,31670,31661.6,31648.8,31667.6,31612.3,31646.8,31655.4,31654.6,31680,31695,31678.5,31677.8,31683.4,31669.8,31707.1,31652.3,31667.3,31660.6,31706.5,31686.8,31686,31683.4,31676.7,31659,31700.8,31704.4,31661.4,31698.5,31699.3,31689.2,31699.3,31677,31660.2,31715.9,31695.3,31693,31691,31698.5,31707,31665.4,31691.5,31673.4,31687.2,31668.4,31668.9,31671.8,31667.8,31684.7,31685.8,31672.4,31660.8,31689.4,31658,31672.3,31683.6,31688.7,31698.1,31669.5,31676,31665.3,31690.4,31680.6,31651.2,31684.3,31695,31665.5,31659.3,31692.3,31674,31690.2,31649.6,31670,31653.5,31725.4,31672.6,31674.5
175,23306.3,23299,23298.7,23264.6,23307.1,23282.1,23290.4,23274.6,23302.8,23278.7,23293,23260,23277.8
176,21458,21458.7,21485.6
177,16136.4,16142.3,16149.3,16139.2,16174.3,16135.4,16112.9,16100.5,16131.5,16183.7,16151.5,16144,16131.6,16139.7,16117.3,16112.8
178,25553.2,25510,25514.6,25529.3,25559.2
179,14211.3,14218.2,14259.4,14226.8,14229.2,14210,14203.2,14182.3,14191.4,14200.2,14233.3,14224.3
180,16677.7,16712.9,16705.6,16686.8,16691.5
181,14638.1,14632,14664.3,14601.3,14561.1,14621.2,14651.7,14641.8,14611.8,14624.3,14598.2,14613.1,14617,14645,14638.4,14616.3,14615.2,14663,14651.9,14602,14676.5,14633,14582.4,14672.6,14628.4,14614.4,14652.8,14653.4,14620.4,14626.2,14590.6,14608.1,14598.4,14606.1,14668.4,14617.7,14611.8,14615.3,14591.9,14656.1,14564.8
182,33472.6,33423,33362,33468,33421.9,33434.8,33416,33416.6,33419.5,33425,33363.7,33429.4,33400.9,33422.4,33359.2,33419.7,33426.4,33450.6,33391.8,33394.6,33418,33372.2,33438.9,33384.5,33384.6,33416,33404.5,33396.5,33418.8,33416.4,33410.6,33410.5,33456.3,33391.9,33421.7,33402.7,33458.2,33433.2,33374.2,33448.5,33415.1,33445.7,33476.6,33387.4,33474.3,33452.6,33341.7,33431.9,33373.4,33427.4,33435.7
183,19510.1,19508.5,19510.5,19485.7,19486.9,19477.2,19508.6,19493.3,19487.8,19498.2,19500.3,19503.7,19508.6,19477.3,19443.8,19537.6,19470.9,19501,19481.5,19473.8,19476.7,19502.9,19483.8,19458.1,19500,19477.7,19487.5,19485.3,19485.4,19471.4,19450.3,19463.9,19499.4,19461.1,19435.5,19450.6
184,5866.16,5848.05,5840.11,5845.61,5884.51,5833.05,5847.31,5850.33
185,19472,19406.3,19400.4,19383.5,19446.6,19415.2,19405.2,19332,19387,19392.8,19381.1,19375.8,19386.3,19333.9,19396.3,19329.5,19368.4
186,34069.2,34016.5,33994.2,34048.6,33994.8,33995.8,34018.9,34027.6
187,21796.2,21813.3,21777.4,21807.3,21856.9,21810.1,21824.1,21823.4,21820.4,21842.8,21813.6,21786.6,21842.8,21819,21817.2,21823,21830.7,21842.9,21807.8,21814.5,21848.7,21789.7,21821.1,21800.7,21804.8,21801.3,21785.2,21795.9,21781.3,21825,21809.5,21804.1,21801.7,21825.6,21778.2,21840,21784,21819.5,21802.4
188,27477,27491.6,27491.8,27492.3,27458.1,27480.6,27469,27458.3,27487.3,27457.4,27517.3,27520.3,27451,27492.4,27450.7,27492.3,27455.5,27481.2,27473,27485.4,27477.1,27492.1,27461.9,27478.7,27431.9,27445.1,27458,27466.2,27468.2,27511.7,27506.2,27505.1,27464.7,27497.7,27473,27455.7,27485.5
189,20820.9,20785.4,20809.4,20825.7,20780.1,20823.9,20761.3,20817.8,20754.7,20813.5,20785.8,20794.9,20790.3,20808.6,20801.4,20766.2,20716.1,20769.5,20807.8,20763.7,20774.5,20772.5,20766.9,20823.5,20759.3
190,29032.5,29006.9,29048.5,29033.4,29015.1,28944.8,28997.7,28990.5,29018.1,29010.6,29002.2,29001.5,29030.5,28977.3,28968.2,29012.3,28997.7,29015.3,29006.1,28926.8,29003.1,28994.6,28990.6,28956.5,28969.5,28946.2,28998.1,28971.6,28967.7,28986.8,28976.2,28976.4,28988.6,28948.8,28971.8,28972.2,28981.9,28958.9,28936.7,28977.3,28967.8,28988.6,28978.6,28958
191,25533.9,25495.6,25489.7,25518.5,25433.4,25515.3,25478.1,25534.1,25524,25537.4,25510.6,25532.9,25537.7,25516.5,25530.2,25492.3,25509.8,25498,25518.9
192,23588.2,23594.2,23610.7,23685.8,23544.6,23618.3,23599.7,23594.4,23632.7,23589.7,23555.7,23575.9,23598.5,23581.4,23570.1,23582.3,23574.1,23596.4,23561.4,23638.5,23610.2,23583.7,23606.2,23564,23586.5,23613.9
193,23958.1,23883.4,23902.7,23891.5,23894.3,23870.7,23964.1,23890.2,23879,23888.1,23895.3,23846.2,23936.6,23917.6,23903.8,23878.9,23902.4,23920.3,23914.2,23906.5,23922.9,23901.7,23893.3,23909.9,23899.4,23894.4,23887.7,23903.9,23869.1,23906.3,23893,23895.4,23845.9,23867.9,23917.2,23867.3,23902.8,23892.8,23885.4,23831.2,23883.1,23898,23883.6,23890.9,23896.4,23896.4,23917.8,23973.4,23871.3,23868.1,23874.7,23905.7,23901.7,23879.6,23880.2,23882,23863.1,23876,23854.5,23847.4,23923.1,23903.5,23909.5,23845.9,23890.7,23916.9,23895.6,23891.3,23898.8,23906.1,23865.9,23880.4,23873.2,23912.5,23872.2,23870.4,23914,23881.4,23915.7,23940.9,23912.9,23868.1,23861.7,23884.4,23911.1,23904.1,23890.7,23871.3,23861.7,23867.5,23874.8,23880.1,23869.2,23887.2,23899.3,23859.6,23879.4,23867.5,23883.3,23891.3,23929.7,23902.4,23821.4,23914.7,23859.6,23888.8,23878.8,23904.9,23870.9,23915.9,23887.7,23877.7,23904,23911.4,23857,23887.3,23881.7,23887.3,23902.3,23932.3,23916.6,23855,23911.9,23805.6,23879.9,23882.9,23861.7,23847.8,23954,23940.9,23860.4,23953.1,23838.1,23881.2,23849.4,23893.7,23845.2,23861.6,23910.5,23881.3,23857.6,23875.8,23889.7,23909.1,23886.5,23838.7,23906.3,23893.1,23846.7,23876.6,23855.4,23855.1,23853.7,23833.3,23905.7,23867.3,23889.4,23865.9,23881,23896.6,23878.4,23889.7,23886.1,23917.4,23905.3,23964.7,23882.2,23900.3,23851.7,23850.1,23928.3,23813.5,23882.8,23817.7,23869.8,23904.2,23903.9,23879,23922.8,23827.3,23862.8,23895.6,23873.5,23871,23838.5,23886.1,23939.7,23849.3,23872.2,23864.4,23833.3,23875.5,23866.4,23865,23897.2,23901,23901.9,23839.3,23870.7,23892.2,23872.9,23834,23862.1,23848,23863.8,23859.3,23863.3,23861,23816.9,23890.9,23900.3,23839.2,23917.9,23897,23884.5,23868.7,23916,23890,23874,23947.9,23886.7,23853.1,23938,23899.2,23826.1,23886.6,23853.4,23847,23881.8,23876,23872.8,23888
194,20121.9,20083.1,20048.7,20073.7,20077.8,20071.8,20064.9,20010.1,20062.4,20094.7,20087.8,20120.8,20074,20051.7,20066.7,20080.7,20042.1,20037.9,20064.6,20142,20072.1,20081.3
195,23340.7,23313.9,23314.4,23282.5,23295.9,23291.1
196,14015,14090.4,14066.9
197,18157.4,18163.6,18141.4,18172.5,18139.1,18173.8,18122.4,18157.1,18140.4,18141.8,18154.6,18132.9,18177.2,18144.4,18095.8,18147.6,18093.3,18145.3,18143.7,18171.4,18115.9,18125.1,18167.5,18136.6,18129,18140.5,18106.6,18166.8,18111.9,18139.2,18122.3,18165.3,18122.8,18162.5,18084.9,18150.4,18150.7,18134.8,18126.3,18142.6,18165.2,18145.3,18163.5,18150.5,18118.8,18156.9,18091.8,18128.1,18149.5,18134.5,18133.3,18165.4,18114.7,18132.7,18149.4
198,20512.7,20495.7,20516.9,20492,20460.2
199,31455,31469.3,31498.2,31493.8,31449.3,31505.9,31529.8,31430.2,31482.3,31472.8,31456.2,31438.6,31453,31478.2,31469.9,31439.4,31487.3,31471,31477.9,31470.3,31463.4
200,9764.76,9754.74,9767.92,9744.39,9799.75,9718.21,9745.04,9666.48,9736.38,9805.28,9733.09,9741.41,9753.52,9766.96,9732.54,9742.98,9739.61,9761.77,9786.84,9751.6,9759.07,9731.93,9709.5,9766.71,9749.7,9730.54,9755.64,9743.38,9745.22,9773.77,9756.63,9730.03,9739.08,9734.59,9728.94,9697.69,9763.9,9771.99,9733.06,9723.5,9744.29,9760.56,9753.86,9726.48,9761.9,9757.75,9726.97,9725.22,9769.05,9758.45,9766.54,9778.57,9701.6,9721.2,9738.45,9695.46,9755.43,9769.4,9781.98,9731.82,9707.93,9770.98,9732.57,9775.6,9809.23,9742.52,9711.63,9706.26,9768.18,9725.23,9755.78,9749.8,9719.82,9694.83,9760.72,9743.45,9723.78,9783.32,9728.05,9786.64,9782.96,9681.7,9735.63,9752.88,9735.09,9725.96,9762.74,9714.27,9721.14,9728.62,9687.29,9730.19,9726.98,9761.5,9743.22,9743.81,9733.79,9710.27,9678.12,9776.06,9738.64,9720.08,9739.18,9751.88,9677.05
201,38241.8,38229.4,38247.6,38226.6,38224.4,38243.3,38214.2,38199.1,38188.6,38249.4,38235.1,38202.1,38239.7,38238.3,38219.6,38206.2,38221.5,38218.6,38265.6,38217.8,38207.1,38206.2,38226.7,38251,38217.8,38170.6,38221.2,38224.9,38207.4,38233.9,38202.7,38170.3,38176.8,38209.2,38153.1,38234.6,38165.7,38213.1,38248.2,38216.3,38223,38209.6,38198.6,38213.3,38212.9,38212.8,38267.5,38171.2,38153.9
202,25062,25115.2,25083.9,25112.1,25067.6,25059.7,25047,25074.9,25078.1,25037.2,25055
203,3519.8,3559.38,3512.5,3532.67,3534.07,3505.55,3559.03,3516.53,3544.58,3535.98,3538.27,3530.55,3525.04
204,39040.4,39030,39056.1,39061.7,39108.3,39083.6,39110.9,38991,39022.8,39086.1,39058.9,39082.1,39048.8,39042.8,39042.3,39052.8,39021.7,39056.8,39068.4,39064.2,39052.7,39062.2,39017,39022.4,39054.6,39062.6,39033.3,39039.6,39020.1,39039.6,38986.8,39041.7,39055.8,39051.3,39058.7,39048,39027.5,39029.8,39076.2,39046.6,39067.2,39037.8,39022.9,39043,39021.3,39016,39029.8,39028.6,39033.8,39046,39040.6,38999.8,38980.7,39048,38993.8,39053,39012.2,39027.4,39045.7,38985.4,39039.7,39089.7,39012,39032.5,39003.4,39053.2,39041.6,38997.5,38978,39063.6,39052.6
205,11687.1
206,40284.9,40276.2,40288.8,40193.4,40218.8,40270,40236.2,40235.2,40305.2,40235.8,40189.8,40185.1
207,12030.4,12012.3,11985.1,11998.6
208,13986.4,13940.2,13967.6,13991,13976.1,14009.6,13989,13966.3,14003.3,13962.6,13954.2,13918.5,13932.2,13951.5,13957.6,13984.5,14039.3,14027.3,13969.3,13993.5,14004.1,13961.7,13977.2,13981,13984.2,13997.1,13983.3,13986.7,13976
209,35526.8,35497.8,35519.5,35573,35533.5,35536.1,35553,35524.9,35523.8,35520.4,35540.3,35571.4,35574.9,35537.8,35546.7,35567,35573,35581.8,35520.8,35555.1,35544.3,35555.5,35586.2,35573.3,35544.6,35508.3,35572.8,35499.5,35556.8,35534.1,35529.5,35534.5,35544.4,35538,35521.1,35509.4,35549.9,35521.7,35481.6,35520.6,35531.8,35545,35533.4,35551.1,35491.2,35527.8,35523.2,35525.3,35581.1,35537.7,35551.3,35524.1,35520.8,35535.1,35528,35537.7,35522.4
210,26744.5,26738.6,26754.2,26698.9,26681.2,26725.8,26677.6,26716,26728.5,26725.5,26691.9,26727.3,26719.1,26705.1,26726.3,26722.7,26749.4,26692.9,26747.9
211,2582.35,2561.8,2509.59,2571.61,2518.94,2534.36,2565.18
212,7918.43,7909.06,7893.48,7903.62,7890.56,7866.69,7899.23,7910.34,7887.19,7889.5,7876.16,7856.66,7877.66,7883.99,7919.93,7847.3,7888.81,7862.43,7879.25,7876.01,7881.34,7870.01,7866.31,7877.13,7886.53,7898.15,7878.47,7890.76,7872.89,7859.77,7885.21,7872.67,7902.43,7940.82,7908.59,7877.73,7874.61,7892.01,7873.15,7863.18,7871.81,7859.24,7870.82,7890.78,7845.15,7860.6,7894.62,7909.72,7837.82,7878.68,7876.3,7862.72,7883.7,7887.14,7883.38,7845.16,7837.39,7880.77,7908.11,7897.87,7797.73,7847.68,7836.85,7865.58,7865.71,7857.44,7875.07,7882.9,7894.57,7854.57,7807.02,7881.61,7822.98
213,32259.8,32349.1,32386.9,32352.8,32321.3,32297.9,32337,32342.2,32317.7,32380,32344.3,32343.1,32327.3,32359.5,32351.6,32324.4,32313,32306,32371.3,32290.4,32308.2,32342.3
214,6823.01,6800.12
215,34196.9,34231.3,34215.6,34143.6,34162,34174.1,34203.6,34194.3,34153.2,34166.8,34225.8,34198.5,34202.6,34194.9,34210.1,34181.5,34195.4,34197.4,34197.8,34239.4,34211.5,34202.8,34140.6,34229.7
216,30016.9
217,8463.4,8435.1,8475.99,8461.75
218,32983.9,32968.7,32990.6,32942.8,32994.8,32985.2,32966.3,32980.6,32976.2,33017.9,32971.2,32980.5,32998.7,32957.4,32957,32971.6,32966.2,32963.2,32971.1,32956.9,32963.8,32950.2,32975,32956.2,32972.8,32968.8,32948.1,32956.7,32963.9,32971.8,32978.2,32948.8,32944.4,32962.3
219,5087.47
220,5927.82
221,31313.4,31283.8,31316.3,31315.6,31289.8,31360.9,31304.7,31237.4,31305.1,31316.3,31299.2
222,36983.5,36970.4,36938.2,36941,36961.5,36946.2,36920.2,36967.7,36977.6,36934.6,36947.4,36907.7
223,3046.38,3051.2,3070.57,3105.93,3080.43,3114.08,3076.82,3067.45,3057.58,3071.3,3068.53,3072.9,3084.1,3090.59,3045.34,3094.5,3051.29,3054.02,3047.16,3044.49,3045.99,3054.48,3060.88,3091.67,3029.62,3042.63,3077.38,3040.47,3044.44,3059.58,3086.01,3029.94,3016.24,3026.95,2995.16,3052.84,3019.46,3049.45,3075.09,3013.48,3043.42,3034.71,3005.26,3060.29,3058.13,3031.14,3049.41,3047.15,3046.03,3045.32,3077.46,3032.32,3023.83,3035.17,3033.73,3048.57,3091.92,3058.4,3031.49,3055.84,3058.36,3025.99,3070.79,3027.38,3028.31,3023.3,3023.2
224,16306.2,16289,16317.6,16323.5,16316.4,16298.9,16308.9,16291.2,16284.7,16317.8,16298.2,16266.8,16282.4,16295.2,16307.3,16327.7,16310.6,16307.2,16336.1,16278.5,16301.5,16289.5,16291.8,16310.8,16243.2,16301.4,16339.2,16338.6,16300.4,16277.6,16270.5,16304.2,16291.6,16272.7,16313.2,16317.7,16321.6,16317.2,16281.6,16308.7,16296.4,16289.5,16309.1,16276.2,16304.4,16275.1,16316.1,16273,16300.1,16325.4,16264,16301.6,16322.4,16272.4,16285.7,16266.7,16307.5,16258.9,16315.9,16305.9,16298.7,16300.1,16266.9,16332.9,16257.2,16288.4,16262.3,16285.4,16288.7,16321.2,16315.8,16279.8,16263.6,16298.5
225,23965.7,23954.1,23958.4,23909.1,23963.1,23997.5,23981.2,23934.9,23933.1,23922.5,23978.2,23987.3,23966.4,23919.1,23978.8,23946,23937.9,23943.7,23962.4,23984.9,23935.5,23962.9,23941.6,23941.2,23925,23972.1,23939.2,23982.9,24002.6,23942.3,23952.1,23958.1,23964.7,23947.1,23960.2,23962.3,23990.8,23945.3,23974.3,23936.9,23947.5,23969.2,23929.3,23982.5
226,23178.5,23162.8,23133.4,23130.8,23144.8,23162.5
227,21672.4,21660.5,21627.1,21580.9,21656.6,21682.5,21607.5,21622.7,21667.6
228,21669.2
229,5551.45,5483.35,5541.9,5525.61,5488.93,5436.79
230,37114.1,37088.2,37096.6,37122.1,37086,37086.3
231,1412.77,1420.53,1411.76,1447.97,1388.39,1372.02,1369.84,1421.13
232,8300.39
233,9802.55
234,12969.5
235,4003.6,4023.44,3993.76,3990.34,4009.63
236,18451.4,18501.2,18447.7,18505.5,18479.6,18472.8,18467.3,18474.8,18454.5,18472.1,18456.4,18404.3,18455.3,18439.9,18513.4,18471.2,18464.9,18501.3
237,10992.7
238,28409.5,28483,28476.2,28449.5,28459.7,28480.7,28464.9,28405.9,28430.7,28423,28468,28432,28510.9,28478.2,28428.6
239,1162.47,1166.6
240,27838.3,27805.8,27834.1,27847.9
241,31207.1,31191.9,31192.7,31221,31207.7,31201.2,31222.5,31211.4,31243,31116.2,31190.1,31176.1,31211.5,31167.4,31189.1,31209,31213.4,31215.6,31193.4,31210,31217.3,31222.8,31209.7,31190.3,31189.2,31195.2,31177.3,31191,31208.5,31198.8,31211.3,31202,31221.8,31230.7
242,36817.6,36881.8
243,36313.6,36300.2,36294.8,36326.8,36306.5,36340,36306.1,36343
244,8617.3,8543.65,8618.25,8530.56,8503.63
245,29186.2,29191.9,29184.6,29178.4,29185.9,29178.7,29205.8,29114
246,24211.4,24219.5,24248.1,24207.9,24231.7,24226.9,24233.1,24243.7,24215.1,24243.9,24264.7
247,21388.7,21363.1,21391.2
248,26852.5
249,4223.68,4228.22,4223.29,4239.15,4213.84,4260.56,4247.98,4267.9,4279.7,4221.52,4255.92,4256.12,4218.5,4250.01
250,3380.35,3395.35,3420.34,3426.31,3436.71,3371.17,3414.69,3407.59,3419.42,3389.41,3392.41,3365.09,3415.45,3445.71,3441.79
251,39637.7,39639.7,39593.8,39698.9,39659.1,39608,39645.1,39610.8,39623.5,39629.7,39626,39638.8,39636,39650.7,39622.1,39630.9,39646.6,39618.9,39603.1,39640.8,39578.1,39628.7,39630.1,39655.6,39647.5,39620.9,39541.9,39609.5,39587.1,39618.7,39595,39609.5,39597.2,39545.8,39570.2,39613.9,39650.9,39606.4,39589,39606,39589.5,39604.9,39602.9,39573.8
252,2671.65,2664.68,2729.54,2682.26,2670.27,2645.39,2710.69,2719.02,2720.26,2673.18,2684.98,2652.85,2699.44,2641.13,2614.56,2693.45,2637.35,2692.03,2641.9,2672.53,2645.92,2642.64,2650.7,2694.13,2671.73,2662.52,2680.11,2610.82,2629.39,2697.47,2675.26,2666.98,2678.49,2666.84,2644.41,2599.26,2574.77,2666.25,2612.29,2639.84,2583.93,2635.24,2604.34,2593.84,2600.05,2659.78,2616.17
253,19678.7,19678.7,19673.7,19650,19675.3,19645.9,19662.3,19712.8,19662.1,19637.7,19614.8,19650.7,19690.8,19591.2,19639,19618,19617.3,19637.5,19633.1,19636.4,19630.4,19633.8,19643.5,19639.9,19681.9,19634.4,19676.9,19644.1,19684.3,19646.5,19697.3,19643.1,19648.5,19650.6,19634.5,19676.8,19699.7,19665.2,19643.5,19583.4,19654.8,19678.6,19676.4,19634.9,19683.6,19668.8,19641.2,19667.9,19629.5,19638.5,19663.9,19664.8,19660.4,19618,19649.2,19631,19647.3,19622.6,19661.6,19675.7,19613.9,19598.8,19650.7,19599.9,19628.4,19652.4,19670.6,19596,19639,19658,19660.5,19632.3,19587.4,19691.3,19618.8,19616.6,19600.7,19658.5,19618.7,19643.9,19660.5,19657,19569.8,19675.4,19647.5,19651.1,19618.2,19706.9,19655.3,19618.4,19667.8,19625.7,19670.1,19691,19628.8,19567.6,19632.1,19636.7,19636.3,19589.2,19669.6,19621.2,19591.9,19638.1,19653.3,19665.2,19635,19641.4,19668.2,19616.1,19658.2,19638.7,19657.7,19603.6,19630.9,19600.1,19659.1,19626.8,19606.4,19645.1,19666.3,19635.2,19629.9,19612.6,19673.4,19597,19604.2,19621.8
254,33281.7,33372.7,33291.5,33339.1
255,28644.9,28778.6
256,28659.8,28712.6,28708,28700.8,28672.5,28720.8,28680.4,28706.3,28676.2,28708.1,28720.3,28667.4,28702.3,28684.9,28687.3,28683.8,28692.4,28677,28661.8,28682.5,28669.7,28643.5,28667,28716.6,28662.9,28681.3,28678.1,28658.6,28694.2,28670.5,28594.9,28676.1,28698.4,28683.3,28716,28671.2,28651.9,28689.4,28701.8,28697.3,28681.1,28665.1,28704.4,28686.2,28651.3,28683.2
257,40112.6,40110.2
258,22689.9,22706,22715.6
259,24789,24682.9,24746.6,24777.6,24797.7,24801.6
260,11068.3,11007.8,11085.8
261,28416,28496.5,28484.5,28534.7,28452.5,28449.8,28432.3,28413.3,28516.7,28477.7,28506.5,28487.8,28539.9,28542.2,28539.7,28504.3,28523.5,28434.3,28451.7,28462,28439.4,28439,28483.3,28499,28461.4,28452.4,28438.2,28451,28479.8,28495.1,28494.2,28403.9,28457.2,28433.9,28447.6,28468.6,28432.6,28483,28433.6,28417.9,28442.3,28447.7,28449.6,28451.5
262,4131.8,4176.28
263,32171.8,32175.6,32171,32157.1,32165.4,32163.9,32164.7,32195.3,32197.1,32178.3,32159.9,32170.8,32141.7,32169.1,32167.7,32160.2,32173,32156.8,32149.9,32147.1,32168.8,32182.5,32168
264,27517.9
265,16777.6,16751.4,16766.7,16754,16787.3,16763.2,16807.9,16761.1,16793.4,16748,16730.7,16750.6,16799.1,16773.6,16747.7,16747.6,16731.7,16746,16738.9,16766.5,16739.9,16744.7,16746.4,16767.6,16740.2,16792.5,16736.4,16739.3,16768.3,16759.7,16774.8,16729,16728.4,16755.6,16767.5,16787,16727.9,16721.6,16785.6,16767.7,16746.2,16715.5,16729.9,16750,16768.7,16735.5
266,28121.3
267,33430.1,33452.9,33475,33435.7
268,32668.9,32657,32659.7,32634.9
269,11453.5
270,21479.2,21448.6,21380.8,21445,21435.2,21429.6
271,34566.5,34572.7
272,33451.3,33589.9,33531.6,33470.5,33479.8,33446.1,33398.4,33465.1,33475.6,33507.2,33423.2,33435.8,33462.4,33477,33478.6,33499.8
273,14540
274,34054.5,34031.5,34034.2,34024.1,34054.7,34047.6,34063.4,34047.9
275,16085.4
276,33901.7,33906.2,33941.7,33904.6,33905,33897,33906.8
277,3932.1
278,35224.8,35265,35278.6,35221.8,35236.7,35254.8,35244.8,35272,35266.6,35216.1
279,19161.7
280,570.219
281,28980.3,28902.9,28917.7,28922.3,28964.4,29029,29019.6,28960.3,29064.6,28984.8,28989,29019.2,28947.6,28900.2,28911.2,28891,28941.8,28892.2,28898.9,28928.8,28913.9,28912.7,28908.2,28906.5,28883.3,28920,28926.8,28908.7,28906.1,28887.9,28932,28911.2,28903.7,28916.4,28921.3,28954.7,28916.1,28907.6,28933.3,28906.5,28890.3,28904.1,28923.8,28927.3,28923.1,28925.2,28891.5,28895,28900.3,28922,28920,28904.7,28926.1,28870.2,28932.7,28917.7,28858.1,28908.4,28920.3,28893.9,28876.3,28894.8,28944.4,28937.3,28950.7,28926.8,28939.2,28937,28944.5,28916.2,28901.7,28937.8
282,27940.7,27993.4
283,5873.08,5847.11,5879.95,5864.62,5856.86,5907.04,5867.5,5822.65,5915.38,5906.82,5918.63,5806.65,5877.36,5899.43,5860.6,5819.23,5870.06,5914.8,5839.36,5875.55,5861.98,5829.76,5864.6
284,12703.6
285,16051.2
286,17388.1,17341.1,17318.8,17354.3,17343.9,17343.8,17370.4,17349.2,17371.8,17413.4,17391.6,17339.2,17400.2,17384.9,17406,17362.5,17408.5,17388.7,17396.2,17387.6,17397.3,17398.7,17354,17383.6,17376.4,17389.6,17395.3,17356.8,17371.2,17400,17360,17369,17394.4,17384.2,17374.5,17411.3,17392.8,17353.1,17331,17379,17389.8,17376,17363.6,17342.2,17397.7,17341.4,17408.5,17360.6,17365,17379.1,17353.2,17373.9,17389.2,17394.1,17396
287,1425.94
288,33078.7,33089.6,33105.3
289,21775.9,21760.9,21773.7,21789.7,21782.4,21788.4,21773.1,21756.3,21757.7,21766.1,21734.9,21783.8,21761.4,21779.5,21741,21680.5,21786.5,21768.8,21712.4,21726,21757.2,21778.6,21746.9,21731.4,21814.5,21727.4,21739,21782.4,21723.2,21760.5,21738.2,21790.7,21760.7,21749.1,21745.8,21755.7,21805.9
290,24985.2,24996.8,24944.4,25016.3,24991,24992.8,24950.9,25037.7,25025.4,25019.1,25006.4,24997.9,25008.4,24986.1,24967.9,25005,24967.2,24932.2
291,9629.95,9605.25,9640.07,9588.02
292,29415.2,29411,29417.2,29412.4,29407.8,29445.4,29418.1,29454.6,29441.8,29404.8,29446.9,29459.1,29436.3,29427.3,29470.6,29387.5
293,33533.9,33553.9,33570.9,33581,33521.7,33577.8,33541.2,33542.6,33527.3,33560.3,33543.4,33537,33552.9,33530.4,33552.9,33536,33550.6,33553.9,33515.5,33548.8,33563.7,33515.3,33517.8,33503.6,33548.2,33531.9,33531,33526.8,33504.4
294,15788.6,15817.8,15824.6,15733.3
295,17214.9,17209.3,17214.9,17202.6,17184.6,17200.4,17182.7,17228
296,38554.5,38485.3,38552.8,38536.2,38393.2,38512.2,38562.2,38533.2
297,10267.6,10244.3,10258.4,10283,10274.1,10226.7,10226,10263.1,10233.3,10253.7,10226.7,10246.5,10265,10221.9,10239.2,10251.1,10258.3,10232.8,10246.7,10244,10256,10229.3,10258.1,10266.3,10236.6,10249.2,10238.9,10245.6,10241.6,10233.2,10215.9
298,34677.1,34711,34730.6,34690.3,34738.9,34706,34723.9,34719.6,34684.5,34732.7,34675.7
299,33395,33356.1,33301.9,33354.5,33406.6,33301.7
300,1384.1
301,19419.3
302,8468.28,8474.42
303,18811.4,18771.8,18755.2,18814.8,18769.8,18807.6,18787,18814.3,18819.9,18761,18761.2,18815.3,18753.2,18760.4,18757.5,18800,18739.8,18787.4,18789.9,18722,18791.9,18807.8,18744.7,18736,18781.5,18774.9,18790.8,18815.4,18774.3,18834.1
304,33217.4,33211.7,33171.7,33191.3,33203.1,33204.8,33197.4,33232.3,33200.4,33191.4,33198.8,33177.2,33203.6,33206.5,33172.4,33163.2,33192.5,33175.2,33174.5,33204,33233.9,33189.2,33207.5,33201.4,33206.8,33225,33226.7,33208.3,33198.3,33219.6,33224.5,33178.4,33180.8,33225.1,33216.8,33264.8,33189.8,33183.3,33168.1,33181.9,33156.5,33163.3,33202.6,33206.8,33176.2,33216.1,33162.3,33212.5
305,30578.9
306,3643.74,3571.85,3564.5,3526.48,3526.57,3541.8,3523.09,3522.26,3573.42,3540.27,3505.8,3579.45,3534.62,3554.78,3570.9,3547.89
307,1278.84,1309.85,1323.49,1294.91,1278.32,1300.19,1291.71,1305.15,1268.75,1291.61,1320.87,1321.69,1327.24
308,13950.5,13991.7,13965,14060,13955.6,13968.1,14025.9,14008.9,13969.9,14052.9,14052.8,13999.9,13938.7,13993.8,13986.9,14030.7,14011.1,13971,13979.1,13978.9,13948.1,13973.7,13977.5,13981,13971.9,14042.4
309,11714.6,11676.3,11670.8,11638.3,11642.6,11657.1,11660.8,11636.1,11659,11690.3,11664.1
310,27585.1,27602.3,27556.6,27577,27584.8,27558.4,27579,27535.3,27561.8,27573.9,27590.9,27582.7,27561.8,27577.7,27610,27580.5,27581.1,27584.4,27546,27611.7
311,26894.2,26878,26881.3,26881.5,26854.7,26897.7,26945.3,26847,26852.7,26897,26910.5,26884.6,26882.4,26890,26863.2,26849.4,26882,26881.2,26859.3,26820.4,26802,26877.7,26869.4,26849.8
312,3183.94,3100.67
313,3179.72,3225.28,3243.86,3256.5,3206.96,3145.64,3181.14,3209.97,3225,3247.93,3222.67,3227.32,3223.91,3201.9
314,33624,33637.7,33584.1,33632.2,33568,33646.2,33620.6,33577.6
315,34985.3,35057.2,35057.4,35006.8,34980.6,35007.9,35020.9,34957.2,35065.8,35045.5,35053.5,34988.8,34988,34987.3,35027.2,34991.1,34963,34997.5,34973.5
316,28997.9,29059.9,28958.5,28995.6,29006.1,28996.2,28976.5,29008.6,28974.7,29018.5,28974.8,28992.6,29012.6,29058.5,28986.5,29023.2,28978.1,28986.8,28987.1,29019.3,29007.7,29031.7
317,37958.7,37926.7,37935.8,37884.3,37884.1,37930.5,37946.1,37957.7,37970.4,37952.9,37974.4,37935.6,37935.3,37955.4,37891.8
318,3174.46,3120.62,3196.61,3136.01,3140.43,3143.54,3122.9,3119.35,3085.89,3156.63,3167.75,3133.53,3110.29,3155.47,3140.54,3129.1,3151.92,3121.5
319,32671
320,24655.7
321,10492.8,10534.7,10461.5,10536.1,10464.3
322,16687,16679.2,16694,16713.4,16704.9,16690.8,16676.8,16685.1,16702,16671.5,16713.3,16691.6,16683.6,16694.2,16668.3,16663.4,16719.7,16695,16712.9,16703.9,16670,16714,16712.5,16695.6,16679.3,16681.5,16688.1,16696.3,16707.5,16694.8,16674.3,16681.3,16681.8,16685.4,16687.3,16699,16680.9,16722,16680.2,16686.8,16696.6,16684.5,16694.5,16686.8,16652.4,16690.1,16652.4,16661.5,16655.5,16629.2,16651.1,16650.5,16677.8,16662.3,16627.4,16643.6,16663.1,16639.2,16675.8
323,6955.11,6931.15,6926.9
324,12860.9
325,28052,28103.7,28058.6,28085.8,28098.3,28038.5,28073.6,28123.7,28080.4,28078.5,28091.7,28134.4,28050.2,28062,28089.3,28089.8,28032.6,28177.4,28093,28110,28074.4,28100.9,28054.3,28066.8,28110.2,28060.6,28034.3,28043.5,28079.5,28045.2,28073.7,28103.3,28114.7,28138.7,28071.3,28101.5,28055.2,28074.1,28105.4,28101.1,28077.4,28117.5,28069.7,28090.4,28037.6,28041.6,28025.9,28095.3,28031.7,28071.8,28083.5,28066.6,28077.6,28058.3,28081.6,28104.7,28041.7,28074.6,28041.8,28068.3,28080.9,28061.3,28105.5,28064,28037.8,28093
326,33516.4
327,31448.9,31491.5,31474.9,31511.1,31525.5,31425.3,31526.1,31458.9,31486.6,31496,31490.2,31507.6,31515.4,31506.7,31464,31507.7,31484.2,31507.8,31525.2,31466.1,31504.3,31490.1,31504.1,31506.4,31485.1,31459,31499.9,31470.3,31494.6,31441.9,31513.1,31510.8,31506.9,31499.3,31497.1,31521.6,31539.3,31472.8,31473.1,31491.1,31533.6,31509.4,31465.2,31455.3,31484.7,31474.2,31514.4,31528.3,31497.2,31438.5,31472.9,31483.3,31498.7,31537.5,31498.4,31457.2,31479.1,31473.5,31500,31529,31474.7,31467.1,31519.9
328,26270.5
329,35793.3,35808.7,35863.5,35773.6,35791.1,35767.8,35781.4,35824.2,35776.1,35816.5,35829.8,35813.4,35792.3,35775.4,35810.6,35781.4,35741.6,35772.2,35794.7,35840,35853.5,35819.2
330,12967.8,12962.2,12965.6,13031.3,12965.2
331,28973.7
332,23376.2,23393.8,23404.7,23391.5,23410
333,26415.7,26494.4,26515.9,26495.7,26456
334,30420.1,30429.1,30432.8,30418.6,30444.3,30391.9,30453.6,30472.8,30434.4,30442.9,30429,30453.3,30442.7,30473.6,30396.6,30430.4,30445.5,30412.4,30513.1,30427.7,30352.3,30391.3,30417.9,30445.8,30408.7,30472,30471.7,30424.5,30455.8,30398.1,30420.2,30448.1,30435.4,30492.8,30435.3,30458,30403.2,30396,30435.1,30483,30443.9,30449.1,30497.9,30396.9,30448.9,30442.4,30449,30456.2,30467.4,30481.3,30464,30458.2,30427.4,30441,30479.5,30440.8,30427.2,30448.1,30425.5,30407.9,30411
335,22836.6
336,33828.8
337,14284.4,14252.7,14222.8,14217.1,14183.8,14224.5,14196.1
338,15149.2
339,13832.1,13823.8,13834.9,13809.7,13832.6,13815.4,13841.8,13815.3,13809.7,13820.4,13793,13799.6,13858,13784.5,13800.4,13789
340,25135.2,25069.9,25132.9,25057,25065.2,25069.1,25107.9,25084.5,25129.3,25034.7,25065.1,25040.9,25100.4,25027.5,25037.6,25060,25078.2,25013.3,25062.2,25054.1
341,35743.3,35803.8
342,34136.7,34196.7,34196.1,34191,34140.9
343,9866.94,9872.56,9856.37,9855.86,9871.02,9892.24,9901.5,9891.34,9857.99,9872.91,9885.5,9912.99,9905.25,9872.21,9845.5
344,10669.4
345,10268.2,10267.2
346,6937.76,6895.05,6921.59,6908.71,6880.69,6935.75,6936.52,6931.56,6921.44,6922.99,6921.92,6918.3,6907.49,6954.24,6905.66,6930.83,6918.43,6937.86,6911.34,6897.38,6890.31,6896.54,6924.08,6909.44,6903.47,6898.99,6905.64,6915.92,6885.68,6907.84,6919.72,6901.78,6906.62,6886.79,6921.79,6932.64,6904.79,6858.21,6923.21,6956.08,6953.07,6896.97,6915.35,6928.21,6916.71,6900.85,6889.2,6903.43,6903.5,6933.15,6906.79,6921.88,6877.77,6920.89,6900.71,6943.56,6943.88,6914.17,6925.03,6905.15,6909.84,6898.45,6927.75,6914.84,6898.56,6904.74,6909.84,6880.56
347,18820.2,18797.9,18828,18797.3,18749.6,18728.5,18817.8,18799.4,18832.2,18741.3,18807.4,18822.7,18765.5,18795,18785.2,18815.2,18820.9,18778.6,18776.9,18792.7
348,2989.18,2968.59,2964.5
349,29905.9,29878,29913.6,29933.9,29913.4,29912.5,29908.1,29858.3,29888.6,29916.2,29872,29862.4,29905.3,29911,29886.1,29888.8,29807.3,29903.8,29883.9,29922.4,29895.1,29881.3,29851.8,29932.3
350,32496.4,32443.2,32494.2,32495.3,32538.3,32521.9,32536.1,32504.8,32501.2,32543.7,32489.6,32518,32517.3,32505.8,32517.7,32529.5,32463.3,32513.7,32525.2,32517.8,32512.4,32473.9,32455.1,32502.6,32524.1,32486,32514.3,32559.5,32519.5,32487.7,32460.1,32492.4,32497.7,32452.3,32514.9,32534,32471.8,32501,32509.6,32511.7,32531.3,32528,32498.8,32518.3,32504.9,32548.7,32511.6,32531.2,32539.2,32498.7,32489.1,32539.1,32496.9,32469.2,32534,32514.5,32531.9,32489.7,32511.1,32490.9,32519.8,32531,32497.3,32498.7,32511.6,32492.7,32537.2,32488.9,32491.4,32526.8,32528.9,32496.1,32511.5,32531.8,32516.4,32471.6,32502.8,32486.3,32468.5,32481.5,32500.9,32499,32483.5,32516.5,32482.6,32485.6,32504.5,32504.5,32508.3,32490.1,32485.2,32520.2,32509.3
351,24718.9,24743.1,24686.4,24696.4,24704.8,24696,24668.2,24673.6
352,31171.9,31176.1,31171.4,31236.3,31181.2,31160.1,31167.2
353,37904.8,37896.9,37857.4,37872.4,37883.8,37852.6,37838.6,37894,37936.3,37873.2,37910.6,37854.7,37916.6,37845.6,37881,37864.9,37892,37870.3,37848,37848.9,37870.4,37858.2,37866.4,37921.4,37892.3,37870.9,37852.2,37854.7,37835.4,37857.4,37855.8,37901.3,37849.2,37884.1,37847.6,37876.3,37864.3,37845,37843.4,37869.7,37874,37850.6,37868.8,37883.3,37860.3,37888.2,37945.6,37884.8,37840.3,37887.6,37902.6,37859.7,37909.1,37833.8,37850.9,37844.8,37806.4
354,5289.78,5310.93,5210.27,5266.92,5276.81,5272.29,5266.03,5264.66,5272.3,5292.1,5320.47,5295.47,5271.67,5313.59,5277.13,5308.12,5302.72,5319.48,5309.17,5348.47,5320.78,5292.8,5299.53,5270.54,5304.92,5311.34,5274.57,5293.2,5314.38,5249.32,5295.41,5272.01,5291.35,5308.29,5291.8,5295.45,5332.47,5265.25,5316.09,5302.22,5357.09,5293.82,5261.48,5304.62,5251.94,5295.21,5286.69,5237.7,5295.29,5297.97,5338.85,5296.18,5263.94,5272.12,5317.02,5291.93,5274.54,5273.54,5342.72,5270.86,5221.79,5295.58,5254.44
355,11405.1,11363.3,11410.6,11382.4,11377.5
356,5309.13,5294.13,5317.5,5321.87,5293.63,5331.46,5270.7,5332.66,5312.81,5277.42,5313.01,5305.53,5262.46,5236.36,5266.39,5311.35,5241.12,5298.07,5292.67,5263.64,5309.55,5273.08,5254.95,5277.48,5254.01,5254.75,5284.39
357,25668.2,25747.3,25687.9,25745.3,25707.8,25689.5,25672.9,25695.1
358,31714,31783.4,31782.1,31781.6,31789.2,31749.7,31778.6,31768.6,31756.6,31819.7,31796.2,31834.8,31777.9
359,25842.2,25798.2,25801.2,25828.4,25852,25809.9,25856.8,25816.3,25830.8,25820.6,25734.8,25794.8,25838.5,25864.3,25848.4,25865.8,25804.1,25809.5,25852.1,25821.6,25826.5,25834.6,25805.1,25838.3,25834.8,25842,25850.2,25864.2,25844.7,25844.1,25862.5,25811.2,25883.7,25847.7,25809.5,25898.3,25856.2,25811.3,25854.3,25857.6,25841.5,25856.4,25838.9,25840.2,25828,25887.6
360,18647.9
361,37950.3
362,4188.22,4193.35,4190.72,4177.47,4211.99,4119.43,4177.73,4187.34,4158.6,4178.54,4183.28,4202.49,4225.5,4161.8,4133.44,4229.72,4138.98,4143.21,4165.69,4194.3,4166.2,4164.05,4161.74,4204.85,4215.67
363,28188,28127.2,28180.1,28190.4,28172.5,28180.6,28196.2,28132,28156.5,28145.3,28128.9
364,22729.5,22762.5,22752.3,22735,22716.7,22752.1,22741.7,22782.7,22760.9,22757.8,22735.8,22748.8,22727.4,22761.9,22759,22770.8,22716.1,22751.5,22781.2,22727.8,22740.6,22743.7,22737.1,22749.4,22742.9
365,23069.1,23026.3,23014.3,22995.5,23033.4,22964.8,23007.9,23048.7,23018.5,22991.6,23017.4,23034.7,23004.7,23029.9,22978.7,23009.7,22998.7,23019.3,23024.1,23026.2,23032.6,22975.8,22936.9,23004.5,22967.1,22993.5,23024.2,22986.6,22994.4
366,13785.8
367,14013.6
368,12797.4
369,9669.79
370,23466.6,23482.7,23453.7,23463.9,23409,23450,23480.5,23486.4,23467.2,23469.2,23474.5,23470.5,23431.3,23482.7,23423.4,23457,23443.7,23497.6,23468.4,23457.2,23473.4,23451.5,23496,23491.5,23495.5,23547.4,23447.6,23463.5,23481.4,23473.5,23479,23465.6,23476.6,23492.4,23519.5,23445.9,23470.4,23470.6,23441.7,23495.2,23512.5,23479.7,23458.1,23472.3,23440.4,23465.3,23464.1,23462.7,23490.6,23423.3,23454.6,23478.8,23499.8,23465.3,23493.7,23462.8,23458.2,23461.3,23467.3,23471.4,23447.5,23458.2,23474.8,23470.3,23489.5,23448.6,23482.9,23473.6,23509.6,23456.2,23463.2,23451.2,23481.8,23490.6,23494.1,23479.6,23450.8,23498.8,23457.1,23455.7,23478.6,23490.4,23489.9,23479.6,23472.8,23496.3,23511.5,23447.5,23458.5,23463.4,23458.1,23461.6,23459.5,23429.1,23462.6,23535.7,23432,23497.1,23489.2,23510.3
371,23052.3,23049.4,23023.1
372,36174.7,36207,36160.7,36224.2,36215.2,36164,36180,36215.2,36218.1,36211.8,36161.8,36155.2,36209.8,36181.8,36176.2,36199.1,36230.2,36172,36150.6,36196.5,36169.3,36160.3,36214.1,36210.4,36206.6,36222.9,36228.1,36205.9,36230.9,36166.2,36181.6,36166.9,36164.8,36183.6,36190.9,36230.9,36197.4,36193.9,36204.5,36195.8,36206.4,36182.6,36133.3,36169,36208.8,36203.1
373,11065.6,11060.1,11062.7,11069.5,11062.7,11093.3,11074.1,11070.4,11063.4,11034.3,11042.8,11095.5,11063.7,11062.7,11052.9,11051.4,11032.4,11078.1,11032.5,11050.6,11031.5,11043.6,11064.9,11079.2,11048.6,11032.3,11027.4,11036.3,11070.1,11030.2,11054.4,11047.1,11029.2,11053.8,11080.2,11030.4,11047.8,11066.8,11080.5,11084.3,11038.6,11042.4,11020.7,11043.2,11065.6,11045.6,11061,11045.7,11066.6,11024.5,11030.4,11056,11072,11068.8,11028.3,11037.6,11045,11058.5,11007.3,11048,11026.9,11035,11030.3,11049.7,11063,11037.1,11028.1,11043.5,11020.9,11083.1,11037.6,11063.8,11060.1,11043.8,11058.6,11062.3,11052.3,11068.9,11094.9,11051.6,11066,11033.6,11014,11028.7,11042,11059.8,11023.5,11079.7,11049.1,11059.9,11034.7,11047,11062.2,11046.6,11044.1,11006.4
374,33742.6,33710.5,33732.1,33713.8,33688,33725.8,33709.1,33733,33702.5,33727.3,33731.7,33713.5,33714,33713.2,33701.2,33726.6,33697.2,33732.1,33716.7
375,34846.5,34846.1,34871.1,34861.7,34910.2
376,30076.7,30039,30135.9,30097.6,30086.9,30085.4,30121.2,30144.9,30110.7,30087.7,30134.9,30145.2,30108,30097.6,30084.3,30143,30072.5,30099.8,30116.7,30077.8,30133.8,30096.7
377,36558.3,36480.5,36515.7,36488.8,36439.9
378,14893,14889.2,14894.7,14904.1,14888.6,14861.6,14897,14896.6,14883.4,14857.1,14868.9,14847.4,14930
379,37053.3,37041.4,37081.2,37065,37047.3,37014.9,36993.1,37071.9,37043.9,37018.2,37088.5
380,11562.9,11618.8,11525.7,11556.3,11580.9,11540.5,11519.7,11580.8,11566.6,11547.3,11521.1,11530,11599.2,11552.5,11521.8
381,15147.9,15137,15154.1,15143.4,15163.2,15127.5,15127.9,15131.7,15165.7,15134.2,15146,15083.4,15159.4,15135.6,15144.6,15134,15137.6,15168.3,15144.8,15109.5,15145.1,15140.6,15111,15115.7,15131.1,15099.4,15123.2,15159.4,15127.2,15136.2,15129.8,15103.7,15119.1,15116.1,15134.7,15104.8,15138,15148.9,15118,15150.4,15156.1,15152.5,15115.1,15107.4,15175.4,15131,15128.6,15144.4,15132.5,15142.1,15136.5,15135.1,15149.3,15119.3,15112,15169.3,15108.5,15114.9,15124.4,15133.9,15149.2,15135.9,15142.1,15146.2,15133.6,15124.4,15115.6,15123.8,15137.4,15135.9,15118.4,15126.2,15146.7,15146.4,15122.3,15138.8,15148.8,15117.8,15159.1,15135.4,15152.8,15132,15110.3,15124.3,15163.4,15136.6,15135,15142.4,15113.2,15119.4,15099.3,15174.7,15135.3,15108.6,15136.9,15110.8,15157.6,15119.9,15126.2
382,23456.6,23440.7,23403.9,23439.3,23424.1,23406.4,23437.8,23428.2,23433.4,23451.1,23431.8,23391.1,23400.4,23448,23394.9,23441.4,23405.5,23359.8,23407.4,23447.4,23416.8,23397.8,23435.8,23382.5,23447,23418.8,23391.9,23424.2,23402.2,23392.6,23452.5,23434.1,23389.8,23386.5,23410.4,23396.2,23411.8,23430.9,23498.7,23410.6,23411.1,23422.8,23435.5,23376,23458.9,23427.1,23403.4,23454.5,23384.4,23401.6,23385.7,23455.3,23411.9,23391.9,23393.8,23428.8,23428.8
383,22885.2,22807.3,22857.7,22824.5,22827.8,22901.2,22848.9,22865.7,22859.8,22884.4,22860.6,22856.8,22875.7,22853.8,22838,22869.9,22862.9,22839.8,22846.4,22861.8,22868,22878.9,22839.4,22834.9,22854.9,22869.8,22847.9,22875.5,22862.3,22881,22872.7,22868.4,22828.1,22837.2,22877,22878.2,22884.2,22876.4,22846.5,22882.7,22851.8,22870.4,22840.3,22891.2,22860.5,22855.9,22852.1,22848.2,22876.2,22835.7,22864.4,22844.8,22868.9,22850.2,22849.8,22883.6,22876,22876,22828,22879.6,22856.7,22841,22849.5,22883.2,22846.2,22849.1,22831.9,22845.2,22841.8,22877.1,22850.1,22842.9,22856.2,22842.1,22757.5,22860.9,22863.2,22840.5,22855.7,22863.4,22857.3,22854.1,22858.9,22844.3,22873.3,22846.8,22830,22880.9,22888.7,22859,22848.5,22869.4,22851.5,22882.9,22853.9,22868.6,22860.7,22843.4,22884.3,22872.7,22858.3,22859.7,22858.5,22848.4,22859.3,22886.5,22866.1,22863.6,22852.5,22857.2,22858,22832.8,22835.2,22849,22857.8,22863.4,22834.7,22857.7,22843.8,22851.4,22852.8,22846.2,22834.7,22831.5,22861,22881.4,22843.1,22843.8,22855.5,22871.9
384,5229.86,5272.76,5250.41,5187.28,5196.74,5234.11,5201.76,5212.54,5232.18,5199.88,5258.69,5183.37,5196.6,5220.65,5182.24,5164.12,5208.21,5209.34,5214.05,5217.24,5210.29,5218.52,5190.97,5170.48,5200.89,5206.77,5244.24,5176.4,5198.44,5189.94,5202.71,5190.91,5188.54,5189.07,5186.33,5162.29,5193.55,5209.1,5189.45,5202.46
385,12277.2,12248.6,12279.8,12275.8,12321.6,12289.8,12283.7,12275.6,12280.3
386,22926.6,22883.8,22937.2,22918.7,22924.3,22936.4,22882.2,22869.8,22888.7,22959.5,22896.9,22917.8,22898.6,22890.6,22907.9,22910.6,22879.9,22879.2,22867.8,22871.9
387,29586,29634.4,29617.4,29643.6
388,35476.6
389,13599.7,13597,13582.9,13564,13579,13556.5,13589.7,13594.5,13575.5,13550.7,13594.4,13582,13568,13584.1,13597.9,13610.3,13544.3,13505.5,13550.9,13594.2,13541.9,13554.8,13591.5,13596,13616.6,13575.8,13563.8,13550.1,13561.4,13568.8,13619.6,13584.1,13560.4,13600.8,13561.6,13574.1,13586.7,13580.2,13574.2,13553.3,13559.7,13598.1,13574.3,13588.7,13594,13525,13567.5,13571.9,13549.6,13559.8,13586.1,13568.3,13563.5,13589.8,13553,13582.4,13553.6,13584.4,13549.5,13560.3,13596,13591.1,13567.1,13543.2,13593.1,13570.6,13586.6,13587.8,13564.2,13564,13553.1,13596.1
390,17839.5,17840,17815,17824.6,17831.9,17830.7,17837.6,17792.3,17832.1,17854.2,17841.6,17833.5,17830.8,17883.2,17827.8,17813.9,17853.5,17839.7,17838.5,17810.7,17844.7
391,18124.1,18226.5,18108.2,18213.4,18172.8,18176.6
392,22332.6,22403.6
393,13402.6,13386.9,13371,13352,13385.5,13337,13389.8,13369.1,13367,13400.2,13380.8,13355.1,13351.4,13391.5,13394.6,13384.5,13370.5,13374.6,13381.4,13381.3,13381.4
394,21603.3,21595.8,21611.6,21589.5,21570.4,21584.7,21592.3,21558.9,21606.1,21602.6,21576.4,21602.7,21631.5,21599.2,21611.8,21541.4,21605.2,21620.4,21579,21578.6,21573.4,21574.6,21586.4,21627.3
395,13007.9,13041
396,38205.9,38206.4,38206.6,38170,38125,38222.1,38187.7,38185.2,38198.9,38224.1
397,12851.3,12934.8,12884.4,12878.8,12861,12883,12886.5,12866.6,12877.2,12859.3,12912.2,12853.6,12913.5,12867.4,12822.4,12888.4,12884.6,12910.3,12881,12902.2,12870.7,12895.4,12888.8,12882.6,12910.3,12868,12886.6,12854.5,12943.5,12825.8,12862.5,12859.3,12894.5,12877.3,12861.4,12903.7,12874.8,12912,12893.6,12880.1,12904.1,12897.5,12845.1,12862.4,12885.9,12896.9,12895.4,12809.2,12874.3,12913.2,12916.2,12903.1,12849.2,12809.4,12867.8,12850.2,12837.8,12865.2,12872.2,12820.1,12890,12875.5,12875.1,12861.1,12881.7,12893.7
398,28112.4,28135.8,28097.8,28079.9
399,18687.3,18700.4,18692.1,18726.5,18669.5,18692.4,18643.9,18682.2,18675.3,18629.5,18671.3,18714.6,18661.3,18675.9,18697.5,18665.6,18679.3,18671.6,18642.6,18664.6,18672.4,18690.8,18657.5,18668,18626,18692.5,18712.6,18691.2,18677.5,18696.4,18680.7,18699.8,18741.9,18714.6,18695.1,18659.8,18684.2,18683.3,18714.8,18642.3,18668.2,18696.9,18676.8,18652,18697.7,18639.9,18686.4,18704,18635.8,18703.7,18688.2,18679.7,18680.8,18699.7,18685,18710.9,18686,18646.6,18705.7,18714.1,18700.1,18593.6,18646.2,18690.6,18663.4,18697.4,18692.4,18680.3,18691.3,18645,18654.5,18626.4,18641.5,18662.7,18675,18691.5,18638.8,18672.1,18662.7,18696.9,18656.7,18682.7,18665.3,18640.8,18680.9,18637.8,18654.9,18668.1,18635.1,18638.1,18654.3,18657,18692.5,18682.8,18701.7,18672.2,18650,18629.6,18647.3,18673.7,18657.5,18595.3,18688.7,18680.6,18677.6,18678.6,18700.9,18654.2,18670.2,18671.9,18684.5,18667.5,18634.8
400,30121.8,30137.5,30150.7,30145.8,30131.6,30159,30114.5,30123.6,30097.6,30186.2
401,20093,20080.4,20148.1
402,15050.2,15002.6,15021.3,15011,14976.6,15039.6,15023.7,15046.3,15028.1,14988.9,14994.3,15072.4,15018.1,15153.8
403,20594,20601.3,20589.5,20614.7,20648.5,20629.3,20602.5,20552,20605.9,20653.2,20621.3,20640.6,20603.4,20624.7,20609.7,20643.8,20621.4,20571.8,20631.6,20604.7,20618.6,20593.6,20614.1,20645.4,20599.5,20607.9,20613.6,20634.5,20598,20639.5,20569.7,20636.6,20613.7,20591.5,20596.3,20609.5,20604.8,20613.5,20615.7,20579.6
404,36333,36328.4,36264.7,36293.4,36349.6,36306.7,36321.6,36317.7,36337.4,36342.1,36269.8,36311.1,36279.1,36327.1,36379.7,36344.9,36345.5,36355.2,36340.4,36389,36346.2,36356.7,36335.8,36376.9,36346.2,36361.7,36378,36395.1
405,16123.2,16170.8,16189.1,16199.3,16151.7,16154.6,16186.8,16196,16199,16173.3,16185.5,16168.6,16192.5,16194.6,16158.8,16184.6,16188.3,16196,16173.6,16185.4,16186,16226.7,16172.5,16217.2,16151.4,16166,16212.2,16199.9,16192.1,16163.5,16215.4,16195.3,16164.4,16192.9,16169.2,16185.1,16145.6,16181.2,16173.8,16185.8,16187.5,16138.9,16150,16148.4,16192,16219.3,16168.3,16122.5,16136,16176.8,16176.2,16183,16154.4,16126.6,16184.1,16172.5,16137.3,16160.1,16154.1,16198.6,16209,16231.9,16132.6,16152.5,16155.5,16175.4
406,32301.8,32262,32262.8,32251.9
407,27192.6,27213.5,27171,27168.9,27193.3,27174.5,27180.1,27186.4,27157.8,27172.3,27132.5,27177.3,27190.7,27187.5,27169.8,27177.3,27175.1,27188.7,27155,27222.4,27110.8,27190.6,27198.5,27195,27159.9,27165.2,27154.4,27167.7,27176,27200.2,27195.8,27162,27147.2,27152.2,27165.9,27162.1,27180.8,27158.9,27194.5,27181.7,27170.4,27181.7,27163.4,27143.1,27187.7,27170.3,27182.7,27147.8,27214.8,27184.1,27181.4,27176.1,27187.2,27154.9,27200.7,27189.9,27212.7,27180,27141.2,27177.2,27115.1,27126.6,27209.5,27173.8,27193.4,27199,27167,27197.3,27183,27148.3,27161.4,27170.9,27169.6,27181.6,27166.2,27203.1,27175.9,27181.7,27183.8,27204,27181.8,27162.6,27190.4,27206.8,27198.9,27195.5
408,6693.22,6710.02
409,23948.3
410,29749.6,29724
411,12971.2,12951.5,12971.3,12963.5,12901.8,12931.8
412,28180.5,28153.6,28164.5,28168.6,28168.2,28156.1,28176.4,28160.2
413,38646.2,38663.1,38699.9,38644.5,38654.6,38685,38557.7
414,28337.1,28365.8,28361.8,28365.7,28356.1,28345.1,28366.7,28376,28361.4,28378.5,28350.2,28387.6,28367.6,28401.6,28420.1,28356.4,28364.1,28377.4,28368.8,28353.9,28375.6,28356,28368.5,28358.9,28356.5
415,33422.4,33428.4,33438.5,33390.9,33467.5,33388.5,33402.1,33416.1,33412,33389,33433.6,33395.3
416,683.512,633.71,670.264,700.895,694.003,664.407,663.476,692.819,659.261,660.968,669.112,665.48,698.148,681.122,670.113
417,13636.5,13699.3,13644.9,13691.5,13691,13661.3,13668,13673.9,13665.9,13696.2,13693.7,13678.6,13649.8,13724.3,13670.4,13695.7,13653.3,13688.2,13702.3,13683.1,13654.8,13642.4,13695.1,13657.3
418,38633.4,38674.8,38676.6,38612.9,38673.9
419,4188.85,4209.03,4148.05,4203.98,4184.77,4131.56,4200.8,4195.57,4144.43,4123.44,4244.24,4160.07,4175.26,4188.12,4191.19,4180.94,4176.28,4147.74,4156.04,4185.6,4166.29,4142.6,4175.68,4171.43,4152.03
420,21578,21633.6
421,16813.2
422,24503.6
423,4908.03,4916.85,4937.11,4929.84
424,16493.7,16494.7,16507.7,16440.1
425,6347.23,6337.85
426,7684.25
427,13724.5,13738.5,13763,13719,13692.4,13729.4
428,5008.87,4989.35,5064.68
429,33959.2,33992.6,33937.7,33971.2,33970.7,33983.5,33976.4,33966.8,33953.8,33980,33984.5,34010,33986.4,33951.9,33964.1,33984.6,33931.3,33967.8,33939.2,33954.5,34001.9,33986.9,33962.5,34012.8,33992.2,33965.6,33853.5
430,17124.2,17130.9,17137.4,17086.5,17151,17153.8,17137.3,17135.8,17128.1,17104.9,17151.8,17138.4,17131.7,17151.6,17145.9,17109,17136.4,17126.7,17113.2,17094.9,17117.7,17095.1,17110.8,17137.6,17121,17109.3,17071.7
431,36834.1,36772.1,36800.3,36792,36727.4,36819.9,36834.4,36769.9,36795.3,36808,36814.3,36764.4,36785.7,36799.5,36777.2,36795.5,36768.9,36795.5,36734.4,36796.7,36800.7,36809,36777.2,36786,36796.7,36788.8,36794.1,36749.3,36755.9,36799.7,36796.1,36783.2,36817.9,36775.8,36810.5,36787.9,36747.1,36779.2,36752.4,36776.2,36821.2,36801,36763.8,36767.2,36789,36753.8,36773,36800.4,36796.6,36812.7,36738.7,36776.6,36752.3,36754.2,36799.5,36826.7
432,13910.8
433,39281.4,39291.6
434,17869.8,17922.9
435,28890.9,28889.4,28868.4,28955.9,28851.5,28890.2,28854,28861.1,28922.4,28892.3,28857.5,28842,28897.8,28822.6,28888.8,28887.8,28884.3,28896.6,28862,28842.6,28874.5,28890.2,28882.2,28902.6,28910.2,28879.3,28840.3,28874.9,28902,28859,28897.1,28892.3,28848.2,28877,28851.6,28897.6,28879.1,28898,28877.7,28901
436,16187.9,16213.6,16194.4,16166.3,16171.2
437,15610.7,15636.3,15552.5,15590,15575.4,15585.4,15565.6,15572.9,15565.1,15607.6,15595.3,15556.8,15571
438,28836.3,28771.8,28793.3,28787.6,28775.7,28795.1,28790.5,28776.9,28793.2,28784,28771.5,28768.5,28758.7,28773.5,28782.1,28744.4,28768.5,28762.5,28781.7,28787.9
439,29136.2,29184.2,29140.9,29130.3,29132.5,29124.7,29120.3,29162.6,29182.3,29173.9,29180.2,29170.7,29190,29139.2,29191.4,29170.2,29154.9,29159.4,29131.9,29136.3,29131.1,29128.4,29132.3,29145.1,29147.4,29162.9,29141.5,29142.2,29165.6,29189.9,29122.8,29144.9,29198.6,29146,29174.6,29148.5,29172.1,29132.8,29144.2,29120.5,29155.6,29127.8,29196.4,29107.9,29126.7,29133.8,29168.5,29183.7,29088.4,29095,29140.9,29131,29169.5,29134.6,29120,29141.7,29176.1,29140.9,29125.2,29132.9,29125.9,29159.8,29144.5,29176.4,29152.2,29125.7,29097.8
440,32892.9,32894.4,32872.2,32892.3,32870.7,32857.9,32881.6,32845.3,32859.3,32826.8,32836.2,32850.4,32878.5,32862.6,32896.7,32843,32819.5,32837.8,32892.6,32853.4,32881.1,32859.6,32858,32852.9,32895.6,32875.7,32871.7,32897.3,32860.7,32867.5,32861.7,32866.5,32810,32857.8
441,34712.2,34730.9,34669.4,34696.4,34726.1,34674.9,34699,34683.9,34665.2,34708,34712.9,34691.7,34689.1,34720.8,34683.8,34652.4,34719.2,34720.7,34686.5,34700.8,34628,34681.9,34663.4,34693,34693.2,34672.1,34672.3,34706.9,34671.7,34665.7,34697.8,34695.7,34718.7,34733.5,34699.2,34707.6,34701.9,34702.8,34687.9,34669.1,34685.6,34696.1,34693.8,34673.9,34683.6,34689.7
442,30551.4
443,10589.1,10603.5,10629.1,10585.3,10619.4,10606.3,10604.6,10596.8,10616.6,10571.9,10594.8,10677.5,10563.5,10735.4,10736.9,10615.2,10550.9,10647.8,10588,10565.4
444,27835.3
445,33345.5,33364.6,33359.3,33369,33340.8,33349.3
446,32155.4,32089.7,32161.1,32124.6,32133.8,32135.4,32131,32086.8,32102.5,32132.6,32158,32102.6,32110.6,32097.1,32063.1,32095.2,32088.1,32114,32104.6,32125.8,32106.5,32112.7,32132.7,32113.4,32144.2,32108.1,32139.1,32141,32107.3,32118.5,32164.2,32085.8,32097.6,32100.7,32118,32097.3,32097.9,32111.1,32113.9,32103,32122,32131.3,32071.7,32087.6,32095,32143.5,32150.4,32124
447,29342.7,29367.6,29342.1,29371,29368.9
448,15717.5,15695.5,15793,15800.8,15771.8,15787.7,15704.9,15768.4,15746.7,15807.4,15716.4,15763.2,15754,15757.6,15785.6,15766.2,15749.9,15744.1,15771.1,15763.6,15766.9,15742.8,15743.9,15737.9,15745.5,15720.8,15760.9,15746.6,15777.4,15753.9,15777.3,15770.3,15733.4,15774.7,15810.6,15781.7,15753.9,15771.7,15784,15796.4
449,5837.03
450,38841.5
451,20963.2,20920.2,20926.3,20909.5,20911.1,20927.2,20909.9,20961.8,20932,20882.7,20900.9,20932.5,20898.5,20894.5,20930.7,20898.9
452,5581.06
453,40202.7,40190.4,40214.3,40203.5,40202.5,40175.5
454,12789,12812.4,12796.8,12744.2,12800.9,12822.3,12828,12788.2
455,8743.9,8711.96,8773.36,8774.54,8734.7
456,25075.3
457,20837.1,20836,20807.4,20783.3,20780.2,20776.8,20787.5,20810.7,20855.1,20786.2,20774.7,20843.3,20740.6,20785.2,20788.2,20789.6,20769.4,20823.4,20820.4,20792.6,20765.1,20792.9,20795.8,20816.6,20804,20791.7,20795.4,20868.4,20781,20761,20767.7,20811.3,20786.5,20755.2,20805.9,20816.1,20756.8,20762.3,20779.7,20756.8,20810.2,20790,20795,20800.2,20791.7,20808.5,20774.5,20787.3,20760.7,20806.6,20775.2,20793.4,20785.7,20775.4,20781.2,20804,20760.8,20795.3,20798.8,20772.8,20849.6,20771.9,20783.5,20803.7,20777,20760.6,20786.1,20820.4,20816.5,20775.3,20862.6,20735.6,20745.5,20775.4,20755.2,20741.1,20776.3,20800.1,20824.8,20766,20790.3,20748.2,20848,20765.9,20727.2,20823.1
458,1651.75
459,22300.2,22333.8
460,26757.3,26790.6,26807.8,26780,26752.2,26766.1,26786.4,26799.2,26772.7,26796.1,26836.2,26769.4,26769.4,26742.3,26778.7,26771.3,26808.1,26773.8,26768.9,26760.5,26733,26775.6,26778.4,26740.4,26787.1,26773.9,26819.5,26762.3,26795.7,26766.6,26753.3,26790.1,26772.8,26801.6,26768.7,26805.5,26739.3,26777.4,26767.1,26734.8,26751.9,26765.7,26793.1,26790.7,26756,26741.5,26747.4,26802.1,26779.7,26772.1,26770.8,26783,26830,26751.8,26772.3,26751.4,26804.5,26785.8,26763.3,26792.9,26752.3,26789.5,26793.9,26771.4,26750.1,26785.7,26748.4,26825,26829.5,26776.4,26777.8,26799.1,26781,26782.9
461,25043.6
462,31609.9,31509,31575.1,31538.1,31548.1,31598.7,31577.1,31593.5,31577.1,31526.3,31520.6,31578.9,31533.8,31556.2,31586,31561.7,31566.9,31539.4,31604.2,31569,31561.1,31559.4,31572,31599.5,31568.5,31573.4,31619.9,31570.4,31582.6,31576.6,31551.9,31588,31601.5
463,4981.69
464,34498.8,34480.4,34496.6,34535.5,34491.4,34431.8,34518.3,34488.3,34519.7,34484.1,34480.1,34504.6,34488.4,34524.3,34516.6,34527.5,34499.2,34510.7
465,29410.1
466,7596.06
467,29353.9,29352.7,29380.4,29385.4,29388.2,29380.4,29367.2
468,37132.7,37150,37076.9,37151.9,37124.1,37113.7,37021.6,37077,37115,37167.6,37115.2,37071.7,37112.1,37121.8,37136.2,37124.8,37126.1,37118.9,37094.2,37090.2,37143.9,37113.7,37078.5,37144.6,37092.9,37083.7,37082.2,37084.2,37093.4,37162.4,37171.4,37104,37106.9,37111.5,37137.3,37138.1,37105.8,37076.9,37096.2,37086.4,37114,37078.7,37101.9,37087.3,37136.3,37120.6,37128.6,37101.8,37095.4,37127.7,37134
469,18781.7,18733.2,18751.2
470,13743.7,13737.9,13790.3,13764.5,13777.9,13706.8,13734.2,13782.5
471,20872.4,20867.7,20908.7,20852.7,20849.1,20826,20859.3,20881.5,20848.4,20861.2,20853.7,20866.6,20912.2,20866.3,20857.6,20878.8,20852.1,20868.4,20888,20847.4,20905.7,20827,20865.7,20900.5,20838,20853.5,20857,20839,20888.2,20840.3,20892.2,20834.3,20857.4,20868.5,20844.2,20862.9,20877.6,20874,20866.8,20866.3,20877,20886.3,20843.2,20823.6,20841.7,20870.3,20888.7,20884.8,20842.2,20868.1,20844.4,20867.8
472,37303.2,37392.4,37366.6,37396.3,37399.4,37419.4,37354,37355.6,37405.8,37391.2,37412,37382.3,37394.9,37421.1,37406.7,37372.7,37367.2,37409,37360.7,37390.5,37347.9,37379.2,37343.1,37356.9,37386.1,37433.8
473,36885.5
474,19305.9,19293.2,19297.3,19284,19283.1,19282.4,19280,19284.7,19292.5,19277.9,19316.4,19287.2
475,29980.2
476,9601.06,9596.89
477,29371.7,29427.1
478,10203.2,10255.3,10211,10250.4,10222.9,10235.2,10228.3,10234.6,10230.1,10219.7,10234.1,10227.5,10218.8,10235.8,10210.5,10203.5,10216.7,10229.2,10199.1,10236.6,10244.1,10282.9,10205.3,10211.1,10208.2,10211,10233.9,10236.9,10264.7,10227.8,10215.3,10219,10196.2,10243.8,10212.2,10200,10221.1,10219.7,10231,10235.4,10194.9,10236.6,10206.7,10253.7,10237.1,10288.6,10214.1,10220.6
479,1504.65,1466.31,1470.7,1455.75,1501.44,1466.52,1506.29,1494.53,1479.26,1461.14,1502.83,1477.59,1431.99
480,29885.5,29939.7,29900.4,29929.7,29923.4,29927.2,29936.4,29937.8,29894,29943.4,29936.1
481,37589.3,37555.8,37576.8,37584.5,37582.4,37555.1,37586.3,37660.8,37546.3,37609,37637.4,37595.8,37550.3,37600.6,37560.2,37605.7,37614.6,37607,37604.3,37676.4,37592.8,37574.3,37559.1,37563.3,37590.2,37624.9,37612.1,37525.4,37592.1
482,16760.1
483,25298.2
484,2402.6,2475.47,2450.24,2459.58,2417.78,2490.59,2484.94,2438.56,2401.25,2425.47,2458.17,2468.02,2396.09,2477.82,2463.2,2395.15,2446.8,2438.43,2433.07,2464.98,2424.42,2445.94,2427.42,2466.89,2431.59,2441.59,2406.3,2413.59,2443.69,2432.04,2489.4,2431.83,2450.7,2445.16
485,29203.3
486,31875.6,31850.7,31883.1,31858.8
487,33531.3
488,18230.6
489,21722.8,21742.5,21760.6,21747.1,21726.6,21730.1,21778.1,21717.7,21714.5,21699.8,21772.9,21747.6,21753.2,21702.4,21699.6
490,36202,36236.4,36205.8,36242.2,36226.7
491,14561.4
492,28725.1,28732.7,28729.5,28722.6,28634,28725.8,28733.3,28702.7,28685.5,28696.5,28705.7,28699.7,28742.1,28738.7,28716.9,28698.4,28737.3,28738.5,28672.7,28744.5,28730.5,28691.3,28653.3,28679,28724.5,28685,28680.6,28745.8,28734.8,28718.1
493,6040.04,6011.29,6053.37,6018.46,5982.35,6084.34,5986.68,6036.44,6060.61,6035.86,6008.78,5999.28,6020.05,6080.1,6023.31,6098,6044.4,6022.7,6039.39,6025.64,6005.48,6027.23
494,31794.2,31798.8,31787.4,31810.1,31806.3,31816.3,31805.5,31841.7
495,37443.6,37425.9,37410.3,37404.1,37421.4
496,17100.5,17133.6,17129.8,17129.1,17131.2,17111.2,17121.1,17152.6,17113.5,17111.5,17132.5,17198.1,17148.3,17164.6,17111.7,17125.7,17141.5,17147.4,17129.4,17157.7,17170.7,17140,17107.8,17102
497,27067.4,27090.7
498,14669.8
499,2552.26
500,39200.7,39071.3,39175.9,39210.3,39127.9,39216,39148.5,39165.1,39136.9,39104.1,39173.9,39084.5,39179.5,39083.8,39144.9,39141.7,39111.9,39164.9,39150.4,39167.3,39130.8,39173,39169.3,39107,39173.7,39163.7,39156.1,39210.2,39208.4,39076.7,39176.7,39125.1,39170,39161.8,39143.6,39191.4,39210.5,39185.4,39201.5,39181.1,39143.1,39141.9,39186.6,39143.6,39150.6,39079.1,39206.6,39174.9,39210.3
501,4970.74,4873.08,4900.79,4849.55,4894.77,4896.48,4821.36
502,34015.4,34011.1,33982,34022.5,34002,34001.2,33971.2,33994.1,34000.8,33975.5,33994.7
503,28004.2,28000.6,27980.9,27993.2,27977.7,27998.2,27992.5
504,30808
505,30062.5
506,29248.6,29246.2,29188.5
507,35839.7,35854.1,35859.3,35847.1,35861.8,35833.6,35866.4,35820.9,35850.8,35833.7,35855.1,35864.4,35889.1,35838.5,35864.6,35881.9,35834.2,35839.1,35834.6,35850,35859.7,35876.4,35827.9,35875.8,35838.1,35796.8,35881.9,35866.3
508,24620.4
509,24873.3
510,30645.3,30602.9,30635.2,30596.9,30628.6,30631.2,30631.7,30603.4,30591,30561.1,30602.2
511,33236.4,33242.9,33218.6,33235.5,33263.8,33242.7,33249.9,33244.8,33248.6,33225.6,33269.1,33220.9,33214.8,33196.6,33243.5,33249.1,33188.6,33268.9,33222.6,33226.4,33229.4,33227.3
512,11772.7,11707,11680.5,11784.6,11747.8,11768.2,11672.6,11741.1,11678.6,11718.4,11752.4,11744.5,11729.2,11707.7,11701.8,11695.2
513,17058.6,17053.3,17023.2,17056.1,17055.7,17064.2,17057.7,17052,17092.8,17050.1,17033,17049.3,17085.5,17074.7,17088.8,17078.3,17093.2,17098,17072.3,17053.8,17066,17090.4,17062.6,17070.7,17089.2,17060.1,17052.9,17056.2,17040.6,17070.2,17044.7,17101.5,17079.4,17022.5,17065,17089.3,17006.4,17113.5,17075.9,17080.2,17080.1,17110,17083.9,17066.1,17052.4,17104,17081.8
514,25043.5,25080.6,25089.8,25078.1,25036.5,25087.3,25110.2,25094.2
515,37138.9
516,31995.5,31989.4,31988.4,31974,32023.5,32008.5
517,30689.5
518,34953.9,34975.4,35012.8,34928.4,34966.7,34967.9,35000.3,35009.5,34983
519,26125.5,26119.8,26062.6,26142.7,26117.1,26214.8,26126.6,26157.7,26162.3,26068.9,26092.4
520,37779.3,37777.7,37797.3,37775.6,37780.2,37781.9,37750.5,37777.9,37774.5,37799.2,37810.6,37732.3,37771.3
521,34939.6,34889.2
522,40133.2,40096.8,40145.1,40149.8,40152.5,40173.8,40157,40149.8
523,5465.13,5498.66,5499.57,5530.92
524,2683.81
525,8021.68,7987.38,8005.66,7994.84,8017.55,7963.22
526,17459.2,17491.2,17453.7,17477,17473.9,17453.8,17470.9,17431.1,17459.8,17483.9
527,29815.8,29819.7,29816.9,29790.7,29837.3,29767.3,29833.2,29840.2,29803.5,29810,29836
528,28425.7,28400.4
529,3823.84
530,18242.2,18231.8,18235.1,18233.5,18218.6,18320,18250.6,18240.9
531,6271.54,6249.15,6270.15,6261.4,6319.22
532,18257.6,18318.3,18232
533,12987
534,34528.2,34469.6,34484.6,34455.2,34494.4,34518,34519.4,34522.8,34500.7,34505.1,34486.8,34537.7,34502.8,34524.7,34465.6
535,30882.4
536,32562.7,32619.7,32569.1,32594.6,32636
537,8620.29,8608.52,8615.69,8623.42,8590.74,8600.62
