1,39532.4,39500.4,39438.2,39397.7,39437.7,39436.7,39465.9,39483.5,39473.2
2,12347.5,12340.5,12310,12305.8,12318.3,12332,12300.8,12319.8
3,36160.2,36131.7,36120.5,36142.5,36072.7,36160.6,36137.8,36088.2,36086.9,36068.6,36132.7,36148.1,36078,36145,36104.3,36122.3,36106.6,36093.2,36082.1,36111.7,36151.4,36103.7,36101.9,36048.3
4,8180.79
5,29343.7,29354.4,29383.3,29388,29395.2,29408.6,29394.6,29407.7,29418.8,29385.2,29287.4,29362.5,29361.2,29368.3,29357.2,29335.4
6,30269.7,30287.5,30258.8,30252.9,30259.1,30197.7,30192,30236.3,30196,30219.3,30214.1,30198,30186.4,30200.1,30219.4,30214,30236.4,30213.3,30220.7,30191.1,30211.9,30214.7,30183.2,30183.3,30258.9,30201.8,30231.8,30231.5,30206.1,30204,30180.1,30232.6,30209,30180.9,30215.6,30220.4,30210.6,30179.5,30196.5,30181,30170.1,30179,30237.4,30224.7,30182.6,30208.5,30187.4,30208.9,30179.9,30157.8,30219,30196,30188.5,30243.5,30150,30181.3,30231.4,30228.9,30196.1,30113.8
7,9044.45,9012.15,9042.92,9034.4,9035.42,9027.33,9070.14,9049.1,9018.86,8998.15,8987.76,8995.46,9017.2,8951.98,9003.13,8968.28,8965.44,8926.23,8993,8946.7,8991.26,8947.71,9014.6,8991.93,8946.62,9044.79,8936.22,8949.72,8959.84,8929.73,8986.34,8925.85,8968.78,8944.32,8952.15,8910.33,8944.08,8963.51,8953.54,8902.57,8979.26,8913.41,8925.11,8930.81,8924.82,8940.89,8983.4,8950.4,8968.42,8948.47,8913.63,8935.35,8897.94,8989.21,8967.65,8951.27,8934.02,8963.96,8989.27,8918.64,8921.69,8940.35,8914.23,8951.02,8927.04,8923.39,8981.44,8952.84,8963.52,8929.51,8934.83,8958.5,8942.32,8940.82,8948.67,8934.65
8,10279,10286.5,10319.2,10300,10304.3,10308.4,10299.6,10292.5,10291.9,10294.9,10350.1,10279.9
9,25426.3,25434.3,25467,25488.9,25433.8,25424,25482.2,25427.2,25468.4,25480.6,25460.3,25456.8,25459.8,25457.4,25453.3,25425.7,25405.5,25445.4,25474.2,25426.6,25461.3,25423.2,25420.7,25417.8,25428.3,25504.7,25471.2,25455.4,25497.2,25459.3,25477.3,25434.8,25379.1,25421.6,25479.6,25419.1,25458.8,25434,25402.8
10,20978.4,20986.7,20976.2,20998.2,20944.9,20979.1,20976.8,20971.8,20998.3,20979.4,20951.3,20961.8,20942.2,20963.7,20959.8,20952.4,20956.6,20931.4,20951.5,20960.5,20950.8,20973.3,20963.7,20942.8,20955.9,20939.4,20916.2,20988.9,20953.4,20975.9,20976.8,20960.2,20963.3,20940.6,20916.3,20910.8,20962.5,20960.2,20944.9,20929.4,20950.8,20933.2,20921.7,20905.3,20933.2,20943.7,20916.6,20946.1,20923.3,20905.8,20890.1,20926,20896.3,20914.8,20944.2,20953.9,20879.8,20935.2,20912.1,20946.6,20949.3,20955.4,20960,20907.5,20914.7,20923.6,20947.8,20924.1,20945.5,20912.2,20955.2,20968.4,20921.6,20928.3,20904,20915.1,20911.4,20916.9,20925.1,20916.1,20929.8,20954.1,20917.8,20928.8,20928.3,20927.4,20922.4,20869.6,20879.8,20928.1,20891.9,20911.3,20908.7,20940.6,20930.8,20871.4,20905.4,20883.4,20903.3,20941.7,20916.8,20946.8,20916.7,20914.2,20897.5,20869.7,20908.7,20916.4,20898.1,20954.7,20911.9,20880.8,20855.9,20872.5,20881,20894.4,20884.8,20873.4,20904.4,20855.5,20878.2,20857,20895.2,20936.4,20860,20871.5,20858.6,20881.7,20857.1,20905,20910.8,20873.2,20937,20908.9,20912,20894.5,20883.2,20890.3,20907.2,20872.3,20920.4,20886,20900.3,20892.1,20888,20858.1,20871.3,20903,20889.9,20888.5,20892.1,20916.6,20900.4,20873.2,20935.3,20915.1,20929.3,20874.2,20917.2,20918.8,20913.1,20852.8,20875.4,20868.1,20906.6,20926.4,20897.2,20870.8,20880,20909.5,20884.9,20881.8,20883.1,20860.6,20901.2,20934.2,20881.4
11,31416.1,31430.1,31362.3,31337.4,31370.4,31329.2,31387.4,31359.8,31340.3,31367.7,31390.3,31389.8,31359.8,31373.9,31387.2,31369.9,31367.8,31406.8,31342.9,31364.7,31368.4,31361.9,31359.8,31341.4,31342.1,31335.5,31350.4,31333.5,31373.2,31344.4,31328
12,35024,35013.9,35055.2,35027.1,35025.6,35038.2,35031.4,35042.9,34984.1,35014.2,35023.4,35057.6,35020.9,34985.1,35033.7,34969.2,34999.8,35015.4,35009.2,35012.2,34988.3,35009.8,34999.1,35040.5,35008.8,35039.6,34995.5,35029.9,35044.1,35005.7,35024.4,35018.8,35022.4,35043.7,35011.8,35031.7,35004.6,34999.4,34983.2,34979.7,35011.7,34991.1,34999.6,35010.6,34973.2,35011.3,34991.8,34993.2,34990.3,34978.9,34934,35005.2,35075.6,34993.4,34966.4,34980.9,34959.4,34939.7,34985.4,34958.7,34983.5,34995.6,34934.4,34973.6,34970.6,34923,35006,34919.8,34938.7,34953.3,34975.3,34909.4,34960.8,34971.1,35005.7,35001.6,34945.7,34943.1,35017.4,34979.8,34963.6,34933.7,34900.3,34960.1,34892.3,34973.9,34969.6,35010.5,34958.6,34946.3,34956.3,34964.3,34973.4,34965,35009.4,35017.1,34989.5,34930.5,34967.1,34975.7,34987,34972.3,34968.5,34926.7,34930.2,34966.6,34940.4,34980.5,34996.9,34964.6,34957.5,34945.5,34981.4,34984.5,34968.9,34990.1,34925.1,34979.2,34971.4,34916.6,34948.8,34949.7,34993.5,34960.2,34964.8,34989.1,34961.2,34935.7,34946.2,34930.2,34974.7,34997.1,35009.9,34992.3,34941.1,34968.4,34944.9,34930,34899.2,34924.8,34928.2,34962.8,34948.1,34964.5,34940.2
13,2280.27,2285.47,2392.43,2244.19,2239.1,2180.29,2165.28,2183.68,2169.38,2153.2,2118.93,2163.09,2148.66,2195.53,2132.78,2234.68,2095.44,2133.68,2088.24,2156.89,2143.62,2069.67,2088.85,2086.97
14,28805.8,28793.4,28750.9,28753.7,28714.9,28730.5,28717.4,28716.1,28738.5,28755.2,28732.7,28718.8,28761.1,28760.6,28762.3,28750.2,28757.2,28763.9,28756.7,28755.6,28741.5,28763.3,28723.4,28724.4,28750.3,28739,28769.9,28707.6,28677.1,28703.2,28717.2,28757.1,28702.3,28730.8,28706.4,28691,28701.3,28692.2,28662.6,28716.6,28685.3,28718.7,28672.9,28642.9,28677.8,28649,28663.2,28680.7,28664.3,28689.5,28660.6,28682,28677.5,28693.1,28672.4,28649.5,28668.3,28669.4,28695.6,28663.4,28643.3
15,12984.2,12963.5,12943.7,12933.6
16,36916.5,36908.3,36928.7,36884.7,36910.9,36894.7,36909.1,36895.9,36862.8,36895.5,36911.7,36917.3,36894.7,36881.7,36888.5,36886.3,36889.4,36917.4,36842,36920.9,36883.9,36848,36865.8,36901.5,36873.1,36854.8,36815.3,36793.1
17,26504.2,26509.3,26504.4,26508.5,26524.9,26480,26511.8
18,10913.2,10924.7,10914.8,10868.5,10865.7,10897.1,10898.7,10843.9,10829.1,10888.7,10877.1,10894.9,10844.4,10861.9,10837.6,10861,10879.4,10843.1,10858.9,10785.1,10755.2,10816.8,10804.2,10834.5
19,29999.6,30024.1,29973.7,30016.4,29984.3,30019.9,30004,29979.5,29964.9,30003.6,30025.4,29996.6,30027.6,29954.6,29959,29992.3,30010.1
20,1305.86,1272.35,1305.15,1348.49,1289.76,1335.53,1268.62,1346.75,1306.77,1301.99,1343.04,1353.09,1313.08
21,11075.5,10978.3,11053.1,11066.4,11024.2,11031.8,10939,10973.3,11027.3,10970.5,10946.5,10974.3,11037.2,11020.2,10922.9,11006.7,11025.1,10991.1,10997.1,10988.8,10946.2,10950.2,10951.7,10940.2,10967,10891,10961.7,10980.4,10990.5,10956.5,10940.4,10905.5,10928.5,10972.5,11016.9,10924.7,10913.8,10937,10899.2,10905.4,10912.7
22,38516.3,38503.4,38507.4,38531.9,38535.8,38520.8,38525.5,38506.8,38478.4,38512.1,38502.9,38511.8
23,18079.6,18088.9
24,39941.1,39918.8,39886.7,39864.2,39872.9,39857.8,39898.4,39873.6,39882.6,39894.3,39812.3,39759,39766.6,39768.6,39808,39751.9,39764.5,39726.6,39732.8,39765.7,39712.2,39758.9
25,38783.3,38748,38867,38888.1,38913.8,38893.8,38901.6,38891.6,38915.1,38916.2,38901.4,38919.1,38901,38886.2,38937.5,38906,38869.7,38823.4,38849.3,38862.2,38837.9
26,14333.4,14311,14315.9,14310.5,14322.6,14356.9,14311.9,14311,14270.8,14270.2,14250.1,14312.2,14285.4,14281.1,14267.8
27,7317.86,7305.61
28,21158.5,21115.3,21105.9,21111.7,21147.1,21097.2,21121.6,21069.1,21121.8,21154.3,21102.5,21116.3,21069.4,21114.9,21117.3,21116.9,21106.2,21082.4,21085.4,21115.7,21112.1,21098.8,21086.9,21112.5,21107.2,21092.9,21115,21076.7,21090.7,21124.3,21111.4,21091.8,21079.8,21041.8,21045.4,21082.8,21071.1,21056.2,21037.8,21047.8,21027.1,21024.7,21051.9,21020.1,21059.7,21083.2,21013.3,21010,21027,21026.2,21017,21030,20991.2,21022.2,21052.8,21020.2,21022.1,21008.1,21014.8,21009.8,21029.9,21010.5,21015,21020.4,21013.8,21037.7,21039.1,20999,21038.4,21003.8,20925.7,21058.5,20999.5,21021.3,20995.7,20990.6,21054.9,20963.7,21010.8,21012.5,20974.4,21032.8,20995.2,21011.5,21000.8,20988.5,21036.9,20985.3,20986.3,21014.7,20994.3,20969
29,11433.3,11364.9,11378.2,11398.4,11395.6,11407.4,11405,11404.8,11376.7,11292.2,11334.4,11333.3,11233.9
30,28800.1,28734.5,28757.5,28723.1,28693.3,28714.2,28690,28690.1,28710.8,28715.3,28683.1,28667.4,28747.3,28734,28675.5,28690.1,28668.5,28700.5,28658.5,28697.7,28704.6,28670.6,28697.2,28717.8
31,14154,14182.9,14141.2,14147.1,14164.8,14185.2,14162.5,14142.1,14131.1,14119.6,14142.8,14166.7,14114.8,14186.8,14153.7,14143,14180.8,14130.6,14162.5,14147.3,14124.8,14168.1,14133.2,14140.8,14090.9,14122.3,14157.2,14176.6,14144.4,14161.8,14115.2,14145.8,14107.4,14144.5,14067.5,14077.3,14106.8,14062.4,14085.6,14101,14089.4,14100.1,14112.7,14102.7,14062.6,14073.8,14117.4,14091.9,14078.9,14083.8,14085.8,14086.7,14056.7,14085.8,14096.2,14084.4,14083.9,14064.1,14037.5,14073.4,14073.9,14030.4,14048.7,14031.7,14072.8,14081.8,14085.5,14038.7,14066.6,14055.4,14080.3,14024.9,14028.4,14032.6,14074,14036.9,14037.7,14064,14090.5,14078.3,13992.6,14099.2,14035.6,14050.5,14023.4,14013.5,14051.2,14002.2,14049.5,13966.5,14002.8,14047.2,14027.1,14077.1,14041.6,14043.7,14069.7,14070,14054,14051.6,14039.8,14036.7,14041.1,14045.3,14005.2,13971.6,14081.6,14070.2,14084.1,14031.6,14039.4,14036.9,14073.7,14003.3,14052.5,14082.4,14058.6,14050,14034.2,14054.6,14066.2,14030.3,13989.7,14049.7
32,13170.7,13108,13159.5,13106.9,13135.5
33,37073.4,37107.4,37068.8,37057.5,37092.1,37069.9,37044.5,37071.4,37070.6,37092.5,37072.9,37070.9,37090.8,37045.3,37088.1,37057.9,37042.7,37046.7,37081.1,37051.2,37048.5,37047,37086,37065.6,37078.3,37032.8,37098,37038.2,37051.6
34,23891.8,23895.8
35,28095.2,28075.6,28055.8
36,18453.9,18410.9,18365.3,18400.5,18398.7,18386.5,18406.1,18419.3,18404.3,18456.8,18359,18388.9,18363.7,18387.3,18422.3,18397.8,18372.7,18389.2,18377.1,18394.6,18341.4,18366.8,18333.7,18374.4,18308.4,18388.6,18370.9,18348,18361.4,18373.7,18367.1,18387.6,18319.8,18363.8,18352.7,18341.9,18315.5,18334.2,18379.9,18367.2,18374.6,18326.1,18347.7,18352,18328.1,18328.3,18388.1,18321.4,18380.4,18380.2,18355.3,18336.2,18331.6,18333.7,18313.8,18358.1,18344.7,18348.2,18389.8,18371
37,27992.8,28018.3,28021.3,28041.4,27964.4,28035.6,27979.1,28024.2,27962.7,27997.5,27972.2,27957.8,27928.7,28005.6,27939.5,27964.4,27984.4,27943.8,27941.7,27960.1,27975.3,27897.5,27910.6
38,29929.4,29929.7,29937.7,29919.4,29908,29974.5,29957.1,29918.5,29949.9,29883.8,29903.1,29919.9,29895.2,29882.1,29996.1,29876.1,29929.3,29837,29916.9,29902.2,29883.4,29851.5,29816.5,29937.1,29889.1,29871.2,29893.5
39,38597.4,38584.5,38568.1,38591.3,38601.6,38559.4,38560.7,38569.6,38576.8,38601.8,38567.5,38547.4
40,13808.3,13777.2,13781.3,13761,13802.9,13809.7,13765.9,13830.3,13782.8,13854.9,13810.3,13780.2,13791.8,13763,13788.8
41,30094.5,30137,30119.5,30147.1,30135.7,30114,30094.7,30114.7,30103.4,30129.2,30105,30124.1,30102.6,30117.6,30129.6,30102.7,30104.7,30096.4,30109.3,30102,30092,30114.5,30099.4,30114.9,30084.3,30085.4,30084.5,30106,30074.4,30074.7,30138.6,30114.7,30105.9,30116.2,30115.8,30088.4,30099.8,30146.7,30084.8,30105.7,30081.9,30105.9,30094.5,30102.8,30094,30080.7,30093,30102.1,30089,30083.8,30105.1,30096.4,30110.1,30089.6,30082.4,30088.1,30072.9,30087.9,30084,30092.3,30085.6,30088.4,30089.8,30070.3,30078.1,30091.2,30084.4,30078.3,30086.7,30070.3,30085.3,30075.9,30043.9,30109.3,30074.1,30077.9,30094.2,30080.9,30056.7,30089,30112.3,30063.8,30074,30067.7,30048.5,30091.4
42,29424.7,29344.1,29393,29331.4,29311.1,29369.5,29330.2,29388.5,29305.8,29363.9
43,19513.5,19539,19471.3,19510.8,19475.9,19509.4,19539.1,19494.7,19513.7,19494.8,19453.7,19551.1,19522,19534.7,19511.4,19465.9,19515.4,19565.5
44,36893.3,36837.7,36874.2
45,16980.4,17005.6,16991.3,16974.7,16995.6,16974.6,16977.2,16947.3,16962.4,17018.6,16970.5,16984.7,16996.9,16957.2,16964,16992.6,16958.1,17013,16952.7,16954.5,16938.7,16940.9,16937,16953.7,16949.6,16922.1,16994.3,17018.1,16977.3,16945.4,16977,16954,16983.5,16962.3,16927.6,16953.4,16918.7,16984.2,16949.9,16964.6,17025,16980.9,16966.5,16926.3,16970.6,16965.5,17005.8,16974.7,16986.8,16949.4,16949.3,16930.7,16938.3,16993.1,16967.9,16953.8,16968,16902.3,16928.2,16970.2,16978.9,16964.3,16977.6,17032.3,16942.9,16943.8,16979.6,16933.3,16980,16957.2,16940.2,16900.2,16966.7,16950.6,16911.6,16916.2,16939.7,16950.9,16965.2,16946.8,16920.8,16933.6,16964.3,16948.6,16922.8,16957.6,16951.9,16947.8,16995.9,16991.2,16965
46,15643.8,15590.6,15627.2,15641.1,15626.5,15670.7,15629.7,15625.3
47,31148,31133.7,31197.1,31221.9,31196.9,31192.7,31210.5,31167.1,31176.4,31192.4,31179.8,31186.2,31210.9,31202,31193.1,31188.6,31191,31194.2,31186.9,31209.2,31166,31165.6,31173.1,31209.8,31126.3,31226.5,31183.2,31161.1,31166,31234.4,31219.9,31216.8,31214.3,31210.4,31212.2,31178.8,31176.7,31160.7,31165.5,31175.3,31174.5,31183,31143,31181.2,31167.9,31164.9,31168,31140.8,31107.4,31131.3,31140.5,31117.3,31140,31132.6,31119.9,31140.3,31123.6,31120.4,31161.3,31134.6,31097.8,31115.4,31059,31078.7,31082,31112.1
48,24065.6,24073.8,24051.6,24089.6,24082.9,24041.2,24064.1,24073.9,24077.8,24062.2,24053.3,23994.4,24047.2,24041.3,24059.8,24058.1,24047.7,23990,24045.7,24024.3,24022.4,24015.7,24022.3,23979.9,24032.1,24013.7,23989.3,24014.2,24010.6,24021.7,24028.3,23995.7,24023,24001.8,24013.8,24025.6,24038.1,24022.9,24038.5,24022.2,24028.5,24010.5,24025
49,38475.9,38438,38473.4,38353.6,38377.2,38367,38396.2,38390.8,38362.6,38324,38337.4,38344.6,38353.6,38353,38341.9,38327.4,38341.2,38334.3,38290.1,38280.6,38318.6,38272.4,38301.1
50,15375.1,15392.5,15405.6,15328.1,15345.9,15335.8,15345.5,15363.9,15263.6,15341.1,15342.8,15299.4,15332,15314.1,15354.4,15304.6,15369.3,15296.2,15304.6,15357.1,15350.3,15311.3,15292.2,15289.3,15332.6
51,6713.55,6678.97,6690.25,6709.46,6655.27,6646.44,6614.88,6645.13,6632.59,6591.82,6602.33,6600.02,6587.28,6667.79,6597.12,6615.69,6625.13,6678.83,6633.84,6654.36,6583.78,6620.93,6611.88,6657.58,6618.53,6654.5,6643.32,6611.74,6638.75,6622.89,6656.16,6616.05,6645.33,6651.01
52,33278.1,33337.5,33299.6,33279.7,33313.1,33314.3,33317.4,33315.1,33290.1,33316.3,33312.7,33292.5,33313.5,33290.2,33268.7,33331.4,33322.2,33258.7,33295.7,33329.5,33270.8,33348.8,33273.8,33271.2,33280.8,33233.2,33273.5,33254,33272.7,33249.7,33234,33270.5,33240.4,33243.2,33293.6,33241.2,33255.5,33248.8
53,24566.5,24550.4,24563.8,24554.1,24565.5,24549.4,24578.4,24570.3,24566.9,24534
54,4562.63,4574.93,4532.51,4550.02,4555.16,4541.67,4543.08,4582.76,4542.98,4559.04,4529.48,4536.2,4561.19,4561.48,4521.37,4591.71,4522.12,4573.64,4523.35,4547.99,4519.39,4533.5,4554.86,4518.46,4554.46,4566.18,4553.76,4550.25,4558.66,4513.56,4543.32,4541.91,4553.77,4555.02,4577.88,4532.05,4512.29,4595.64,4537.4,4582.91,4547.47
55,11541.6,11407.8,11386.2,11454.1,11472.5,11427.4,11431.2,11401.5
56,38433.8,38432.1,38369.4,38330.8,38390.6,38392.1,38397.2,38412.3,38396.6,38378.8,38363.3,38419.7,38372.9,38346.6,38310,38289.5,38331.7,38327,38281.9,38303.2,38298.7,38317.6,38278.9,38298,38320.9,38304.6,38316.7,38311.2,38318.2,38294.8,38293.8,38302.9,38324.5,38290.4,38345.4,38308.7,38357.3,38314.8,38333,38337.8,38300.3,38289.6,38342.7,38298,38315.2,38300.4,38342.2,38308.8,38313.3,38321.8,38319.9,38313.9,38336.3,38324.2,38308.3,38270.8,38324.5,38308.2,38339.6,38323.8,38319.7,38302,38324,38338.4,38307.8,38326.4,38295.1,38286.1,38327.8,38282.7,38306.9,38312.1,38334.2,38301.1,38328.8,38237.2,38275.4,38274.5,38272.6,38321.3,38328.9,38239.8,38272.9,38285.4,38276,38275.7,38283.7,38291.5,38267.7,38278.8,38273,38265.1,38263,38269.6
57,20833.9,20809.3,20872.4,20875.9,20854.8,20867.4,20860.3,20852.2,20877.2,20824.8,20849.2,20815,20848,20842.3,20795.3,20825.5,20868.9,20830.3,20834.9,20839.8
58,4379.04,4365.68,4379.16,4356.97,4417.33,4368.83,4372.24,4443.09,4394.18,4353.93,4330.8,4343.97,4341.72,4345.04,4394.13,4379.69,4341.56,4435.15,4375.13,4336.44,4367.61,4321.15,4346.66,4343.02,4394.8,4348.08,4369.81,4372.03,4327.36,4382.82,4353.44,4345.6,4357.52,4339.34,4330.29,4351.78,4346.37,4365.76,4334.87,4377.73,4369.88,4339.04,4381.08,4331.61,4344.87,4358.96,4384.51,4357.79,4410.16,4382.78,4334.37,4333.83,4366.36,4375.09,4385.38,4355.93,4362.56,4377.03,4369.45,4348.35,4299.41,4321.6,4360.76,4304.77,4286.54,4338.92,4297.48,4317.49,4285.54,4304.08,4333.25,4349.94,4344.5,4362.44,4319.3,4234.42,4280.5,4191.38,4238.51,4226.4
59,8577.75,8546.83,8591.63,8588.36,8584.65,8587.51,8597.59,8571.46,8551.46,8637.91,8573.17,8549.65,8507.71,8536.72,8512.4,8506.59,8570.86,8515.66,8535.47,8552.84,8505.17,8512.37,8497.48,8527.34,8494.51,8473.32,8484.4,8487.91,8499.3,8507.71,8517.72,8529.65,8506.6,8527.54,8516.67
60,26544.4,26513.2,26543.4,26475.6,26530.5,26519,26524.9
61,3629.15,3665.13,3562.86,3649.99,3634.02,3606.95
62,23798.9,23843.8,23813.4,23813.6,23806.6,23799.6,23827.1,23810.4,23830.5,23793.3,23839.3,23789.3,23828,23814.3,23834.4,23783.5,23845.2,23812.5,23804.6,23790.3,23769.3,23766.3,23778.5,23764.7,23807.3,23792.6,23790.1,23742.3,23777.7,23757,23815.6,23792.3,23780.2,23759.8,23791.2,23794.7,23775.1,23777.6,23781.3,23769.2,23762.7,23783.2,23722.9,23749.4,23749.6,23779.8,23734.6,23776.2,23779.9,23750.1,23744.5,23758.9,23719.1,23721.7,23709.2,23720.3,23760.3,23774.7,23721.2,23731.8,23717.6,23706.3,23711.6,23688.4,23689.8,23698.3,23739.6,23728.9,23659,23703.2,23724.6,23714.3,23691.1,23698.3,23667.9,23700.1,23682.3,23689.8,23666.9,23646.6,23726.7,23632.8,23648.3
63,39994.4,40047.7,40032.4,40007,40027.8,40030.1,39982.8
64,37525.5,37491.6,37515.4,37500.7,37522.9,37533.6,37532.2,37521.2,37512.6
65,28196.4,28197.5,28206.5,28201.3,28228.2,28176.9,28133.6,28162.8,28137.1,28171.4,28136.1,28165.4,28183.9,28142.4,28170.7,28157.8,28170,28176.2,28163.1,28134.5,28167,28125.4,28152.5,28179.7,28141.8,28089.6,28114.3,28083.3,28128.2,28132.8,28129.2,28148.4,28102.2,28131.2,28117.4,28103.3,28092.6,28107.2,28140.8,28120,28144.4,28134.5,28142.8,28129.1,28122.6,28122.5,28112.2,28092.4,28095.5,28136.9,28060.8,28090.8,28110.8,28101.4,28106.5,28120.2,28122.4,28099,28120.4,28103.9,28117,28118.2,28107.9,28079.9,28080,28117.1,28113.9,28106.9,28108.9,28103.1,28108.1,28110.1,28105.3,28057.3,28134.6,28130.3,28147.5,28095.5,28089.4,28112.8,28126.7,28078,28052.8,28126.4,28113.7,28110.9,28079.7,28080.2,28078.1,28134,28134.2,28133.5,28082.8,28128.9,28108.6,28101.2,28109.8,28096.2,28094.3,28055.2,28048.7,28078.1,28069.5,28097.6,28092,28123.1,28095,28110.3,28080.1,28096.8,28134.5,28061.9,28093.7,28062.6,28061.9,28113.5,28107.1,28096.4,28067.5,28098.2,28076.7,28078.2,28067.3,28081.8,28092.2,28076.3,28056.6,28078.8,28070.3,28062.4,28050.9,28059.7,28059.1,28039.2,28046.5,28064.4,28065.4,28098.1,28090.6,28056.4,28066.1,28043.6,28079.2,28090.8,28088.5,28057.2,28070.6,28060,28044.8,28037.7
66,37824.6,37816.5,37818.4,37816,37823.3,37788,37845.9,37838.3,37822,37863,37852.8,37840.9,37823.6,37794.6,37831.8,37774.9,37798.3,37762,37782.7,37816.1,37795.4,37771.3,37804.5,37786.7,37778.7,37763.3,37755.5,37768.6,37797.3,37747.3,37778.6,37761.1,37761.2,37766.7,37735.8,37765.5,37759.2,37778.4,37797.3,37753.6,37771.7,37724,37756,37731.5,37763.4,37736.2,37756.4,37758.4,37750.4,37794,37763.3,37745.1,37778.2,37778.4,37725.7,37775.7,37776.1
67,17133.1,17137,17122.9,17115.1,17109.4,17099.5,17104.8,17106.9,17117.4,17114.2,17117.5,17098.2,17118.6,17083,17112.4,17119.1,17081.7,17097.6,17073.6,17093.6,17077.8,17083.9,17088.8,17066.8,17108.9,17082.5,17094.7,17082,17068.7,17032.4,17031.1,17070.5,17032.6
68,18878.6,18893.7,18920.2,18897.3,18941.5,18901.1,18929.9,18917.2,18884.4,18888.8,18868.6,18925.9,18850.1,18875.3,18908.7,18854.5,18888.8,18883.3,18873,18884.2,18877.8,18860.8,18907.8,18887.1
69,9260.98,9293.45,9207.42,9225.49,9211.97,9193.89,9192.3,9201.95,9155.95,9177.54,9212.27,9215.15,9213.49,9185.66,9192.05,9184.47,9183.6,9183.79,9142.21,9167.73,9215.56,9240.81,9188.57,9191.52,9170.94,9148.16,9153.44,9158.9,9204.38,9173.56,9219.84,9164.03,9203.4,9154.74,9187.55,9171.02,9146.01,9210.52,9114.38,9137.37,9189.51,9144.71,9182.85,9186.22,9143.76,9160.49,9147.88
70,36624.7,36606.9,36632,36620.5,36609,36607.4,36626.8,36585.2,36592.7,36608,36598.3,36587,36605.5,36598.3,36592.3,36589.8,36575.1,36592.2,36550.6,36576.9,36593,36629.9,36611.7,36574.4,36586.5,36583.2,36606.5,36642.4,36601.1,36552.5,36550.3,36580.6,36557.4,36560.1,36570.3,36552.7,36568.1,36554.6,36526,36574.4,36527.4,36569.5,36560.5,36551.7,36490.9,36451,36535.7,36491,36526.8,36524,36532.3,36498,36442.4,36485.9,36503.9,36459.6,36475.4,36475.8,36473.2
71,37854.2,37881.7,37843.3,37847.8,37839.4,37817.4,37849.9,37841.6,37842.7,37828,37819,37799.7,37819.7,37827.9,37814.7,37809.5,37772.5,37815.7,37817.3,37808.7,37802.2,37811.7,37806.4,37816,37834.8,37815.6,37813.7,37811.8,37797.6,37822.4,37806.3,37837.1,37802.9,37814.5,37816.6,37812.9,37803,37800.8,37803.7,37796.2,37819.8,37801.7,37814.7,37813.5,37818.6,37805,37764.6,37754.4,37753.8,37748.9,37788.6,37774.9,37754.3,37759.1,37776.6,37792.7,37782.5,37761.2,37778.7,37737.7,37759.1,37761.2,37747.9,37750.8,37763.4,37719.9,37763.1,37726,37755.9,37756.2,37743.9,37753.6,37724.3,37751.3,37751.4,37750.4,37734.8,37733.5,37745.1,37742.4,37729.2,37745.2,37778.2,37755.8,37726.8,37761.4,37747.1,37761.3,37744.8,37765,37757.8,37770.6,37741.6,37752,37733,37732.6,37742.3,37729.8,37737.5,37786.9,37730.8,37742.5,37747.5,37733.1,37710.3,37753.8,37739.3,37755.7,37705.1,37744.9,37723.7,37739,37720.1,37723.1,37697.8,37726.4,37752.7,37735.7,37721,37719.9,37733.3,37732.9,37726.5,37722.3,37738.7,37683.1,37706.9,37713.1,37727.4,37723,37706.6,37723.5,37679.8,37731.1,37742.6,37747.4,37686,37739.7,37707.2
72,7967.91,7973.5,7993.37,7955.03,8039.34,8027.85,8007.89,8008.19,7968.97,7993.14,7992.15,7987.94,8038.64,8030.51,7997.36,8002.38,7985.3,7980.24,7975.73,8001.15,7963.28,8006.09,7981.67,7911.35,7961.87,7876.66,7969.04,8006.25,7941.54,7968.73,7936.57,7976.11,8004.97,7960.7,7955.77,7973.57
73,9800.73,9779.77,9811.8,9843.45,9804.27,9831.13,9783.3,9783.36,9797.72,9767.64,9770.02,9775.53,9792.2,9693.76,9704.29,9734.39,9731.56,9773.97,9756.08,9746.05,9760.07,9776.44,9761.59,9712.12,9751.59,9776.46,9752.1,9750.52,9674.18,9711.46,9742.94,9775.84,9759.98,9746.74
74,28683,28647.6,28627.7,28627.9,28671.6,28678.8,28717.4,28629.6,28631.4,28671.1,28630.5,28662.8,28609.1
75,15112.2,15154.2,15100.2,15112.9,15133.4,15129.5,15115.5,15148.9,15150.9,15173.1,15091.7,15129.4,15142.6,15136.9,15141.4,15074.8,15145.1,15061.2,15113.2,15132.9,15122,15091.3,15067.1,15117.6,15104.3,15141.9,15091.3,15104.3,15109.2,15085.2,15091.4,15081.2
76,28930.2,28919.7,28914.8,28909.4,28937.6,28938,28915.4,28908.4,28910.8,28901,28878.1,28851.2,28897.1,28880,28885.2,28891.4,28898.9,28910.9,28875.2,28893.9,28857.5,28881.8,28868.3,28896.4,28886.9,28880.7,28889.2,28887.1,28894,28891.9,28877,28874.7,28914.3,28876.3,28878.4,28879.7,28874.7,28856.4,28876,28882.9,28875,28893.6,28873.5,28856.8,28878.6,28849.5,28860.7,28851.7,28885.7,28869.4,28870.9,28894.8,28878.7,28859.7,28864,28869.7,28851.5,28894.5
77,22080.2,22133,22092.3,22122.2,22098.5,22086.4,22070.5,22087.6,22086.3,22048.2,22051,22077.8,22039.5,22037.4,22044.2,22044.1,22037.9,22041.9,22044,22006.8,22030.2,22012.6,22021.1,22039.1,22041.1,22066.3,22036.4,22045.7,22058.1,22053,22041.2,22064.2,22051.4,22075.2,22041.8,22035.4,22050,22037.5,22023.8,22068.4,22007.2,22061.6,22054.2,22030.9,22038.1,22032.6,22053.7,22033.9,22040.8,22038.6,22035.8,22042.9,22042.7,22049.2,22026.9,22003.5,22033.6,22061,21984.4,22018.3,22049.2,22013.9,22013.4,22016.5,22031.6,22057.9,22021.8,22023.1,22027.3,22020.6,22007.3,22030.6,21998.2,22020.5,22049,22021,22028.7,22025.7,22037.2,22055.4,22038.3,22034.7,21998,22007.2,21980.3,21989.7,22057.7,22038.5,22042.3,21994.5,22037.6,22022,22036.5,22028.1,22022.1,22041.1,21999.5,22069.3,22035.3,21993.9,22005.2,21997.8,22040.5,22000.1,22040.3,22009.9,22068.6,22013.6,21985.4,21980.4,22051.3,21982.1,22012.9,22020.8,22054,21992.5,22022.3,22007.3,22036.8,22021.6,22015.1,21985.3,21990,22006.3,21999.7,22009.4
78,38540.9,38582.2,38565.7,38522.1,38491.1,38558.8,38547.7,38515.9,38546.6
79,30631.5,30649.6,30672.2,30632.4,30657.5,30667.7,30692.8,30688.7,30686.8,30663.6,30648.8,30651.6,30641.6,30593.2,30611.4,30650.8,30645.8,30630.3
80,28542.5,28541.4,28551.8,28512.4,28542,28516.7,28552.5,28555.9,28574.5,28573.8,28517.4,28515.3,28545.3,28526,28529.2,28501.3,28538.2,28506,28545.9,28561,28543.4,28486.7
81,21680.1,21656.9,21660.3,21640.1,21663.8,21616.8,21664.6,21571.3,21623.7,21624.9,21654.7,21611.4,21607.4,21604.9,21578.4,21629.6
82,7965.5,7991.05,8025.91
83,2566.36,2541.63,2566.33,2548.49,2574.73,2539.35,2567.65,2549.85,2559.85,2575.8,2522.04,2593.6,2529.25,2489.99,2522.01,2546.54,2526.89,2507.55,2559.15,2525.37,2526.05,2486.28,2528.3,2522.91,2549.63,2542.39,2526.95,2577.85,2515,2556.56,2477.62,2518.2,2500.73,2512.64,2513.15,2522.68,2550.6,2509.07,2549.51,2511.26,2525.49,2532.56,2550.9,2470.96,2487.15,2467.93,2459.29
84,22999.1,22931.6,22931.2
85,5748.93,5719.87,5753.37,5755.06,5733.58,5786.55,5755.62,5753.86,5683.19,5688.91,5725.22,5681.79,5695.74,5708.27,5720.57,5730.49,5718.84,5688.82,5654.39,5676.47,5655.19,5692.96,5693.89,5717.97,5731.21,5719.08,5677.97,5704.9,5689.48,5716.63,5706.53,5724.36,5688.22,5687.74,5747.91,5675.8,5690.26,5735.33,5711.36,5607.4
86,36183.5,36156.1,36161.4,36162.8,36174.5
87,28656.2,28662,28639,28608,28656.1,28642.3,28604.8,28613.7,28665.9,28663.7,28691.9,28652.2,28626.6,28602.7,28616.3,28615.5,28651.4,28640,28647.3,28636.8,28659.9,28660.9,28655.1,28658.7,28626.2,28637.4,28652.7,28625.2,28655.7,28651.6,28651.2,28639.7,28620.9,28611.6,28617.6,28610.4,28653.7,28670.2,28618.2,28615.3,28613.7,28642.9,28572.6,28557.1,28565.9,28565.1,28606.9,28542.6,28587.6,28602.7,28576.7,28530.1,28617.1,28627.7,28613.7,28597.8,28598.6,28557.6,28611.4,28606.2,28575.1,28539.3,28579.3,28570.4,28539.5,28565.3,28559.1,28545,28535.7,28569.8,28570.2,28533.6,28567,28560.6,28505.2,28575.8,28565.2,28559.1,28547.6,28551,28561.1,28521.6,28601.5,28573.3,28535.5,28550,28548.4,28576.3,28554.1,28535.3,28587.2,28601.3,28558.7,28538,28565.4,28569.3,28565.4,28598.8,28500.2,28529.3,28566.5,28528,28572.2,28544,28582.2,28556,28539.3,28524,28520.1,28543.4
88,18739.3,18737.9,18720.5,18710.7,18663,18703.8,18673.1,18759.9,18729.1,18707.4,18727.1,18701.2,18693.3,18701.8,18689.2,18689.4,18723.4,18706,18687,18676.2,18689.3,18758.2,18695.2,18617.8,18680.8,18706.8,18695.8,18646.4,18679.3,18651.5,18704.8,18625.2,18669.5,18677.6,18675,18722.8,18654.3,18653.8,18622.5,18695.8,18652.9,18683.5,18679,18678.5,18687.5,18625,18649.9,18587.4,18653.5,18610.7,18690.4,18646.6,18673.9,18668.2,18610.6,18659.2,18641.8,18629,18661.2,18664.7,18579.7,18670,18651.8,18644.6,18666.3,18628,18608.7,18636.7,18591.4,18622.2,18592.1,18691.1,18707.8,18697.2,18633.8,18666.9,18616.9,18666.2,18667.1,18663.4,18652.7,18639.6,18605.1,18657.8,18635.2,18609.9,18618,18647,18621.8
89,35802.3,35800.8,35797.1,35802.4,35799,35785.7,35788,35802.2,35807.3,35818.6,35751.8,35732.6,35753.8,35763.9,35752.2,35835.3,35778.2,35784.7,35799,35765.2,35745.4,35726.9,35758.3,35734.7,35752.9,35769.5,35783.6,35779.4,35762,35775.8,35728.5,35758.6,35756.4,35751.4,35766.7,35730.9,35749.7,35718.3,35759.7,35746.8,35721,35744.8,35749.8,35733.2,35720.7,35774.3,35718.2,35707.7,35742.2,35741.7,35765.6,35672.7,35725,35685.9,35690,35720.5,35694,35732.9,35705.7,35676,35721.3,35741.8,35678.9,35755.7,35724,35771.9,35737.6,35713.9,35751.7,35717,35722.1,35709.9,35718.4
90,34497,34441.3,34481.8,34453.3,34463.4,34475.9,34439.2,34489.2,34494.8,34520.1,34499.6,34469.4,34470,34514.1,34504.2,34511.1,34419.4,34432.3,34473.6,34472.6,34477.7,34490.6,34452.9,34437.5,34396.5,34456.8,34418.4,34419.8,34412.2,34473.6,34447.8,34432.9,34420.4,34430.1,34446.8,34433.2,34427.4,34460,34454.4,34419.4,34444.2,34432,34427.9,34426.9,34390.5,34426.8,34438.6,34427.5,34426.6,34408.6,34423.8,34446.7,34429.8
91,12443.1,12491,12455.3,12490.3,12494.7,12485,12513.5,12516.8,12496.8,12440.8,12413.7,12448.3,12412,12388.2,12462.6,12404.9,12473.5,12396.9,12434.3,12418.1,12445.4,12422.9,12430.9,12409.4,12443.3,12411.9,12407.2,12408.4,12336.6,12388.3,12390.1
92,35267.5,35300.6,35250.6,35276,35249.8,35242.3,35285.7,35255.2,35237.2,35268,35281.3,35287.9,35274.2,35289.2,35273.9,35257,35278.8,35254.6,35316.7,35267
93,12564.9,12590.2,12623.6,12576.7,12610,12574,12626.9,12588.2,12603.4,12553.7,12583,12582.1,12615.7,12586.2,12549.5,12567.5,12615.9,12576,12572.3,12607.7,12589.1,12553.3,12564.1,12644.2,12566.3,12584.8,12615,12611.8,12578.7,12593.1,12586.9,12563.1,12562.5,12560.3,12616.1,12607.3,12580.1,12559.9,12571.6,12552.8,12583.4,12602.6,12573.8,12565.2,12571.8,12560.6,12575.1,12568.1,12601.5,12504.4,12548,12542.2,12551,12542.6,12529.9,12494,12543,12544,12529.3,12548.4,12541.1
94,9963.1,9975.75,10036.5,9996.39,9932.56,9962.19,9949.58,9924.01,9948.94,9977.64,10031.9,9901.93
95,29285.4,29272.9,29268.3,29296.5,29272.2,29260.1,29263.5,29309.7,29291.6,29270.9,29273.4,29280.9,29267.8,29261.5,29296,29319.6,29241.2,29249.5,29272.6,29316.1,29287.6,29258.2,29298.8,29283.3,29291.4,29328.6,29350.8,29269.1,29274.3,29269.8,29265.7,29283.8,29274.9,29272.9,29253.8,29282.8,29229,29246.4,29227.3,29298.7,29285.5,29248.9,29260.6,29278.9,29213.8,29260.2,29285.9,29225,29246,29242.6,29252.2,29289.9,29237,29232.4,29225.3,29250.2,29285.7,29283.9,29239.4,29254.2,29224.8,29199.7,29247.3,29248.6,29272.6,29254.1,29208.4,29258.8,29225.4,29233.1,29315.7
96,27957.5,27983.1,28014.5,27993.8,27982.1,27999,27988.4,27943.8
97,35784.8,35734.7,35722.9,35705.5,35679,35723.9,35688.3,35729.3,35693.2
98,5713,5713.16,5723.17,5716.7,5691.47,5677.83,5714.78,5720.05,5727.02,5649.63,5674.22,5681.83,5664.06,5704.15,5665.23,5694.58,5678.01,5658.42,5723.96,5680.19
99,26411.6
100,30386.6,30452.6,30443,30388,30410.6,30385.1,30397.4,30472.4,30473.5,30473.6,30392.5,30423.9,30399.8,30411.5,30366.1,30377.6,30364.5,30414.7,30355
101,31907,31887.1,31880.2,31887.9,31909.3,31894.5,31887.5,31898.1,31880,31863.5,31882.3
102,31537.6,31583.1,31702.8,31745.7,31701.3,31708.8,31737.1,31681,31738.7,31687.4,31672.7,31727.3,31687.9,31709.5,31695.6,31667.7,31687.9,31698.5,31698.4,31710.1,31681.6,31716.2,31731.9,31705.5,31693.9,31679.6,31702.7
103,25317.6,25347.4,25313.7,25377.4,25343,25321.1,25332.6,25332.8,25313.1,25305.3,25356,25332.2,25362.9,25307.9,25344.1,25357.8,25324.2,25345.2,25338.1,25293.2,25305.4,25344.5,25351.5,25296.6,25295.3,25348.1,25337.7,25330.7,25303.4,25300.6
104,34408.1,34467.9,34428.1,34409.1,34416.1,34387.4,34407.8,34445.3,34403,34411.5,34424.7,34418.9,34385.8,34398.6,34389,34407.4,34408.2,34407.1,34409.2,34400.7,34361,34460.6,34333.3,34398,34394.9,34385.3,34426.7,34399.6,34394.3,34371.6,34389.4,34409,34393.6,34416.7,34407.3,34343.8,34367.3,34380.5,34423.3,34368.6,34339.7,34355.4,34382.2,34358.9,34377,34348.9,34364.5,34391.3,34389.9,34358,34374.1,34401.3,34375.2,34387.4,34363.9,34392.6,34410.1,34373.9,34385.9,34338.9,34389.6,34355.9,34374.6,34349.3,34358.9,34390.6,34321.9,34377.3
105,16925.3,16844,16841.9,16857.2,16853.3,16891.2,16862.2
106,20437.3,20403.2,20400.6,20375.7,20399.8,20443.3,20369.7,20315.8,20426.5,20402.6,20425.2,20356.2,20389,20371.5,20374.7,20400.1,20402.1,20385.2,20405.2,20363.2,20356.2,20350.2,20417.7,20362.6,20355.6,20396.1,20378,20404.6,20367.1,20395.7,20390.2,20420.8,20339,20365.1,20351.8,20347.2,20370.3,20345.1,20382.4,20352.7,20376.3,20332.3,20391.7,20387.8,20385,20388.2,20358,20281.1,20371.9,20349.1,20335.3,20359.2,20346.8,20378.9,20347.5
107,38563.5,38431.7,38532.5,38427.6,38428,38438.6,38410.3,38403.4,38405.2,38407.7,38413.6,38419.1,38415.6,38408.6,38390.2,38409.7,38406.4,38402.5,38405.8,38418.5,38406.3,38406.9,38415.8,38382,38395.4,38415.5,38452.9,38383.9,38416.9,38384.5,38402.9,38403.5,38412.1,38389.2,38395.3,38410,38400.6,38411.8,38413.8,38412,38395,38426.8,38364,38405.4,38433.9,38397.9,38408.2,38383.1,38445.9
108,32514.2,32496.8,32486.7,32520,32542.4,32509.9,32486.9,32527.2,32465.5,32474.9,32509,32516.3,32514.3,32493.9,32488,32480.9,32468,32490.7,32492.5,32474.3,32480.5,32461.9,32492.2,32467.7,32456.6,32461.6,32479.5,32455.5
109,20692.5,20693.7,20688,20677.1
110,18119.4,18175.1,18149.6,18185.9
111,39926.9,39993.7,39888.2,39925.7,39838.2,39812.4,39834.6,39841.7,39818.4,39826.9,39860,39871.2,39820.6,39823.5,39840,39866.2,39826.4,39867.1,39851.7,39841,39894,39838.9,39875,39860.3,39836.8,39815.5,39824.8,39817.2,39806.3,39845.4,39813.7,39847.4,39793.5,39820,39842.3,39842.9,39836.7,39741.7,39839.7,39839.2,39808.3,39842,39830.5,39815.1,39782.8,39803.3,39816,39817.1,39817.8,39807.4,39826,39806.8,39852.6,39782,39817.9,39819.5,39849.4,39807.3,39775.7,39724.4,39754.1,39720.8,39752.6,39765.5,39737,39769.1,39786.2
112,9749.23,9735.88,9774.76,9676.43,9754.79,9789.34,9766.39,9739.27,9770.83,9758.07,9722.99,9767.41,9789.54
113,21500.4,21493.9,21502.3,21540.3,21518.8,21489,21507,21388.8,21449.2,21467.6,21415.6,21435,21430.1,21409.3,21423.2,21365.3,21373.8,21385.8,21401.9,21444.8,21416.2,21374.2,21364.9,21381.4,21386.5,21423.7,21403.2,21381.9,21348.8,21363.3,21380.8,21415.8,21397,21364.3,21364.4,21390.8,21387.7,21370.1,21388.3,21370.5,21368.1,21336.8,21382.4,21349.9,21361.3,21362.8,21352.4,21355.9,21373.9,21333.7,21377.3,21377.6,21363.4
114,14186.1,14243.3,14131.5,14199.5,14192.4,14144.9,14250.4,14191.7,14177.7,14204.2,14210,14146.8,14177.3,14179.7,14177.6,14159.7,14175.4,14187.3,14201.9
115,10947.7,10897.2,10910.2,10950.6,10880.6
116,3725.43,3698.53,3745.41,3711.54,3658.57,3655.61,3699.48,3611.83,3624.21,3683.89,3600.12,3609.37,3670.94,3664.42,3635.55,3603.79,3618.51,3628.55,3586.01,3603.84,3586.32,3624.39,3531.29,3634.81,3568.29,3584.78,3607.23,3561.21,3580.26,3663.46,3585.82,3623.14,3607.5,3575.94,3624.46
117,26789.6,26749.5,26848.8,26753,26780.9,26803.6,26837.1,26804.9,26780.6,26713.1,26792.4,26817.6,26800.9,26744,26787.5,26750.9,26769.3,26791.3,26787.9,26781.6,26742.2,26729.9,26769.3,26761.3,26729.2,26765.9,26782.5,26748.5,26766.3,26749,26742.5,26807.5,26763.2,26761.2,26733.7,26758.2,26738.9,26759.7,26775.3,26766
118,39683.5,39701.5,39696.4,39671.9,39684.8,39674.2,39680,39685.2,39713.9,39671.9,39698.9,39682.7,39713.8
119,29822.1,29780.7,29852.4,29796.2
120,32756.6,32671.8,32691.8,32655.5,32666,32693,32748.8,32712.7,32698.3,32725,32676.4,32697.3,32674.8,32715.2,32714.9,32690.8,32729.4,32701,32655.6,32665.8,32658.1,32680.8,32716.8,32664.7,32656.6,32649.1,32678.1,32643.1,32665.7,32683.4,32674.8,32672.3,32638.3,32664.3,32686,32674,32633.6,32619,32701.1,32639.9,32656.3,32655.9,32576.5,32663,32640.4,32671,32669.4,32658.4,32621.6,32640.7,32610.3,32591,32649,32666.1,32627.2,32622.6,32654.1,32617.3,32630.1,32646.1,32637.3,32675.5,32682.8,32664,32627.4,32659.6,32633.6,32604.7,32603.3,32655.5,32631.5,32650.9,32635,32624.3,32646.1,32591,32614.9,32611.4,32561.8,32626.5,32571.4,32605.1,32574.5,32557.6,32580.5,32554,32610.6,32591.9,32530.8,32547,32597.9,32588.1,32600,32564.4,32599.8,32607.1,32582.2,32580.5,32600.5,32618.9,32615.4,32592.4,32556.7,32577.2,32602.5,32539.8,32624.6,32541.1,32551,32593.3,32615
121,39222.5
122,22573.7
123,28406.4,28334,28355.6,28330.9,28306.1,28310,28325.4,28337.1
124,36970.4,37001,37018.5,37043.6,37049.7,37015.9,37000.1,37012.2,37086.4,37034.3,37086,37121.5,37110.8,37251.1,37262.8,37222.8,37219.3,37216.4,37207.5,37272.2,37242.3,37299.6,37203.1,37231.3,37211,37204.3,37119.5,37093.2,37105.6,37135.3,37143.6,37089.2,37107.7,37076.7,37113.7,37036.3,37085.4,37090.8,37077.6,37026.2,37066.3,37132,37069.4,37112,37092.2,37069.1,37087.3,37121.5,37064.7,37067.4,37039.3,37161,37125.2,37065,37105.4,37124.5,37088.8,37109.5,37090.1,37077.4,37064,37084,37097.5,37090.7,37177.7,37065.8,37046.3,37130.1,37136.5,37176.3,37002.2,36930.2,37027.5,36985,36967,36965.4,36972.2,36984.3,36988.4,37069.4,37113.1,37072.1,37159.1,37135.3,37159.7,37127.3,37157.6,37096.9,37155.6
125,21025.5,21035.1
126,7840.48,7846.45,7802.38,7799.98,7832.62,7848.58,7803.74,7827.92,7804.69,7802.74,7800.14,7777.78,7865.15,7797.9,7767.64,7832.86,7814.06,7769.14,7785.42,7815.37,7796.63,7835.49,7795.44,7832.13,7794.81,7807.29,7775.56,7797.12,7806.81,7793.5,7768.04,7747.46
127,35981.7
128,21540.4,21531.7,21536.6,21517.6,21473.1,21507.3,21535.5,21475.2,21521.7,21498.2,21485.2,21521.5,21480.4,21572.7,21481.6,21498.5,21483.9,21501.4,21517.8,21493.1,21517.1,21500.5,21488.6,21457,21524.6,21490.2,21514.8,21502.8,21514.3,21474.7,21526.3,21487.9,21595.3,21519,21508.7,21460.4,21438.1,21547,21479.9,21422.7,21462.2
129,14190.9
130,37185.5,37234.2,37193.1,37212.9,37181.9,37220.6,37186.5,37206.1,37167,37199,37180.5,37205.1,37205.8,37192.9,37179.6,37218,37216.6,37187.4,37237,37182.8,37215.2,37135.4,37135.9,37209.1,37246.7,37136.6
131,29314.5,29288.3,29280.9,29287.6,29287.3,29257.7,29211.1,29289,29247.2,29270.5,29198.1,29275.2,29243.4,29230.7,29255.8,29291.5,29242.6,29260.7,29264.3,29200.3,29208.7,29219.2,29165.7,29121.4,29225.2,29196.8,29241.6,29194.8,29182.5,29184.4,29136.3,29173.3,29172.1,29176.8,29154,29189.2
132,532.826,573.125,535.977
133,10468,10496.4,10455.1,10434.7,10461.9,10442.9,10455.2,10496.9,10421.3,10395.6,10462.3,10463.2,10469.2,10391.9,10413.7,10459.3,10404.1,10450.4,10419
134,28639.4,28643.9,28570.6,28667.1,28641.2,28663.7,28719.5,28646.9,28628.4,28643.1,28659.8,28662.3,28658,28647.6,28654.3,28609.8,28580.1,28663.4,28642.4,28592.7,28638.7,28643.8,28574.1,28604.6,28636.5,28580.8,28567.9,28603.2,28586.1,28589.7,28558.2,28632.2,28624.8,28621,28656.2,28629.7,28621.2,28609.7,28654.8,28581.4,28635,28608.2,28660,28622.4,28635.1,28577.6,28553.8,28602.6,28579.1,28611.4,28613.8,28585.5,28590.4,28589.3,28576.9,28645.4,28622.9,28590.8,28615.5,28544.2,28552.9,28573.3,28629,28600.2,28581.3,28587.9,28617.3,28617.8,28632.7,28646.5,28602.3,28578.5,28625.3,28636.7,28623.9,28569.3,28592,28599.4,28614.7,28565.6,28596.8,28603,28647.2,28602.2,28606.5,28601.3,28601.5,28603.6,28624.4,28600.1,28600.9,28576.9,28550.8,28554.6,28544.9,28567.1,28546.6,28591.9,28566.8,28579.1,28540.3
135,16306.8,16230.5,16234.8,16195.8,16197,16180.1,16191,16198.6,16188.5,16196.9,16207.4,16201.4,16173,16204.3,16212.2,16156.2,16212.1,16217.6,16175.8,16162.6,16199.5,16179.7,16164.2,16170.5,16147,16124.9,16139.1,16148.1,16129.5,16120.5,16157.7,16181.6,16191.6,16113.2,16133.8,16178.5,16195,16140.6,16111.7,16167.7,16136.6,16107.2,16124.8,16113.2,16141.6,16145.7,16090.6,16165.1,16162.4,16097,16130.7,16152.4
136,26230.1,26230.2,26235.5,26205.4,26172,26191.4,26203.4,26192.5,26133.3,26186.1,26195.1,26162.5
137,36132.1
138,17883.1,17770,17857.4,17768.9,17761.6,17735.3,17790.3
139,36354.3,36407.1,36332.3,36292.5,36330.4,36352.2,36364.5,36332.3,36333.7,36329.3,36327.1,36296.3,36323.5,36307.4,36325.3,36292.7,36302.4,36305.4
140,14704.8,14694.8,14697.2,14750.9,14702.1,14684,14689,14667.6,14683.3,14721.3,14714.6,14735.3,14662.5,14703.4,14654,14682.3,14651.9,14721,14661.3,14703
141,27213.4,27166.4,27189.9,27145.5,27158.1,27186.8,27177,27167.9,27165.1
142,949.772
143,30062,30008.4,29996.5,29977,30021.4,29924,29982,29930,29913.4,29925.8,29879.9,29910.1,29942.7,29940.1,29909.3,29902.4,29897.4,29901.5,29931.8,29879.1,29872.9
144,20345,20323.2,20320,20351.7,20334.5,20340.7,20330.6,20334.4,20305.2
145,26296.7,26262.2,26290.5,26244.6,26308.5,26278.1,26288.1
146,2576.8,2581.84,2560.2,2532.7,2531.16,2559.21,2531.27,2570.63,2535.48,2517.73,2546.41,2527.48,2589.9,2526.67,2543.66,2559.25,2562.02,2554.26,2538.19,2566.13,2557.69,2539.9,2592.14,2560.81,2516.68,2510.9,2511.14,2534.54,2539.12,2558.65,2495.35,2525.06,2541.63,2525.94,2509.71,2460.51,2507.7,2477.53
147,15274.1,15271.8,15296,15240.8,15297.7,15261.6,15180.9,15194.8,15199.5
148,7822.67
149,12845.7,12900,12892.1,12864.3,12856.9,12843.7,12851.5,12838.9,12854.1,12827.5,12847.8,12817.2,12784.7,12782.2
150,19515
151,23671.2,23629.4,23669.4,23688,23639.2,23661.2,23723.2
152,12500.5,12509.5,12476.3,12469.3,12511.3,12512.3,12490.2,12511.3,12479.1,12438.8,12484.1,12452.5,12453.2,12442.4,12456.9,12452.4,12464.4,12432.6,12481.3,12457.1,12429.4,12456.9,12463.9,12450.2,12444.1,12438.3,12430.9,12459.1,12457.4,12429.3,12461.9,12446,12435.8,12474.5,12450.7,12456.4,12455.8,12488,12440,12437,12408.2,12435.3,12439.9,12370.8,12399.7,12439.6,12416.7,12393.5,12429.5,12400.8,12432,12408,12445.6,12402.9,12452.4,12371.1,12414,12450.4,12420.3,12393.3,12396.8,12380.3,12444.8,12409.4,12405.8,12378.9,12428.6,12395.8,12443.4,12392.1,12380.5,12383.1,12426.6,12367.7,12414.9,12380.7,12400,12368.3,12411.1,12380.6,12378.5,12407.1,12410.7,12410.8,12387.2,12373.7,12408.5,12421.3,12416.1,12430.5,12366.4,12409.7,12399.2,12382.4,12414,12400.6,12372.6,12391.6,12389.6,12375.4,12421.4,12369.5,12407.8,12404.3,12372.6,12360.8,12365.8,12380.2,12412.5,12426.8,12388.2,12390.6,12410.8,12384,12398.5,12398.8,12418,12400.1,12397.7,12387.4,12378,12364.4,12393.9,12457.4,12363.2,12370.2,12382.9,12366.4,12358.9,12336.6,12389.7,12403.8,12393.5,12362.4,12349,12345.2,12397,12380,12422.9,12336,12324.5
153,6069.62,6038.98,6064.87
154,40012.7,39997,39935.5,39984.3,39988.7,39990.1,39953.2,39936.2,39996.7,39967.7,39957.7,39955.7,39963.9,39948.1,39994.9,39959.8,39973.5,39985.8,39966.5,39992.3,39941.2,39951.7,39939.1,39974.2,39955.7,39994.8,39956.3,39965.6,39949.3,39923.9,39946.1,39960.2,39916.9,39961.8,39953.1,39954.4,39909.1,39919.9,39970.4,39913.5,39949.3,39920,39935.5,39932.4,39932.7,39973.1,39920.4,39948.3,39967.9,39938.3,39928,40001.7,39976.6,39950.3,39946.2,39948.9,39969.6,39992.2,39944,39951.8,39931.7,39924.6,39946.5,39940.1,39907.1,39966.1,39899.6,39989.9,39960.7,39959.3,39926.7,39928.4,39948.4,39913.9,39957.8,39904.2,39914.1,39954.1,39908,39889.1,39917.3,39889.7,39868.8,39886.9,39903.4,39900.2,39908.3,39908.3,39926.2,39943,39856.2,39915.8,39884.8,39881,39915.1,39883.9,39890.2,39931.3,39895.5,39850.8,39924.4,39894.5,39879.7,39864,39875.7,39874,39908.2,39927.3,39868.3,39874.6,39892.2,39901.2,39882.8,39862.1,39903.1,39858.3,39898.6,39915.6,39891.2,39874.4,39880.7,39860.4,39875.4,39891.4,39880.5,39853.1
155,13294,13331.6,13264.8,13276.7,13228.2,13209.4
156,23721.4,23798.7,23757.8,23762.9,23794.6,23765.9,23759.9,23775.9,23756.2,23734.9,23750.1,23772.3,23737,23753.2,23815.3,23726.2,23707.6,23678.7,23656.8,23749.6,23753.3,23717.9,23681.3,23736.3,23697.9,23666.1,23696,23665.2,23686.4,23707.5,23691.2,23702.4,23694,23688.7,23653.3,23705.8,23687.7,23690.3,23710.1,23687,23685.9,23717,23701.6,23664.7,23687.5
157,4214.35,4204.55,4213.63,4243.64,4230.74,4238.11,4223.36,4202,4220.12,4211.45,4220.67,4211.08,4220.19,4202.88,4214.31,4213.06,4237.58,4221.44,4226.98,4204.54,4236.82,4203.37,4219.6,4191.6,4224.81,4193.2,4225.89,4191.03
158,35179.5,35200.7,35205.2,35168.4,35169.7,35184.9,35168.5,35170.4,35157.4,35194,35155.5,35160.6,35176.5,35141,35144,35163.6
159,34918.6,34899.4,34905.8,34957.3,34997.5,34862.2,34928.8,34876.5
160,32978.7,32934,32965.2
161,30109.3,30100.8,30122.1,30013.4,30098.9,30106.3,30084.9,30085.7,30109.5,30072.4,30067.2,30082.6,30069.9,30083.9,30040.4,30044,30049.8,30042.9,29994.8,30046.3,30022.6,30055.8,30056.1,30062.4
162,9518.62,9598.77,9545.13,9570.92,9539.81,9507.13,9533.76,9542.52,9506.75,9539.13,9504.23,9550.28,9526.68,9504.95
163,5595.48,5594.22,5603.78,5607.92,5599.63,5617.15,5560.73,5599.83,5594.68,5630.56,5638.05,5636.05,5588.19,5578.26,5580.35,5582.67,5583.38,5567.19,5534.12,5510.43,5522.75,5560.52,5526.06,5552.17,5479.69,5466.4,5452.19,5487.99,5469.16,5429.1,5456.76,5529.8,5437.47,5441.86,5450.51,5490.6,5486.58,5437.49,5407.49
164,20532.4,20542.8,20530.8,20564.7,20538.7,20509.6,20538.5,20471.9,20520.1,20472.2,20508,20497.1,20499.9,20511.9,20482.5,20466,20479,20523.5,20478.5,20480.6,20467,20505.7,20480.4,20466.2,20482.2,20486.7,20434.4,20471.8,20439.5,20462.2,20467,20492
165,29124.4
166,37950.5,37948.9,37942.7,37935.4,37916.2,37936.2,37921.5,37954.1,37937.3,37909.4,37913.2,37954.7,37961.9,37926.3,37909.2,37946.8,37932.9,37895.1,37896.6,37922,37892.1,37892.7,37935.9,37945.6,37916.1,37926.7,37888.5,37900.5,37905.3,37910.9,37948.1,37880.6,37915.8,37914.2,37925.7,37889.9,37862.6,37917.4,37951.2,37893.8,37902.9,37905.9,37907.2,37903.5,37879.5,37920.1,37916.7,37876.2,37893.4,37914.3,37905.3,37885.1,37884.1,37889.2,37877,37903.3,37903.5,37898.3,37922,37903.4,37887.7,37886.9,37931.3,37884.5,37876.3,37889.7,37922.5,37918.2,37902.9,37893.1,37876.1,37854.3,37861.6,37906.6,37887.2,37851.7,37879,37871.3,37889.6,37858.3,37908.3,37897.7,37901.4,37913.9,37884.9,37873.8,37880.7,37844.7,37875.4,37883.7,37890.1,37923.3,37871.8,37874.6,37876.4,37893.5,37893.3,37881.9,37857,37870.4,37829.6,37875.8,37739.8,37706.3,37729.4,37653.3,37700.4,37698.4,37714.3,37691.5,37693.2,37661.7,37656.8,37688.5,37674,37640.4,37655.8,37718.6,37787.1,37827.6,37841.9,37820.1,37833.2,37786.6,37782.2,37803.3,37849.3,37820.4,37864.5,37803.4,37819.7,37819.9,37840,37832,37847.5,37830.2,37873,37783.1,37812.7,37801,37829.7,37866.2,37802.2,37789.1,37829.6,37854.6,37809.6,37793.1,37820.3,37813.7,37821,37802.5,37784.2,37799.1,37803.5,37825.9,37807.9,37807,37730.8,37787.1,37798.4,37801.9
167,1327.03,1352.67
168,38916.7,38903.7,38888.4
169,31340.4,31293.3,31302.6,31326.2,31308.6,31305.6,31309,31335.4,31322,31369.2,31334,31326.4,31314.8,31321.5,31334.3,31287.4,31317.9,31316.5,31302.8,31281.6,31292.6,31295.5,31263.6,31304.6,31326,31298.9,31291.1,31254.9,31305,31298.2,31312.6,31303.2,31286.3,31235.7,31219,31307.5,31265.6
170,39601.7,39602.4,39578.2,39645.9,39631.9,39604.3,39575.2,39596.6,39584.2,39656.2,39574,39607.5,39609.5,39591.3,39584.5,39599.7,39600.8,39596.3,39602.8,39577.4,39564.5,39572.2,39589.6,39570.2,39602.5,39588,39594.5,39535.4,39568.3,39597,39574.2,39554.7,39558.3,39556.4,39555.3,39566.1,39538.1,39572.7,39529.8,39583.2,39551.5,39553.3,39555.9,39547.2,39565.9,39565.9,39548.9,39540.3,39528.1,39590.8,39544.4,39532.5,39527.7
171,13148.9,13142.1,13147.6,13101.8,13182.6,13135.6,13102.1,13116.2
172,12981.7,12943.7,12980,12995,12961.1,12970.6,12979.3,13049.4,12975,12920.7,13034.3,12959.8,12992.5,12969.8,12967,12974.2,12992.2,12895.9
173,26580.6,26541.4,26599.8
174,24898.5,24878.2,24850.8,24894.9,24950.9,24864.8,24888.1,24846.5,24914.2,24920.9,24920.2,24870.9,24919.4,24929.7,24898.4,24885.5,24884.5,24865.1,24863.8,24883.8,24851,24894.3,24875.8,24911.2,24867.7,24896.3,24934.8,24906.3,24881.8,24880.1,24888.4,24871,24855.7,24883.1,24889.3,24858.3,24894.6,24895.7,24914.4,24855.1,24887.2,24893.1,24883.9,24866.7,24891.3,24881.2,24882.4,24886,24877.6,24856.6,24902.1,24881.8,24865.7,24895.7,24879.3,24921.2,24880.4,24888.4,24881,24890.8,24904.1,24904.1,24893.6,24875.6,24851.7,24876.3,24921.1,24897.5,24899.1,24890.1,24865.6,24858.5,24869.6,24872.4,24863.7,24883.4,24865.1,24887.5,24889.7,24875.2,24895.7,24878.8,24864.4,24853.3,24862.3,24879.8,24903.6,24875.8,24880.4,24868.1,24890.7,24864.8,24884.9,24899.1,24874.3,24881.9,24873.5
175,33215.4,33227.9,33191.9,33166.1,33179.4,33176.3,33196,33183.7,33181.4,33158.2,33179.4,33109.5,33118.3
176,39754.2,39744.5,39720.8
177,36350.4,36318.9,36310.3,36340.7,36313.8,36287.5,36318.9,36293.5,36316.1,36276.6,36268,36294.8,36295.7,36298.1,36278.4,36262
178,26666,26679.3,26675.6,26678,26676.1
179,11107,11111.5,11138.4,11135.2,11205.6,11154.8,11105.9,11079.2,11095.6,11125.5,11080.2,11092.9
180,12491.8,12519.7,12507.9,12553.2,12493
181,37896.8,37944.8,37931.1,37882.3,37917.6,37884,37892.6,37933,37948.9,37877.7,37896.4,37900.5,37887.7,37899.9,37879,37943,37934.7,37917.6,37922.1,37876.9,37915.7,37883.9,37869.9,37861.7,37874.1,37933.9,37899.4,37921.4,37906.2,37833.2,37914,37888.4,37882.6,37925.2,37904.8,37886.9,37893.1,37922.9,37911.4,37904.2,37813.5
182,14445.6,14430.6,14392.1,14360.6,14470.2,14456,14395.8,14437.2,14452.8,14427.6,14426.5,14387.6,14393.8,14363.1,14363.1,14436,14430,14406.8,14426,14339.8,14369.5,14383.5,14307.7,14376.7,14333.7,14368.6,14353.7,14357.7,14330.1,14393,14393.9,14401.9,14378.8,14323.5,14348.2,14377.5,14326.2,14313.2,14375.6,14349.3,14311.6,14390.4,14420.2,14332.9,14363.7,14342.5,14322.9,14406,14376.5,14388.8,14315.7
183,9102.1,9104.53,9080.29,9090.42,9100.69,9071.36,9072.42,9085.03,9075.91,9041.07,9040.74,9018.74,9052.29,9076.37,9077.14,8992.89,9031.3,9055.49,9047.56,9048.92,9045.05,9046.56,9024.75,9032.63,9025.4,9043.83,9034.18,9016.93,9047.36,9068.1,9019.06,9024.32,9013.06,9024.6,9013.38,9016.17
184,27012.3,27014,27031,27034.2,27017.7,27053,26997.1,26989.6
185,22653,22682.8,22641.6,22658.7,22716.4,22567,22620.2,22635.9,22658.4,22589.4,22577.4,22564.6,22532.7,22577.7,22593.3,22603.2,22537.6
186,8951.14,8949.77,8970.29,8930.41,8912.35,8940.89,8930.16,8932.71
187,20348.7,20387,20377.6,20388.6,20394.5,20398.2,20370.1,20373.7,20390.8,20430.6,20408,20342.8,20394.7,20382.4,20412.7,20387.3,20367.5,20379.1,20368.3,20404.1,20407.7,20368.3,20388,20395.5,20417.9,20367.5,20401.1,20371.4,20393.3,20380.6,20369.2,20363.4,20382.6,20343.9,20347.5,20343.2,20358.9,20389,20331.5
188,24406.6,24390.9,24441.4,24404.7,24395.9,24365.3,24381.4,24426.2,24403.6,24389.2,24360.1,24398.7,24361.3,24355.5,24410.5,24372.6,24343.3,24380,24336.3,24342,24332.2,24364.9,24387.5,24381.5,24354.1,24364.6,24350.8,24362.8,24355.4,24313.8,24382.4,24360.5,24354.5,24347.2,24334.4,24377.5,24361.4
189,17303.1,17339.6,17351.1,17338.3,17356.2,17329.4,17320.8,17357.6,17286.1,17277.9,17275.7,17254.7,17325.3,17280.2,17295.4,17317.9,17298.5,17312.7,17294.8,17294.1,17313.3,17310,17291.1,17301.2,17292.6
190,18814.9,18790.5,18791.1,18753.5,18718.8,18778.9,18785.1,18766,18742.6,18752.3,18723.7,18733.7,18762.7,18758.4,18686.2,18718.9,18736.7,18702.7,18722.7,18677,18697.8,18686.4,18675.8,18666.1,18726.5,18682.3,18632.2,18666,18668.1,18663.4,18691.5,18657.3,18654,18676.2,18636.9,18666.2,18654.1,18673.7,18642.2,18642,18649.4,18678.8,18635.4,18691.5
191,17557.8,17547.2,17556.6,17541.6,17491.8,17527.5,17550,17527.5,17559.1,17534.1,17516.5,17493.6,17499.2,17530.7,17520.5,17566.1,17509.6,17497.7,17539.1
192,20968.7,20968.3,21049,21017.9,20980.4,21002.8,20985.3,20983,20955.7,20949.3,20961.8,20988.2,20987.9,20967.2,20972.6,20980.2,20988.4,20937.5,20976.1,20936.5,20938.7,20979.4,20965.8,20967.1,20970.2,20963.3
193,12566.8,12535,12569.9,12506.2,12490.7,12503.2,12511.3,12526.4,12514.3,12529.6,12506.2,12483.7,12520.9,12435.8,12413,12467.2,12513.6,12439.8,12451.2,12499.1,12472.5,12426.1,12482,12474.5,12414.7,12491.8,12455.5,12467.4,12486.6,12464.5,12425.2,12447,12435.1,12497.5,12460.6,12464.7,12474,12475.5,12472.9,12377.7,12404.2,12486.5,12459.1,12457.4,12483.7,12438.3,12420.5,12490.1,12413.5,12402.5,12434.5,12410.6,12434.5,12481.9,12446.7,12453.6,12458.1,12427.5,12454.8,12453.4,12424.3,12449.2,12436.7,12419.1,12466.4,12470.2,12442.8,12462.1,12470,12406.1,12433,12406.3,12407.8,12506.3,12444.3,12425.9,12399.1,12450.2,12407.6,12475.8,12420.3,12391.9,12448.1,12420.5,12397,12420.9,12428.1,12405.2,12462.9,12426.9,12505.6,12396.2,12420.9,12426.2,12447.8,12432.9,12428.5,12461,12397.7,12389.8,12414.8,12417.6,12459.1,12427.6,12420.5,12483.7,12396.2,12430.6,12429.8,12415.5,12468.9,12423.8,12457.3,12417.9,12382.3,12405.6,12370.4,12430.4,12459.7,12439.4,12461.6,12434.9,12468,12477.9,12449.3,12432.3,12455.1,12476.8,12448.5,12349.3,12441.7,12417.3,12422.4,12428.9,12442.6,12394.7,12403.1,12394.7,12447.4,12430.4,12426.6,12399.7,12429.3,12456.6,12433.2,12458,12420.1,12410.7,12455.4,12455.8,12441.6,12410.4,12452,12431.5,12436.4,12462.2,12414.6,12408.8,12413.4,12436.9,12426.1,12466.3,12431.5,12369.8,12387.7,12505.9,12372.9,12373.1,12432.6,12451.4,12447.7,12457.8,12450.3,12432.7,12385.2,12439.1,12425.2,12457.6,12439.4,12407.8,12432.5,12434.5,12468.1,12409.9,12439.6,12411.2,12442.3,12435.1,12428.6,12416.7,12444.5,12432.4,12404.8,12433.5,12436.8,12448.3,12427.8,12359.1,12425,12405,12452.6,12398,12416.3,12426,12436.9,12382.3,12432.7,12428.9,12399.4,12434.8,12376,12395.4,12487.7,12452.9,12417.8,12397.2,12449.7,12457.6,12429.8,12434.4,12392.8,12410.1,12448.4,12418.2,12437.9,12425.3,12410.3,12430.2,12430.7,12427.6,12392,12423.3
194,17557.6,17538.3,17592.7,17627.6,17604.9,17592.8,17623.9,17610.2,17581.5,17589.7,17596.7,17527.4,17566.6,17561.2,17556.2,17552.5,17588.7,17545.5,17575.3,17566.2,17588.4,17579.5
195,21328.8,21366.3,21398.8,21416.3,21387.6,21396.3
196,22986.3,23003,23008.2
197,24883.6,24863.7,24861.7,24922.8,24897.2,24881.2,24890.9,24896.2,24894.4,24904.9,24899.5,24926.5,24939,24894,24891.3,24871.2,24916.5,24886.2,24892.5,24887.6,24927.7,24851.5,24892.8,24889.4,24872.4,24894,24895.8,24877.9,24900,24897.5,24868.3,24885.3,24896,24894.3,24911.4,24862.7,24892.6,24864.9,24878.8,24839.9,24856.6,24860.9,24859.6,24856.3,24838.4,24839.4,24882.3,24836.6,24861.4,24858.1,24855.8,24841.5,24839,24820.2,24788
198,2051.46,1969.47,2036.96,1989.7,1929.8
199,14002.3,14007.1,13984,13946.9,13941.2,13947.7,13967.2,13941,13988.5,13998.9,13955.1,13972,13931.5,13955.9,13936.3,13934.5,13949.5,13963.2,13978.6,13967.6,13943
200,28285.6,28353.8,28276.5,28294.4,28254.7,28302.4,28318.2,28286,28307.2,28313.2,28257.5,28264.6,28326.3,28277,28272.8,28298.4,28291.6,28307.3,28268,28281.1,28255.8,28326.1,28338.4,28297,28295.1,28327.3,28274,28282.1,28271,28294.6,28323.8,28333,28305.4,28302.1,28303.9,28315.8,28341.4,28281.5,28272.1,28240.2,28310.3,28293.8,28270.8,28248.1,28297.2,28298.2,28254.2,28232.8,28296.7,28302,28280,28321.4,28243,28265.9,28271.6,28276.8,28300.7,28274.3,28321.1,28207.2,28330.4,28288.5,28309.7,28290.6,28266.8,28272.3,28250.9,28304.8,28293.4,28296.6,28246.4,28318.9,28298.7,28275.2,28223.3,28350.6,28245.6,28231.3,28252.1,28287.7,28282.3,28210.5,28251.9,28216,28201,28260.8,28231.2,28283.3,28221.1,28246.3,28180.1,28274.1,28254.2,28234.9,28255.2,28182.9,28227.8,28217.2,28197.3,28269.1,28214.9,28183.1,28215.8,28175.8,28141.2
201,39692.9,39657.7,39632.5,39652.5,39640.6,39630.9,39637.5,39671.3,39652.8,39646.3,39633.9,39658.4,39693.3,39646.7,39618.8,39631.7,39619.6,39661,39600.7,39592.4,39666.3,39623.3,39592.2,39591.9,39579.6,39611.5,39609,39606.6,39628.6,39599,39582.9,39606.4,39625.8,39567.8,39612,39569.2,39548.4,39546.6,39595.1,39582.1,39575.4,39581.3,39589.2,39569.8,39539.8,39552.6,39551.7,39556.5,39540
202,15823.3,15699.8,15699.3,15685.3,15723.5,15686.3,15762,15722,15708.4,15706.4,15703.8
203,23910.6,23850.4,23869.8,23865.6,23896,23911.9,23941.4,23864.9,23895.5,23867.7,23884.2,23831.9,23852.6
204,24308.8,24334.7,24343.8,24316.5,24334.2,24323.4,24301.3,24287.1,24302.8,24296,24342.1,24324.8,24308.7,24337.7,24303.6,24340.5,24363.3,24310.2,24290.7,24230.6,24258.7,24307.9,24280.7,24268.7,24251.3,24285.9,24272.1,24300.8,24288.1,24301.3,24361.6,24298.6,24291.2,24210.1,24243.3,24257.1,24243.5,24292.6,24304.4,24270.8,24291.4,24208.3,24299.4,24311.4,24288.7,24228.7,24257.3,24270.5,24229,24247.8,24303.1,24288.6,24252.3,24281.2,24232.4,24297.6,24278.8,24264.7,24244,24222.3,24239.3,24274.1,24241,24283.5,24326.6,24245.7,24266.6,24271.8,24226.9,24216.7,24269
205,5878.12
206,18284.1,18304.4,18250,18271.2,18257.1,18237.4,18234.6,18277.8,18228,18227.3,18229.7,18278.7
207,39434.3,39396.2,39352.9,39333.3
208,24646,24603.3,24620.9,24584.5,24629.1,24627.9,24619.7,24637.2,24608.6,24600.1,24601.6,24621.9,24566,24629.4,24664.2,24585.7,24608.4,24637,24566.3,24613.2,24641.4,24618,24580.2,24556.9,24647.9,24550.4,24593.3,24593.4,24570.1
209,8725.06,8728.5,8694.41,8691.24,8683.22,8704.94,8670.36,8684.68,8703.43,8703.51,8692.27,8679.42,8675.46,8703.8,8698.81,8723.55,8682.41,8695.57,8711.23,8707.56,8721.46,8718.78,8729.95,8674.5,8667.23,8742.59,8717.16,8664.33,8684.24,8661.58,8655.28,8676.72,8659.93,8714.72,8610.41,8675.72,8688.21,8660.96,8681.81,8658.7,8660.8,8686.78,8688.91,8690.54,8643.06,8676.9,8702.71,8669.69,8636.94,8667.83,8668.14,8662.16,8662.83,8692.75,8646.65,8555.58,8583.69
210,3307,3296.33,3341.85,3304.22,3376.72,3279.62,3408.46,3318.57,3317.12,3362.59,3326.11,3323.95,3355.75,3362.05,3332.34,3288.87,3271.05,3220.49,3252.64
211,4059.72,4024.48,4053.44,4059.67,4059.64,4061.02,4064.88
212,39663.1,39680.6,39624.9,39646.5,39615.9,39632.7,39615.4,39613.9,39685.5,39669.1,39638.6,39637.2,39616.2,39646.3,39663.9,39667.5,39669.2,39642,39613.1,39675.3,39599.3,39629.3,39629.3,39609.5,39646.1,39642.5,39641,39604.4,39636.5,39624,39601.3,39621.5,39600.8,39631.5,39643,39594.5,39622,39616.5,39617.3,39624.7,39577.6,39609.5,39629.2,39630.5,39661.4,39623.3,39616.3,39632.9,39602.5,39633.5,39627.7,39586.4,39630.8,39585.1,39652.2,39592.7,39640.9,39632.1,39622,39629.1,39623.2,39639.6,39579.3,39620.5,39599,39590.5,39562.4,39623.9,39646.1,39587.6,39572.7,39626,39565.5
213,18059.3,18089.2,18088.8,18115.2,18082.1,18075.8,18124.7,18043.2,18054.7,18075.7,18133.3,18148.8,18034.1,18077.2,18024.1,18035.4,18098.5,18048.8,18104.1,18106.9,18109.9,18061.3
214,17774.4,17759
215,34228.4,34251.6,34224.1,34222.6,34227.4,34203.2,34226.1,34264.3,34251.2,34219,34206.1,34249.7,34254.3,34211.6,34223.4,34217.7,34247.9,34291.8,34218.6,34227.6,34264.2,34256.5,34270.3,34236.1
216,39467.7
217,24263.9,24225.7,24229.1,24248.7
218,32486.8,32484.4,32500.8,32493,32466.2,32449.9,32441.5,32454.5,32413.8,32466.2,32458,32450.5,32414.7,32464.4,32420.2,32438.7,32450.5,32464.6,32460.9,32421.8,32417.9,32414.2,32406.7,32418.2,32408.5,32405,32412.4,32426.1,32407.5,32398.9,32423.5,32410.5,32420.8,32421.2
219,11133.2
220,14180.3
221,29956.7,29970.6,29954.3,29954.2,29988,29974.7,29916,29974.5,29969,29955.9,29947.3
222,1166.54,1172.18,1160.36,1210.88,1104.34,1177.49,1115.35,1148.73,1121.37,1122.36,1095.67,1125.52
223,20596.2,20648.9,20612,20592.4,20630,20621.5,20628.1,20617.3,20616.6,20590.6,20606.9,20577,20599.8,20585.1,20609.1,20595.4,20575.7,20580.7,20613.2,20575,20564.1,20537.9,20570.4,20554.5,20588.7,20550.9,20632.7,20569.3,20550.8,20520.3,20551.7,20570.2,20543.7,20623.4,20515.5,20556.2,20568.5,20577.4,20586.7,20563.2,20556.1,20514.4,20529.2,20558.7,20564.1,20537.5,20552.6,20488,20544.2,20533.7,20526.6,20543.9,20525.9,20551.2,20519.2,20567.1,20516.7,20526.8,20556,20470.2,20512.1,20556.3,20559,20513.1,20518.6,20546.6,20539
224,38044.7,38071.2,38038.7,38114.9,38061.2,38083.8,37987.3,38075.9,38084,38082.6,38021.4,38083.5,38071.1,38046.4,38074.8,38093,38057.8,38030.8,38045.9,38076.7,38074.6,38054.4,38079.2,38007.9,38013.9,38056.3,38070.4,38034.6,38026.6,38027.6,38018.1,38034.8,38015.7,38020.4,38014,38066.4,38023.5,38033.4,38053,38022.6,38015.5,38018.9,38035,38009.8,37998.8,38029.1,38033,38033.4,38001,38055.5,38027.2,38030.6,38050.9,38031,38022.9,38018.3,38005.6,37968.4,38030.6,38006.4,37984.3,38001.9,37993.6,38000.9,38018.7,37966,38019.1,37984.8,37991.8,38029.9,38023.3,38021.9,37965,38023.7
225,22604.9,22638.4,22627.5,22609.6,22623.2,22598.4,22613.6,22606,22652.6,22562.5,22634.1,22607.6,22606,22605,22631.3,22583.3,22580.1,22571,22564.3,22600.7,22605.1,22627.5,22599.1,22574.8,22602.8,22547.6,22600.6,22593.7,22623.3,22590.7,22614.1,22580.9,22559,22567.1,22605.6,22562.7,22608.5,22568.4,22581,22580.8,22554.1,22598.6,22571.1,22592.5
226,20220.7,20217.1,20250.6,20209.4,20248,20229.3
227,34552.3,34522.5,34582.3,34556.4,34582.3,34560.2,34589.3,34599.4,34629.6
228,39908.7
229,5440.7,5408.05,5386.55,5431.68,5411.08,5347.86
230,16133.2,16149.4,16190.3,16198,16131,16181
231,17179.1,17052.2,17008.9,17045.8,16973.6,16972.6,16993.6,16998.5
232,8819.17
233,9906.53
234,5650.5
235,39067.4,39099,39033.2,39020,39017.8
236,23355.7,23310.1,23303.5,23292.4,23307.3,23312,23333.7,23322.5,23334.2,23297.5,23310,23316.7,23299.9,23312,23300.5,23325.7,23289.9,23331
237,38960.5
238,34507.9,34488.4,34541.2,34508.9,34498.3,34526.2,34479.3,34519.9,34489.5,34481.5,34499.3,34496.3,34483.5,34466.3,34510.2
239,15678.2,15663
240,31161.9,31134.9,31161.3,31154.8
241,22700.8,22619.5,22639.9,22634.2,22641.1,22630.5,22607.9,22616.5,22628.3,22586.1,22578.4,22605.5,22607.6,22615.4,22618,22605.9,22607.4,22615.6,22600.6,22611.2,22620.8,22597.9,22596.8,22603.7,22601.1,22600,22570.6,22605.1,22590.8,22640.9,22575.5,22611.8,22577,22610.1
242,38381.3,38384.8
243,12159.5,12172.8,12152.3,12133.8,12178.2,12175.3,12145.7,12146.3
244,7982.47,7984.21,7952.93,8012.36,7973.74
245,11710.2,11690.4,11689.3,11732.4,11703.3,11703.3,11670.6,11643.4
246,24388.8,24380,24302.6,24383.4,24381.2,24343.3,24352.3,24351.5,24349.5,24364.6,24345
247,6549.89,6572.6,6575.35
248,17983.6
249,28686.3,28638.9,28655.8,28636,28579.1,28619,28629.7,28664.7,28652.6,28637.6,28636.9,28628.4,28631.6,28640.6
250,32896.3,32855.9,32850,32884.8,32916.9,32893.5,32865.3,32816.6,32880.1,32859.1,32846.7,32835.3,32853.8,32834.3,32844.3
251,14455.3,14431.3,14484.7,14396.2,14455.2,14495.1,14457.7,14443.5,14430,14428.8,14448.2,14431.2,14443.5,14486.1,14457.7,14434,14475.9,14421,14449.5,14441.9,14427,14408.1,14396.4,14368.7,14383.9,14392.3,14356.8,14375.5,14336.2,14347.1,14338.3,14356.2,14336.9,14339.8,14338,14351.7,14331.2,14366.6,14339.6,14351.1,14372.3,14309.7,14320.7,14359.2
252,36967.1,36975.2,36960.6,36977,36910.8,36921.9,36928.9,36909.8,36904,36924.9,36893.7,36965.9,36898.9,36952.7,36943.9,36921.9,36919.7,36959.7,36931.9,36902.5,36957.7,36936.4,36951.7,36958.6,36919.7,36859.6,36880.2,36955.3,36929.1,36877.5,36944.9,36871.7,36909.2,36931.4,36943.9,36805.5,36840.5,36850.3,36851,36866.4,36905,36878.6,36856.4,36919.7,36849.4,36836.7,36839.7
253,31172.9,31198.8,31222,31177.2,31223.5,31199.5,31174,31188.2,31211.8,31198.2,31184.1,31124.6,31154.1,31203.1,31158.6,31131.8,31152.6,31100.5,31132.4,31171.1,31146.9,31056.2,31162.1,31118,31092.3,31112.2,31077.1,31132.4,31110.8,31099.7,31092.5,31122.9,31059.3,31136.1,31129.7,31106.9,31132.9,31117.3,31155.1,31061.5,31106.9,31159.8,31131.3,31133.7,31144.4,31165.6,31120.5,31106.1,31094.7,31090.7,31134.4,31155.5,31046.4,31110.3,31102.1,31104.3,31148.3,31090.3,31081.8,31140.1,31138.1,31077.6,31193.6,31131.5,31167.9,31119.8,31133.8,31069.6,31100.8,31114.8,31144.1,31141.8,31066.9,31149.4,31116.7,31076.9,31090.5,31116.2,31155.5,31098.4,31132.3,31115.6,31135.4,31101.6,31158.5,31105.1,31078,31123.4,31099.4,31074.1,31069.2,31105.1,31142.3,31155.8,31051.8,31101.6,31080.9,31133.9,31098.7,31098.6,31107.8,31067.8,31089.2,31044.9,31118,31096.6,31148.2,31080.8,31130.2,31100.3,31060.2,31105.9,31082.7,31106.3,31112.9,31058.7,31133,31088.1,31096.9,31082.9,31052.3,31076.9,31049.4,31056.7,31105.5,31035.5,31109,31038.1
254,26797.5,26882.6,26885,26924.9
255,18793.6,18742.4
256,23089.3,23075.2,23086,23081.3,23039.7,23052,23036.7,23024.7,23007.2,23022.4,23051.6,23035.5,23033.3,22978.6,22991.6,23025.8,23048.7,22979.4,22986.7,23029.9,22977.9,23013.4,22995.3,23021.3,23001.9,23011.2,23007.5,22980,22987.4,22989.9,23018.9,22973.2,22987.3,23010.1,22973.7,23012.7,23005.8,23008.5,22982,23007.7,23007,22985,23007.5,23046.5,23003.6,23008.2
257,1379.01,1295.27
258,39050.6,39039.1,39082.6
259,7806.91,7847.24,7851.06,7858.73,7819.41,7806.82
260,21083.6,21045.1,21042.3
261,37740.7,37771.9,37791.1,37742.7,37764,37784.1,37739.2,37764.4,37738,37751.7,37785.8,37772,37754.3,37759,37762,37776.4,37776.7,37765.3,37758.6,37770.7,37732.8,37732.4,37731.4,37747.3,37732.7,37740.2,37708.9,37716.7,37733.2,37734.6,37734.9,37758,37771.6,37738.9,37689.4,37712.2,37687.2,37714.6,37738.7,37712.6,37661.4,37705.6,37722.6,37723.1
262,9504.3,9440.76
263,36265.2,36263.5,36255.2,36248,36272.6,36228.2,36223.7,36244.7,36261.9,36220.7,36242.2,36253,36233,36234.8,36254.9,36247.1,36223,36227.9,36237.2,36241.2,36238.8,36213.1,36235.8
264,22959.6
265,18663.2,18701.7,18714.8,18702.8,18681.1,18695.7,18706,18709.6,18689,18744.9,18683.4,18656.6,18690.3,18653.3,18687.8,18660.9,18657,18665,18674,18658.8,18642.8,18688.1,18679,18664.6,18668.4,18688.4,18660.3,18650.6,18703.4,18666.3,18644.4,18651.8,18658.7,18680.3,18648.6,18695.6,18642.8,18683,18666.9,18685.9,18673.5,18655.1,18617.9,18659.6,18623.8,18650.5
266,36770.3
267,35661.9,35688.1,35657,35681.8
268,7125.23,7129.3,7076.29,7052.63
269,35362
270,36224.3,36257.8,36221.4,36251.7,36207,36245.9
271,16639.2,16689.3
272,1619.41,1581.68,1587.06,1448.25,1485.99,1466.93,1473.16,1496.03,1457.03,1429.15,1456.55,1424.56,1463.54,1441.43,1407.52,1482.01
273,11283.4
274,37672.4,37686.1,37714.1,37709.4,37719,37709.3,37738.4,37654.3
275,10409.3
276,37846.2,37884.4,37842.2,37861.9,37883.6,37878.5,37837.3
277,4334.8
278,7501.14,7417.3,7381.25,7465.71,7492.47,7496.93,7441.94,7421.52,7404.37,7433.24
279,32788.6
280,27324
281,22206.7,22182.1,22209.2,22181.3,22175,22098.8,22048,22153.1,22098.9,22074.4,22098.4,22180.8,22116.5,22141.3,22163.4,22094.8,22126,22127.7,22130.3,22120.7,22149.8,22131.4,22134.4,22100.2,22125.5,22143.8,22149.8,22118.1,22141,22156.4,22102.7,22136.7,22131,22152.2,22140.1,22147,22108.5,22124.5,22127.2,22094.1,22124,22164.1,22141.4,22097.9,22147.9,22135,22133.2,22105.5,22150.5,22115.9,22132.4,22147.4,22120.6,22105.3,22156.9,22119.3,22103.2,22087.7,22141.6,22135.7,22125.8,22136.5,22143.3,22136.8,22125.7,22150.7,22160.3,22130.8,22153.3,22147.5,22129.2,22134.4
282,28136.7,28134.2
283,20198.8,20186.6,20199.1,20173.4,20175.3,20232.1,20186.7,20173,20175.6,20202.7,20204.8,20245.1,20166.3,20177.8,20156.6,20167.8,20205.3,20133.4,20190.2,20188.4,20169.4,20188.9,20166.7
284,13926.2
285,39025.7
286,17943.5,17960.8,17967.5,17938.8,17932.3,17940,17936.6,17950.1,17943,17955.3,17949.9,17939.7,17924.2,17993.6,17941.3,17952,17913,17906.2,17949.5,17978.5,17922,17938.1,17960.7,17958.5,17959.2,17954.4,17965.7,17903.9,17920.8,17926.3,17918,17959,17983.3,17958.7,17946.2,17941.6,17901.1,17916,18001.2,17950.4,17920.2,17911,17947.7,17931,17972.1,17919.5,17936.4,17962.3,17929.9,17936.3,17910.8,17947.1,17921,17943.9,17967
287,17582.9
288,5569.37,5561.43,5504.99
289,5724.19,5707.58,5750.21,5700.02,5681.06,5713.27,5723.69,5684.18,5711.85,5694.65,5663.35,5726.8,5684.76,5683.86,5736.95,5723.97,5697.06,5700.02,5723.37,5729.47,5748.5,5691.96,5691.29,5659.18,5711.89,5699.72,5730.68,5736.03,5712.52,5726.39,5705.23,5680.94,5696.14,5671.96,5695.9,5663.38,5720.29
290,37080.3,37007.1,37065.4,37021.5,37074.6,37075.8,37049.5,37047.5,37054,37076.1,37079.7,37019.4,37055.6,37052.1,37099.4,37016.3,37021.2,37063.2
291,31995.5,32062.5,32006.5,31994.4
292,31461.4,31482.1,31492.1,31465.5,31456.8,31474.9,31484.8,31502.6,31509.6,31421.9,31441.2,31451.3,31465.5,31440.7,31429.9,31474.8
293,7633.01,7628.68,7630.88,7625.11,7598.86,7632.27,7618.34,7635.22,7627.9,7596.07,7610.28,7610.31,7601.16,7597.77,7546.54,7563.16,7570.77,7577.91,7579.15,7605.12,7565.36,7606.28,7591.17,7578.72,7580.81,7564.71,7638.9,7604.03,7586.68
294,27012.4,27000.7,26981.8,27001.4
295,12068.2,12063.7,12026.3,12054.6,12052.6,12020.5,12044.4,12020.1
296,8364.83,8432.88,8402.32,8441.23,8400.24,8409.19,8388.21,8432.44
297,18242.6,18234.6,18238.2,18206.7,18274.8,18237.5,18230.3,18201.8,18207.2,18189.4,18209.6,18175.7,18200.2,18179.6,18167,18184.3,18189.5,18198.3,18223.3,18168.1,18230.1,18196.7,18156.4,18176.2,18218.1,18193.8,18197.5,18180.8,18184.3,18150.5,18228
298,10947.6,10967.2,10983.4,10980.4,10941,10944.9,10948.4,10930.8,10966.8,10883.7,10914.3
299,3887.05,3871.74,3839.91,3885.01,3855.79,3821.41
300,16992.9
301,29132.1
302,28068,28174.3
303,6254.19,6235.52,6221.6,6250.27,6245.97,6238.19,6230.5,6242.22,6234.27,6254.5,6238.84,6204.13,6262.14,6247.48,6233.32,6225.18,6255.67,6239.27,6237.19,6218.97,6279.3,6236.65,6222.79,6204.56,6222.24,6241.95,6211.44,6244.32,6241.91,6220.63
304,39076.9,39069.1,39032,39108.7,39120.8,39088.2,39087,39082.4,39037.1,39068.3,39095.6,39059,39100.7,39073.1,39084.7,39067.2,39076.8,39078.2,39043,39083.9,39037.4,39070.9,39060.5,39111.1,39100.5,39069.9,39053.9,39060.4,39072,39054.9,39026.7,39056.9,39024,39115.1,39025.9,39101.7,39079,39047.3,39054,39056.2,39058.3,39052.9,39060.1,39051.3,39058.5,39061.7,39017.1,39070.7
305,8569.9
306,17404.8,17340.3,17401.7,17388.1,17356.3,17369.1,17354.3,17335.7,17398.4,17385.5,17328.4,17282.7,17320.2,17343.4,17403.1,17309.5
307,19154.4,19171.9,19127.3,19158.1,19157.9,19115.3,19147.5,19149.9,19067.8,19113.9,19098,19129.3,19085.5
308,8447.8,8403.56,8416.82,8414.82,8414.06,8419.86,8429.34,8444.9,8409.31,8414.97,8391.21,8428.32,8447.42,8372.95,8399.46,8342.42,8381.78,8402.67,8466.14,8371.15,8386.42,8353.53,8372.32,8394.97,8374.71,8354.87
309,25253.3,25341.1,25336.3,25304.5,25323.6,25309.9,25290,25287.1,25308.1,25315.2,25304.3
310,20545.4,20526.7,20560.7,20531.3,20522.4,20544.4,20520.1,20528.8,20525.8,20599.2,20534.8,20557.4,20517.2,20518.1,20538.5,20510.1,20546.4,20589.8,20498.7,20516.8
311,8551.37,8569.85,8565.15,8548.46,8536.3,8518.87,8593.37,8507.21,8517.88,8537.38,8535.4,8528.25,8509.76,8575.66,8572.92,8506.56,8579.06,8541.5,8548.62,8486.36,8528.74,8564.22,8484.79,8520.06
312,1274.9,1220.83
313,20061.7,20038.3,20087,20065.1,20057,20039.6,19987.3,20045.3,20035,20046.1,20000.2,20039.7,19997,19953.9
314,22554.1,22566.5,22563.9,22503.6,22501.1,22546.9,22522.2,22568.6
315,17161.4,17158.7,17169.2,17135.2,17122.3,17135.1,17146.8,17053,17085.3,17147.9,17092.7,17163,17170.1,17170.5,17084.7,17141.6,17122.7,17092.1,17080.3
316,2318.03,2277.39,2196.51,2243.35,2189.36,2212.15,2239.08,2209.35,2288.45,2211.17,2217.63,2241.07,2218.46,2243.86,2205.93,2238.69,2252.29,2220.78,2225.75,2235.2,2218.4,2196.04
317,10678.6,10672.2,10809.6,10820.5,10835.8,10752.6,10703,10704.2,10658.6,10663.6,10692.2,10681.1,10719.5,10666.8,10674.2
318,39990.9,39973.7,39994.4,39927.2,39938.8,40022.8,39961.7,39990.3,39956.9,39986.6,39967.7,39948.8,39974.8,39993.8,39967.5,39960.4,40014,39980.5
319,7349.63
320,10047.6
321,16451.1,16480.2,16448.3,16505.4,16460.1
322,22801,22797.6,22830.9,22823.4,22801.7,22796.3,22795.8,22802.7,22810.7,22795.8,22825,22830.3,22815.1,22844.5,22783.2,22770.4,22768.9,22794.4,22799.9,22784.1,22792.1,22795.3,22790.4,22791.7,22801.3,22801.2,22795.2,22801.3,22788,22778.3,22785,22761.9,22823.5,22815.9,22783.7,22762.1,22775.2,22778.7,22766.7,22785.4,22767.2,22764.3,22815.8,22785.8,22786.8,22756.1,22766.5,22762.8,22768.5,22741.9,22719,22759.3,22762.1,22765.4,22739.5,22745.6,22747.3,22731.4,22785.1
323,18535.3,18600.4,18563.6
324,22654.5
325,8267.92,8316.43,8332.42,8294.93,8327.8,8288.2,8344.84,8301.62,8306.55,8287.63,8293.77,8302.45,8269.44,8253.28,8308.49,8283.81,8302.73,8281.3,8299.03,8294.55,8290.87,8324.36,8337.35,8282.67,8289.44,8275.44,8287.19,8361.37,8308.88,8332.37,8305.1,8278.39,8286.34,8291.94,8202.67,8246.9,8307.41,8290.57,8265.87,8297.9,8259.69,8300.73,8299.35,8310.01,8340.02,8274.09,8290.95,8287.18,8283.51,8300.97,8261.51,8316.53,8358.27,8286.08,8305.01,8290.11,8287.65,8285.58,8316.03,8279.04,8277.42,8293.77,8270.69,8322.96,8274.35,8303.84
326,22228.1
327,30891.5,30875.4,30952.8,30913.8,30892.4,30890,30875.4,30876.7,30920.6,30870.9,30912.8,30902.8,30847.4,30915,30894.3,30921.6,30913.6,30859.9,30896,30884.4,30906.6,30867.4,30857,30903.6,30882.3,30880.8,30877.6,30906.3,30877.2,30907.5,30904,30866.4,30873,30901,30891.9,30884.4,30936.8,30877.8,30894.3,30907.7,30856.5,30889.9,30885.4,30869.1,30908.6,30907.6,30901.6,30945.2,30890.2,30897.2,30904.2,30888.1,30862,30907,30885,30868.4,30929,30881.4,30852.3,30914.1,30876.7,30856.3,30894.1
328,26504.1
329,27745.1,27728.3,27719,27689.5,27729.1,27727.3,27712.7,27719.4,27709.1,27724.4,27728.3,27699.1,27724.9,27710.4,27752.7,27713.8,27670,27682.7,27667.4,27716.3,27696.6,27698.1
330,29231.2,29146.5,29304.5,29199.1,29189.6
331,22023.3
332,23365.9,23346,23318.7,23340.9,23340.7
333,496.867,498.525,496.962,490.172,479.548
334,28284.8,28267.5,28259.1,28253.8,28255.2,28234.4,28305.7,28232,28225.8,28304.1,28281.5,28203.7,28264.9,28295,28255.3,28282.6,28275,28209.8,28288.6,28264.2,28232.3,28276.4,28236.8,28282.6,28262.4,28270.3,28208.9,28280.1,28186.2,28272.5,28218,28219.7,28218.2,28270.3,28239.5,28224.6,28243.6,28257.2,28230.7,28237.5,28251.5,28214.2,28263.9,28208.3,28211.7,28240.7,28288.3,28228.2,28221.3,28226.4,28203.5,28233.4,28261.1,28239.8,28269.8,28205.5,28241.3,28274,28209.5,28239.5,28260.3
335,21134.4
336,37511.8
337,30983,30950.8,30928.4,30961.2,30943.6,30952.4,30961
338,36852.7
339,37620.1,37644.6,37634.4,37689.4,37612.7,37597.2,37601.8,37612.2,37689.2,37621.8,37658.3,37627.2,37617.1,37627.3,37612.5,37638.6
340,20803.4,20819.2,20856.9,20821.4,20861.2,20830.7,20822.8,20836,20798.1,20785.2,20840.4,20802.6,20815.2,20807.2,20845.2,20782.4,20796.5,20804.7,20782,20786.3
341,38956.5,38960.5
342,18366.2,18354.9,18352.6,18363,18374.8
343,1760.44,1731,1737.3,1750.27,1744.25,1748.8,1768.16,1756.57,1750.84,1717.27,1773.4,1785.21,1756.27,1758.96,1733.32
344,36452
345,37123,37130.8
346,30886.7,30837,30842.2,30874.7,30868.7,30851,30875.3,30850.5,30805.7,30895.2,30886.4,30885,30853.8,30879.1,30846.6,30876.7,30882,30862.3,30866.8,30857.2,30833.6,30903.9,30880.6,30861.8,30863,30869.8,30847.6,30889.6,30839,30859.2,30819.7,30852.3,30854.9,30845.9,30839.2,30855.8,30839.5,30846.4,30853.4,30828.9,30826,30836.2,30834.2,30838.1,30832.3,30843.8,30879.9,30880.4,30882.1,30842.3,30862.4,30879.4,30858.1,30853.4,30839.9,30851.8,30840.7,30871.4,30878.9,30859.5,30838.3,30858,30845.7,30845.2,30836.4,30847.2,30810.6,30820.3
347,4680.47,4649.84,4642.91,4657.13,4632.35,4629.85,4730.75,4675.53,4655.15,4654.63,4705.27,4655.26,4670.18,4630.43,4686.05,4771.91,4678.71,4653.07,4644.11,4614.83
348,2888.18,2890.11,2926.89
349,29222.8,29202.9,29189.5,29175.1,29218.5,29129.5,29138,29186.2,29197.4,29150,29165.5,29152.6,29133.6,29220.4,29155.5,29138.3,29180.8,29176.7,29166.5,29162.1,29172.9,29128,29164,29162.5
350,20845.2,20875,20848.3,20860.1,20846.4,20854.4,20880.8,20876.5,20864.7,20863.2,20879,20855,20876.4,20867.3,20828.8,20852,20848.9,20858.5,20870.2,20868.4,20858.1,20866.8,20848.3,20853.7,20885.7,20853.4,20904,20897.7,20856.2,20871.4,20887.5,20875.8,20879.5,20908.6,20833.6,20865.9,20846.1,20872.1,20863.9,20841.4,20871.9,20841.8,20839.2,20872,20840.9,20835,20884.1,20879.1,20829.2,20864.7,20832.9,20834.2,20863,20824.9,20879.5,20829.7,20864.9,20845.4,20863.7,20819.8,20835,20826.5,20844.8,20831,20838.5,20843.7,20829.6,20840.7,20881.5,20874.5,20851.4,20826.6,20806,20847.2,20860.7,20812.2,20884.3,20832.1,20836.1,20815.8,20856.3,20841.8,20792.2,20817.5,20821.3,20812.8,20875.1,20823.1,20850.1,20876.4,20851.8,20826.5,20816.3
351,4235.09,4194.07,4232.14,4191.14,4186.38,4192.02,4204.43,4266.66
352,24914.3,24793,24885.5,24880.2,24848.1,24864,24849.2
353,25567.2,25575.6,25607.4,25602,25563.6,25609.4,25574.4,25586.4,25603.6,25622.8,25583.3,25580.2,25559.8,25597.2,25599.3,25544.9,25641.5,25617,25594.5,25542.9,25604.2,25577.6,25587.1,25588.9,25560.4,25610.3,25586.5,25650.7,25563.3,25573.1,25601,25566.5,25560,25572.9,25565.3,25633.2,25564.2,25574.4,25594.4,25593.9,25573.3,25584.8,25560.8,25581.4,25563.8,25584.5,25546.5,25578.3,25592,25582.3,25594.8,25562,25553.1,25584.6,25578.9,25614.7,25560
354,30692.5,30744.6,30714.5,30734.6,30690.8,30741.8,30737.5,30724.3,30708.1,30728.6,30708.7,30735.3,30679.5,30693.2,30726.9,30750.7,30721.4,30740.2,30719.2,30681.4,30695.9,30735.2,30775.5,30711.3,30722.9,30725.1,30726,30733.2,30676.4,30715.3,30671.7,30710.3,30709.4,30729,30687.1,30706.2,30685.1,30712.9,30656.2,30692.8,30701.5,30665.1,30704.3,30726.2,30644.1,30678.8,30692.8,30693.1,30649.7,30738.1,30732.2,30676.8,30702.8,30671.9,30743.8,30699.3,30689.8,30746.4,30654.7,30680.2,30687.5,30711.4,30704.9
355,25199.2,25191.5,25185.1,25214.1,25200.8
356,6578.93,6631,6634.03,6633.25,6617.86,6624.34,6640.79,6624.22,6633.17,6652.89,6617.67,6591.35,6673.55,6635.59,6655.27,6606.09,6641.02,6621.98,6666.49,6636.41,6623.31,6595.46,6639.01,6633.35,6631.09,6640.57,6613.75
357,23981.2,23991.9,23963.1,24030.4,23992.4,23990.7,24005.2,23950.7
358,17907.4,17907.7,17904.2,17891.1,17902.4,17916.5,17886.3,17904.1,17862.3,17872.9,17922,17901.6,17911.7
359,22404.1,22445,22444.2,22421.6,22442,22422,22463.9,22454.4,22478.3,22453.5,22430.2,22421.4,22395.8,22421,22428.8,22385.4,22488.8,22448.2,22439.5,22414.8,22448.8,22470.4,22454.3,22446,22434.8,22451.4,22389.4,22422.1,22450.2,22440.2,22454,22473.7,22468.1,22436.5,22450.2,22423.7,22414.2,22429.3,22415,22445.7,22415.4,22428.8,22409.5,22396.9,22469.1,22507.3
360,12298.8
361,14614.1
362,30558.5,30555.3,30556.1,30554.9,30586.4,30564.4,30544.6,30553.1,30571.4,30547.8,30567.6,30582.4,30616.8,30499.3,30508.2,30573.3,30549.9,30529.7,30556.3,30554.3,30549.4,30596.5,30532.6,30545.3,30523.4
363,22810.4,22782.9,22763.8,22782.6,22785.5,22768.4,22787.4,22750.9,22786.4,22792.4,22793.9
364,33228.6,33173.9,33180.6,33168.8,33196.4,33159.3,33156.3,33197.4,33157.7,33201.6,33175.5,33212.6,33199.7,33159.9,33171.9,33175.1,33190.8,33191.4,33180.3,33159.5,33185.6,33195.4,33211.6,33173.4,33201.3
365,11267.9,11238.7,11280.9,11288.3,11194.2,11271.2,11276.6,11226.8,11256.3,11246.4,11258.2,11265.7,11290,11277.4,11222.7,11235.6,11266.4,11225.8,11222.5,11268.1,11224.3,11263.8,11216.3,11246.8,11237.3,11269.6,11244.7,11279.8,11232.3
366,30956.8
367,30882.4
368,26996.1
369,37105.3
370,28962.1,28940.5,28942.5,28941.1,28972.8,28923,28935.6,28908.6,28943,28921.9,28917.8,28925.1,28971.7,28918.6,28927,28977.1,28913.8,28900.1,28897,28899.9,28921.8,28924,28946.7,28905.3,28890.8,28966.3,28970.4,28915.1,28914.8,28980.3,28932.6,28924,28963.3,28928.6,28946.2,28922.2,28949.5,28942.2,28948.3,28931.6,28941.1,28970.9,28956.7,28899,28919.3,28924.8,28938,28966.1,28927.2,28916.9,28970.2,28904.3,28970.4,28887.5,28956.5,28946.6,28926,28926.1,28883.2,28926.1,28920.5,28949.2,28933.9,28901.7,28933,28904.6,28953,28937.2,28898.5,28919.6,28931.9,28876.2,28893.1,28874.9,28967,28909.6,28903.7,28879,28919.2,28908.2,28960.8,28920.2,28918.5,28915,28945.5,28942.2,28911.2,28930.1,28915.5,28918.5,28901.4,28941.2,28949.6,28889.1,28864.1,28965.2,28908.8,28917.9,28905,28892.1
371,727.265,654.482,750.979
372,28964.6,28952.8,28964.5,28958.8,28917.3,28989.5,28966.6,28973.7,28939.8,28971.7,28946.3,28959.1,28978.6,28971,28954.3,28928.9,28933,28952,28955.1,28986.2,28965.7,28983.3,28955.4,28952.1,28979.3,28942,28976.8,29018.2,28995.9,28966.4,28906.8,28942.2,28998.7,28926.6,28920.2,28940.9,28983.8,28905.6,28950.7,28978,28968.7,28964.8,28994.9,28958.8,28993.3,28987.6
373,11348,11322.1,11285.5,11324.2,11290.5,11265.6,11307,11308.4,11291.9,11308.7,11310.9,11319.9,11323.7,11298.6,11311.3,11325.4,11320.1,11326.1,11332.8,11296,11272,11275.4,11298.8,11270.3,11304.4,11312.6,11303.3,11278.9,11292.1,11278.2,11248.7,11313.2,11303.2,11313.3,11293.5,11285.9,11314.3,11283.1,11285.6,11281.6,11301.8,11295.5,11298.5,11262.9,11270.4,11311.3,11289.9,11292.7,11257.4,11314.2,11288.2,11284.5,11304.3,11332.6,11260.4,11315.8,11280.3,11293.5,11305.3,11319.4,11298,11312.6,11320.1,11285.8,11285.8,11298.2,11322.6,11303.5,11312.6,11337.9,11287.2,11288.7,11299.1,11293.6,11274.9,11278.8,11297.9,11274.6,11310.3,11266.2,11301.1,11312.5,11281.8,11301.1,11278.8,11297.9,11294.6,11318.5,11286.3,11275.5,11290.3,11293.7,11329.1,11288.4,11304.9,11327.8
374,23553.4,23536.6,23555.2,23519.8,23568.6,23583.7,23548.4,23573.8,23507,23569.9,23536.5,23581.9,23579.1,23529.8,23543.4,23571.5,23561.9,23591.5,23581.6
375,1489.29,1466.71,1442.28,1482.42,1432.35
376,26351.3,26366.2,26357.6,26351.6,26369.2,26350.7,26359.5,26347.3,26370.5,26372.6,26335.8,26373.6,26369.9,26341.5,26362.6,26346.1,26356.1,26350.4,26348.6,26350.4,26333.2,26349.9
377,1158.44,1162.48,1150.84,1158.06,1242.58
378,32398.5,32370.8,32369.3,32375.9,32375.1,32357.4,32380.8,32376.8,32395.5,32378.4,32392.2,32397.8,32380.9
379,14036.1,14035.9,14032.6,14066.4,14042.4,14100.9,14062.3,14028.6,14100.2,14042.1,14051
380,27426.5,27379.1,27441,27397.5,27419.8,27457.6,27413,27404.6,27428.2,27417,27456.5,27397.2,27399.9,27433.3,27355.2
381,19507,19502.8,19528.5,19526.3,19548,19510.6,19578,19486.7,19541.6,19528.9,19487.3,19514.3,19507.9,19535.8,19526.7,19520,19518.5,19527.1,19521.7,19529.3,19533.4,19513.2,19522,19508.8,19525.6,19471,19498.1,19500.7,19498.1,19496,19542.8,19523,19525.9,19522.1,19517.9,19507,19522.5,19524.7,19523.8,19515.2,19535.8,19518.8,19537.8,19499.3,19496.5,19502.9,19534.5,19518.2,19504.9,19506.1,19530.7,19466.4,19533.1,19525.5,19513.8,19520.8,19514.8,19485.3,19518,19509.5,19480.6,19512.9,19525.8,19502.1,19500.1,19506.5,19499.7,19525,19479.7,19535.1,19518.6,19563.4,19493.5,19520.2,19520.9,19490.7,19509,19508,19482.1,19488.3,19471.2,19492,19476.6,19484.8,19499.7,19528.9,19549.7,19507.2,19478.8,19504.5,19489.3,19501.8,19508,19513.1,19474.3,19501.6,19526,19464,19491.2
382,8414.81,8413.56,8452.79,8428.05,8380.75,8437.42,8429.41,8447.19,8403.66,8475.06,8439.61,8424.84,8370.75,8395.73,8420.34,8422.14,8438.9,8416.45,8430.6,8418.25,8408.09,8445.3,8424.8,8395.39,8380.53,8465.64,8398.3,8447.04,8422.51,8425.49,8440.64,8414.78,8454.11,8434.28,8419.09,8385.32,8392.99,8440.84,8450.65,8437.82,8443.38,8427.34,8411.52,8415.11,8426.62,8400.01,8406.81,8386.49,8447.57,8441.23,8374.14,8416.08,8398.66,8422.71,8385.55,8422.52,8396.36
383,22690.5,22667.2,22688.2,22651.3,22697.4,22678.2,22682,22666.8,22660.4,22664.4,22660.1,22675.8,22673.8,22653.2,22679.7,22685.1,22663.7,22675.6,22686.7,22634.7,22656.7,22658.7,22659.9,22656.9,22677.9,22686.3,22668,22681.3,22682.3,22652.1,22696.7,22684.6,22681.6,22699.3,22619.8,22678.3,22664.5,22649.4,22689.9,22651.7,22661,22713.9,22627.5,22656.6,22671,22684.3,22655.3,22665.2,22659.5,22617.8,22659,22668.1,22692.8,22682.1,22678.8,22646.4,22650.7,22661.5,22638.7,22655.5,22622.2,22678,22684.6,22652.2,22662.4,22694.5,22684.5,22656.7,22676.5,22669.8,22643.4,22665.7,22695.5,22654.9,22689.9,22647.5,22654.2,22632.6,22680.3,22660.2,22679.2,22658.6,22677,22674.7,22676.6,22657.6,22654.5,22670.2,22649.8,22668.5,22687.9,22633.2,22657.8,22679.8,22647.6,22645.9,22640.8,22667,22661.2,22628,22692.4,22693.9,22671,22652.7,22657.1,22642.5,22667.3,22655.2,22647,22635.2,22658.7,22657.7,22670,22670.1,22678.6,22678.1,22660,22667.4,22638.2,22667.5,22665,22634.9,22655.1,22658,22695.6,22677.4,22641.3,22638.2,22653.8,22686.4
384,17214.1,17212.6,17184.4,17211.6,17226.6,17216.8,17217,17225.2,17230,17247.7,17201.5,17215.3,17203.9,17167.7,17171.5,17224.3,17203.4,17206.4,17176.3,17192.6,17186.8,17212.1,17241.5,17153.2,17201.2,17184.4,17231.7,17201.9,17202.8,17197.4,17186.1,17191.8,17169.6,17207.9,17210.3,17167.8,17225.4,17186.4,17168.3,17200.2
385,26185.9,26155.1,26144.8,26155.9,26152.9,26127.8,26165.9,26149.9,26086.9
386,28708.4,28730,28672.3,28686.2,28711.5,28656.2,28631.1,28644.7,28739.8,28639.4,28673.2,28743.4,28664.6,28645.9,28664.8,28693.5,28701.1,28623.4,28683.5,28657.4
387,37396.2,37369.3,37378.4,37382.9
388,30449.6
389,18266.3,18291.4,18310.6,18259.1,18245.7,18308.3,18290.8,18309.5,18300.5,18263.7,18271,18279.7,18281.5,18290.7,18263.3,18282.5,18262,18287.1,18275.8,18270.2,18248.1,18236.5,18297.5,18286.7,18276,18270.9,18270.8,18263,18273.3,18320.8,18297.6,18222,18296.3,18250.9,18260.9,18266.5,18305.4,18273.2,18284.2,18249.9,18252.3,18300.2,18281.6,18257.9,18270.9,18318.9,18268.9,18265.3,18299.5,18298.8,18272.9,18276,18266.7,18227.4,18304.1,18230.6,18300.5,18237.8,18252.8,18255.6,18267,18262.2,18262.5,18251.8,18280,18313.5,18281.7,18281.6,18279.6,18304.2,18261.8,18197.1
390,16477.7,16461.2,16477.2,16543.6,16519.5,16497.6,16486.9,16505.7,16538.4,16476.1,16508.4,16473.3,16492.3,16489.4,16488.6,16494.4,16505.3,16500.1,16461,16495.4,16449
391,3141.92,3147.67,3165.49,3148.47,3199.31,3166.7
392,12295.5,12377.9
393,35067.4,35120.1,35077.2,35102.7,35077.7,35125,35056.8,35087.7,35094.7,35068.9,35105,35104.7,35077.5,35097.4,35109.1,35081.7,35068.3,35094.2,35068.1,35094.4,35116.2
394,15732.2,15750.8,15787.1,15786.4,15804.2,15790.1,15774.3,15765.7,15739.7,15758.3,15754,15733.5,15778.6,15799.2,15760.4,15761.1,15728.9,15740.6,15784.9,15774.5,15692.1,15749.8,15766.8,15807.6
395,27184.2,27203.3
396,30688.5,30688.7,30555.9,30674.8,30632.5,30702.7,30667,30666.7,30675.1,30684
397,19855.3,19859.2,19850.4,19867,19880.6,19893.1,19838.3,19827.7,19854.2,19876.5,19892.7,19840.2,19872.2,19878.9,19913.9,19874.2,19885.1,19861.7,19886.1,19837,19815.8,19834.9,19828.3,19867.2,19850.4,19882.3,19848.2,19856,19885.8,19858.3,19839.3,19884.7,19859,19856.3,19858.3,19863.6,19823.3,19807.5,19867.2,19880.4,19854.4,19891.2,19863.7,19878.2,19832.5,19821.6,19822.8,19825.8,19865.6,19875.3,19809.1,19884.1,19859.1,19831.5,19874.2,19828.4,19852.6,19873.1,19862.9,19883.5,19826.1,19800.9,19881.2,19835.2,19835.2,19880.4
398,23811,23807.6,23819.2,23819.9
399,39757.7,39754.9,39831,39764.3,39781.9,39789.4,39724.7,39755.8,39731.9,39747.5,39791.1,39702.9,39787.9,39805.4,39795.8,39771.5,39783.1,39788.7,39728.6,39776.8,39752,39740.9,39807.6,39825.4,39751.1,39808.9,39774.8,39744.9,39804.7,39748.3,39757.8,39760.7,39787,39792.9,39794.5,39790.2,39778.7,39742.9,39798.2,39723,39814.2,39785.9,39755.4,39742.8,39740.2,39774.4,39774.6,39771.7,39727.5,39750.4,39781.2,39712.6,39750.5,39751.2,39765.3,39777.2,39763.4,39738.8,39728.7,39769.4,39777.5,39744.8,39750.3,39743.8,39764.8,39746.3,39758.7,39755.6,39756.5,39781.5,39750.1,39694.3,39784.1,39728,39732,39736.5,39743.5,39760.8,39744.2,39720.5,39741.1,39735.3,39723,39764.6,39745.1,39682.7,39770.8,39729.1,39768.4,39773.4,39739.5,39755.8,39766.3,39733.1,39703.5,39721.4,39717.1,39738.5,39735,39749,39774.7,39727.6,39726.1,39729.7,39762.4,39753.5,39750.8,39704.4,39743.3,39762.6,39685.8,39719.7,39724.1
400,28136.8,28121.5,28155.4,28143.7,28157.3,28161,28190.3,28150.8,28127.2,28204.7
401,31582.8,31595.8,31633
402,28701.1,28690.7,28681.5,28715.6,28656.2,28703.5,28672.8,28713.5,28694.4,28708.9,28685.3,28675.9,28706.9,28725.6
403,24324.2,24301.1,24381.4,24320.9,24273.5,24318.3,24341.9,24313.8,24344.1,24324.6,24314.9,24336.7,24331,24319.3,24318.5,24310.4,24301.2,24316.3,24320,24315.4,24323.5,24302.2,24299.8,24328.1,24297.8,24313.6,24318.4,24307.9,24275.7,24359,24339.7,24347,24356.5,24324.7,24333.5,24303.5,24315.9,24316.9,24305.2,24319.9
404,9897.6,9900.44,9881.62,9861.27,9875.35,9854.88,9861.36,9888.02,9814.99,9859.74,9856.46,9862.54,9828.85,9811.89,9869.6,9858.68,9880.41,9881.66,9921.57,9861.71,9881.84,9873.28,9861.1,9880.31,9852.56,9875.16,9868.85,9894.19
405,33436.1,33416.4,33440.7,33400.3,33391.4,33425.4,33424.1,33427.7,33473.1,33402.8,33424,33406.9,33400,33418.1,33412.2,33408.8,33452.3,33458.1,33433.2,33461.2,33454.7,33414.7,33435.3,33436.7,33463.7,33423.3,33432,33407.8,33431.8,33422,33444.3,33421.9,33469.3,33411.2,33430.4,33454.9,33457.3,33418.5,33433,33399.8,33430.4,33459.4,33401.2,33349.2,33416.7,33399.6,33460.3,33398.3,33376.1,33408.1,33438.7,33367.9,33420,33423.9,33401.6,33401.9,33426.2,33393.9,33414.4,33383.1,33422.7,33359.4,33405.7,33388.7,33425.8,33374.4
406,18033.1,17963.9,17951.7,17959.3
407,20428.2,20438.8,20454.3,20401.4,20434,20406.9,20432.8,20385.3,20414.6,20410.1,20406,20419.1,20412.3,20406.9,20405.8,20428.5,20440.2,20388.8,20426.6,20406.5,20427.2,20422.4,20446.3,20458.5,20432.5,20414.3,20433.6,20409.6,20440.1,20427.6,20436,20445.9,20462.5,20462.8,20402.1,20415.9,20415.2,20422.5,20416.7,20449.5,20412.8,20443.1,20423.2,20436.4,20402.7,20420.3,20405.9,20407.9,20392.3,20438.5,20406.6,20454.2,20425.8,20470.1,20400.5,20421.3,20447.5,20422.5,20418.1,20409.8,20401.2,20443.3,20391.8,20407.8,20410.8,20420.1,20412.1,20414.7,20401.5,20408.1,20410.4,20407.7,20389.8,20425.9,20372.8,20396.8,20407.3,20414.8,20395.1,20439.6,20406,20421.5,20417.6,20407.3,20418,20412.1
408,12265.5,12245.1
409,1840.3
410,18470.5,18452.4
411,22060,22084.4,22117.2,22087.7,22126.3,22060.9
412,15800.6,15791,15788,15790.4,15798.5,15767.1,15773,15644.3
413,6129.36,6124.6,6154.68,6190.96,6147.36,6105.09,6132.68
414,33436.2,33474.5,33442.9,33471.5,33436.8,33457.9,33466.2,33475.8,33421.3,33398.8,33469.9,33457.3,33462.6,33428.9,33450.7,33420,33438.8,33457,33447.8,33427.6,33441.1,33435.1,33437.6,33421.5,33459
415,1989.02,1985.59,1992.82,1986.12,2010.92,1984.8,1976.14,1991.13,1938.93,1963.25,1946.43,1941.91
416,28359.5,28333,28394.1,28304.3,28307.2,28259.5,28352.4,28327.8,28325.5,28309.8,28293.7,28276.1,28332.7,28317.4,28363.2
417,3365.98,3415.05,3363.79,3386.13,3379.2,3355.79,3403.28,3373.4,3407.8,3389.18,3376.61,3354.43,3375.31,3392.04,3335.63,3333.04,3349.32,3393.09,3400.57,3407.82,3345.19,3366.29,3339.32,3340.76
418,655.251,671.488,636.373,643.972,626.03
419,20998.6,20980.8,21013.6,20948.6,20994.9,20947.3,20962.6,20954.3,20922.5,20982.5,20969.6,20996,20992.6,20952.9,20929.9,20941.1,20960.3,20967,20972.3,20946.7,20919.3,20926.6,20952.7,20946.4,20951.9
420,37209.3,37272.5
421,29887.3
422,22370.1
423,26146.6,26141.2,26159.4,26128.1
424,19485.2,19432.4,19501.2,19422.4
425,19066.3,19099.1
426,25382.1
427,31861.3,31816.2,31838.1,31853.7,31842.4,31838.6
428,29984.9,29929.2,29900.2
429,8992.66,8968.26,8992.75,8956.2,8972.96,8949.68,8975.15,8971.4,8973.15,8960.67,8949.76,8991.79,8968.09,8961.7,8974.41,9026.17,9012.29,9015.24,8986.82,9021.18,8952.55,9010.97,9001.31,8959.11,8950.36,8969.13,8933.96
430,23153.6,23104.6,23140.7,23133.9,23143.5,23122.7,23115.8,23128,23107.3,23133.5,23131.7,23089.4,23135.2,23126.7,23109.5,23145.5,23111.5,23088.9,23117.9,23107.9,23114.5,23119.5,23130.7,23111,23078.6,23095.5,23093.8
431,31569.8,31515.3,31510.7,31535.8,31550.5,31509.2,31522.2,31518.4,31479.8,31469.3,31501.9,31521.9,31512.5,31538.1,31524.8,31528.9,31533.9,31519.4,31555.2,31519.6,31517.8,31497.3,31491.7,31524.6,31515.8,31509.8,31516.5,31513.3,31500.6,31530.5,31512.8,31496.7,31526.9,31528.5,31559.2,31523,31497,31507.3,31507.6,31489.8,31496.4,31545.8,31532.4,31515.8,31532.3,31534.4,31500.2,31486.5,31483,31486.5,31525.8,31485.9,31467.9,31527.6,31521.8,31523.7
432,34717.8
433,13554.5,13581.7
434,16650.7,16609.7
435,30136.7,30090.9,30112.3,30107.8,30127,30097.7,30115.8,30087.8,30086.9,30116.8,30107.9,30143.4,30115.6,30100.3,30105.2,30097.8,30121.9,30103.9,30070.8,30090.2,30098.3,30096.2,30067,30090.9,30099.5,30090.1,30086.2,30107.6,30081.5,30078.9,30059.6,30128.1,30110.1,30133.6,30068.3,30094,30120.4,30101.2,30091.4,30108.1
436,31119.8,31061.7,31099,31113.2,31119.2
437,35017.1,35063.9,35039,35029.2,35033.2,35004.9,34973.2,35044.9,35000.8,35029.7,35024.8,35036.7,34981.1
438,23474.5,23472.7,23485.1,23504.2,23480.2,23484.1,23477,23494,23482.4,23490.6,23477.1,23479.2,23476.5,23475.8,23465.4,23492.1,23489.8,23462.5,23466,23475.4
439,36389.8,36357.1,36386.6,36340,36345.9,36337.3,36358.4,36379.6,36352.8,36401,36405.5,36367,36361.5,36325.3,36312.3,36353.7,36365.4,36335.3,36355,36389.2,36366.5,36358.3,36378.8,36372.9,36367.8,36365.1,36332,36338,36371.5,36374.4,36353.5,36282.8,36338.8,36363.2,36363.1,36357.5,36365.8,36326.7,36336.8,36331.5,36339,36322.5,36363.8,36344.4,36345,36300.5,36334.9,36332.8,36375.7,36310.9,36298.3,36331.4,36367.1,36337,36308.8,36294.7,36323.3,36339,36348,36336.5,36350.2,36313.1,36300.1,36363.1,36324.3,36352.3,36333.8
440,21451.9,21417.7,21391.2,21422.7,21439.1,21405,21412.1,21432.6,21444.9,21433.3,21428.3,21410.4,21410.1,21426.5,21413.7,21420.1,21402.4,21431.4,21405.5,21420.7,21422.1,21419.6,21421.2,21450,21437.5,21438.1,21443.8,21440,21406.3,21406.1,21420.6,21423.5,21461.3,21419.1
441,31914.8,31939.2,31939.5,31895.7,31928.9,31897.5,31935.9,31895.2,31891.1,31900.9,31923.1,31933.9,31950.5,31929.7,31934.6,31894.9,31904.1,31913.2,31895.6,31892.6,31922,31907.4,31904.5,31943.8,31889.3,31878.7,31947.7,31941.5,31935.2,31932.6,31890.5,31885.8,31944.5,31924,31893.3,31912.5,31928.9,31920,31881.5,31880.1,31913.3,31918.2,31869.8,31931.5,31895.5,31868.7
442,27441.9
443,1798.19,1749.55,1761.46,1730.53,1767.52,1750.64,1730.83,1764.27,1782.93,1779.44,1778.34,1767.07,1712.74,1782.27,1829.26,1761.13,1740.91,1717.18,1748.11,1753.27
444,31042.8
445,10927.4,10908.2,10913.8,10907.5,10910.8,10895.5
446,21986.3,21963.2,21988.3,21994.1,22022.1,21989.9,22022.7,22005.5,21984.1,21995,21961.2,21986,21982.9,21989.1,21942.4,21984.1,21989.6,21968.3,22012.1,21988.1,22020,22010.9,22003.7,22013.4,21973.9,21984.8,22032.8,21981.5,21999.3,21979,22034.3,21959.4,22013.9,22005.8,21941,21999.8,21985.4,21985.4,21959.5,22001.9,21955,21988.6,21929.2,21984.7,21969,21929.2,21943.4,21938.5
447,11008.3,10942.5,10941,10979.3,10919.7
448,3505.66,3484.6,3485.45,3498.12,3460.1,3468.4,3434.79,3437.06,3451.39,3459.98,3478.75,3489.49,3491.79,3395.9,3494.94,3427.86,3438.55,3427.31,3424.5,3454.98,3473.76,3463.88,3446.96,3453.47,3438.5,3410.47,3480.14,3500.37,3499.18,3428.07,3498,3449.49,3472.36,3519.08,3506.92,3520.54,3488.73,3458.32,3489.99,3501.71
449,38723.7
450,12110.9
451,7568.16,7541.07,7562.67,7589.76,7519.31,7555.16,7545.23,7500.22,7519.19,7563.75,7542.76,7531.82,7589.22,7538.87,7549.45,7520.07
452,3242.9
453,1986.18,1978.87,1974.84,1916.83,1967.31,1957.05
454,10999.9,10982.3,10978.6,10975.8,10970.5,10947.4,10987.7,10908.5
455,29776.2,29749.9,29814,29762.3,29757.4
456,21764.5
457,14054.2,14013.3,14025.7,14083.2,14061.9,13997.4,14051.3,14074.9,14065.7,14048.9,14082.9,14073.6,14052.4,14066.1,14020.1,14051,14056.3,14056.1,14010.5,14012.1,14117.5,14043.1,14072.3,14070.3,14067,14047.3,14055.7,14071.2,14078.9,14058.2,14086.6,14065,14054.3,14064.3,13993.8,14070.8,14099,14031.4,14067.5,14022.9,14047,14047.4,14057.9,14057,14044.4,14069.5,14015.5,14024.1,14040,14030.1,14066.2,14035.9,14052.1,14049.5,14066.9,14038.5,14002.8,14007.1,14019.8,14041.6,14061.4,14028.3,14052.6,14032.2,14078.2,14043.7,13999.1,14025.7,14073.1,14032.9,14097.2,14044.7,14031.6,14016.1,14050.7,13993.7,14061,14025.5,14044.8,14009.2,14060.1,14036.9,14057.1,14057.4,14038.8,14001
458,31873.8
459,32755.5,32742.1
460,34487.2,34489.5,34480.1,34513.2,34467.1,34447.9,34499.4,34475.3,34447.5,34478,34499.8,34460.9,34449.3,34450.8,34455.9,34468.8,34479.9,34481.1,34490.6,34502.6,34502.3,34476.5,34474.9,34435.3,34486.7,34486.7,34483.3,34485.7,34499.8,34458.1,34464.9,34466,34456,34447.2,34437.2,34441.2,34460.6,34412.2,34458.5,34482.3,34471.1,34464.9,34504.3,34487.1,34438.9,34521.7,34495.5,34416.6,34446.6,34473.2,34461.9,34477.9,34484.2,34469,34491.7,34463.5,34457.8,34466.5,34450.6,34471.5,34460.2,34452.8,34443,34475.9,34437.6,34458.6,34474.2,34417.7,34474.1,34454.1,34482.9,34452.1,34429.9,34451.2
461,32207.7
462,15933.6,15969.7,15913.9,15969.2,15960.7,15969.6,15966,15944.1,15945.4,15917.3,15917.2,15898,15954.8,15977.8,15960.8,15973,15960.8,15973.2,15929.4,15953.6,15948.7,15931.7,15937.5,15898.4,15941.5,15952.7,16002.1,15954.9,15945.6,15950.6,15977.4,15995.1,15978.4
463,18602.9
464,17219.1,17245.8,17235.3,17239.5,17232.3,17309.4,17207.8,17222.5,17219.3,17205.9,17239.3,17219.2,17224.1,17193.5,17237.3,17245.6,17148.8,17168.9
465,38307.7
466,39206.7
467,38495.7,38490.2,38510.3,38484,38501.6,38503.7,38520
468,24432,24336.1,24377.4,24331.8,24343.2,24346.8,24387,24389,24354.3,24375.5,24370.2,24406.7,24371,24377.6,24378.2,24321.2,24338,24394.1,24396.5,24398.2,24353.2,24369.7,24319,24321.4,24373.2,24349.1,24396.1,24367.5,24367.9,24367.7,24343.2,24397,24386.1,24370.3,24342.8,24370.4,24426.3,24382.1,24329.1,24365.7,24349.6,24357,24330.2,24382.5,24350.1,24321.8,24386.9,24368.3,24312.6,24355.9,24364.1
469,26434.6,26425.3,26404.8
470,3645.53,3636.17,3618.02,3640.2,3634.33,3704.45,3640.46,3663.76
471,27780.2,27827.8,27828.8,27832,27855.2,27811.5,27807.2,27816.3,27849.8,27838,27842.2,27829.5,27849.8,27825.7,27835.8,27810.7,27837.5,27799.5,27798.6,27783.4,27802.6,27840.2,27866.1,27809,27813.4,27839.8,27833.7,27828.1,27831.5,27812.3,27845.3,27812.1,27828.5,27808.3,27781.4,27833.3,27821.6,27777.5,27819.6,27829.5,27771.8,27821.6,27820.6,27792.5,27768.1,27825.7,27809.2,27826.1,27802.9,27791.3,27793.5,27815.8
472,9366.55,9401.45,9393.9,9369.81,9370.06,9360.7,9413.13,9351.67,9368.23,9366.08,9337.55,9375.02,9395.67,9364.94,9361.79,9382.02,9404.49,9405.58,9325.4,9352.87,9377.72,9335.99,9333.94,9379.02,9354.72,9386.6
473,18847.2
474,37736.6,37735.5,37735,37739.4,37717.9,37749.6,37721.3,37722.4,37728.3,37696.2,37733.4,37761
475,16116.7
476,31922.6,31950.6
477,34239.5,34253
478,18154.6,18137.7,18165,18104.4,18163.9,18159.9,18143.9,18132.4,18084.2,18134.7,18150.7,18149.2,18120.3,18159.4,18123,18099,18174.9,18101,18191.6,18108.8,18137.7,18088.4,18164.8,18177.5,18125,18132.8,18135.9,18178.7,18157.6,18172,18136.6,18161.2,18145.3,18171.4,18123.4,18121.9,18117.2,18114.4,18101.6,18160.2,18109.3,18105.3,18119.3,18110.9,18165.1,18126.1,18158.3,18137.8
479,33496.3,33476.7,33398.8,33446.3,33452.9,33447.2,33453.3,33453.5,33456.5,33447.3,33433.6,33396.4,33378
480,17800.9,17795.6,17740.8,17771.7,17767.6,17738.8,17756.1,17775.3,17751.5,17809.3,17742.4
481,32279.8,32368.4,32309.5,32323.4,32372.6,32306.5,32349.3,32276.3,32311.4,32355.7,32305.3,32358.7,32318.9,32337.9,32318.5,32341.6,32313.4,32330.3,32361.5,32356.5,32332.4,32308.6,32331.9,32366.4,32335,32343.2,32329.5,32338.5,32370.7
482,11743.5
483,11265.9
484,16002.7,15949.4,15922.2,15991.3,16005.3,16004.2,15984.6,15902.7,15927.3,15971.5,15936.1,15971.5,15951.7,16000.3,15960.8,15930.5,15932.3,15964.1,15977.3,15960.8,15869.8,15960.4,15928.5,15932.3,15974.2,15922.8,15976.5,15953.8,15953.4,15940.6,15957,15932.2,15979.1,15989.3
485,17653.8
486,10585.3,10593.7,10595.4,10576.6
487,15328.1
488,2377.59
489,17068.4,17101.7,17071.1,17073,17082.4,17083,17062.8,17109.1,17134.6,17111.2,17101.9,17067,17103.1,17103.4,17012.3
490,9538.21,9557.04,9531.99,9501.87,9507.66
491,19042.2
492,12182.2,12192.7,12191,12149.9,12158.9,12206.4,12064,12167.7,12186,12191.5,12204.1,12169.5,12154.9,12181.8,12197.2,12186.9,12166.3,12110,12126.2,12136.7,12130,12131,12134,12131.8,12129,12140.5,12137.3,12128.1,12160.3,12126.2
493,8752.34,8675.3,8672.3,8669.75,8654.18,8686.85,8664.31,8660.76,8685.12,8703.23,8658.45,8666.95,8685.38,8728.5,8662.96,8644.33,8673.24,8677.13,8666.59,8672.29,8656.55,8711.66
494,31729.6,31733.7,31725.3,31736,31703.9,31694.3,31733.9,31731.1
495,26485.1,26500.2,26467,26543.5,26494.1
496,15619.8,15612.4,15616.4,15614.4,15628,15615,15607.1,15605.9,15646.9,15619.8,15583,15641.9,15614.5,15583.3,15625.8,15620.2,15604.4,15600.4,15628.5,15629.4,15630.8,15608,15584.3,15611
497,27752.3,27705.5
498,7475.1
499,34802.7
500,12883,12854.7,12899.3,12920.2,12892.2,12893.6,12906,12942.3,12910.7,12913.7,12915.9,12924.6,12935.2,12923.1,12950.5,12926.9,12918.6,12934,12921.1,12892.2,12932.1,12922.5,12908.8,12933.1,12891,12873.1,12913.1,12856.9,12915.4,12917.7,12840.7,12928.9,12866,12923,12875.1,12844.1,12884,12862.1,12897.9,12916.9,12896.4,12934.8,12934,12877.6,12878.5,12842.3,12900.7,12907.1,12901
501,2929.44,2896.77,2908.88,2851.72,2900.33,2890.13,2916.44
502,32117.7,32119,32165,32137.9,32129.7,32126.9,32161.7,32184.4,32176.4,32176.4,32156.9
503,9627.39,9637.48,9622.83,9677.13,9604.39,9627.23,9600.02
504,5322.73
505,20741.2
506,7183.19,7191.41,7327.73
507,17553.8,17554.1,17511.1,17649.8,17552.3,17497.7,17563.1,17567.9,17514.7,17526.1,17534.7,17487,17479.8,17587.9,17535.9,17532.6,17564.4,17460.2,17531.1,17528.9,17502.5,17535.2,17564.4,17519.4,17582.9,17525,17460.7,17561.7
508,4255.22
509,5585.42
510,29515.1,29536,29491,29544.5,29498.6,29532,29484.4,29477.5,29546.3,29507.9,29490.8
511,39126.9,39093.9,39111.9,39060.5,39039.4,39089.4,39085.7,39123.1,39054.9,39115.4,39110,39087.5,39095.4,39104,39112.4,39090.9,39106.7,39071.9,39128.3,39094,39095.2,39081
512,6531.55,6483.61,6517.36,6511.21,6515.28,6454.44,6477.43,6504.42,6455.14,6483.06,6476.29,6533.07,6508.34,6499.85,6481.66,6453.08
513,30487.9,30490.3,30489,30468.4,30503.1,30503.8,30532.3,30541.1,30578.9,30501,30470.8,30543.8,30534.2,30567.9,30534,30484,30520.6,30528.8,30507.6,30552.6,30524.4,30476,30504.2,30520.1,30480.9,30504,30507,30520.5,30487,30523.9,30520.4,30522.5,30524.1,30498.5,30501.4,30537.1,30510.8,30506.3,30535.5,30478.3,30505.6,30494,30492.5,30556,30512.8,30516.1,30525.9
514,16288.3,16301.5,16299.7,16271.4,16307.4,16346.1,16316.1,16297.2
515,26284.1
516,32734.7,32706.7,32739.1,32656.7,32735.6,32685.8
517,13219
518,9502.15,9501.92,9472.05,9481.28,9467.73,9552.55,9530.67,9527.24,9526.13
519,24488.8,24465.4,24470.5,24480,24471.4,24450.4,24457.4,24447.1,24485,24448.8,24547.1
520,16072,16103.1,16091.8,16064.2,16091.9,16088.3,16070.8,16092.4,16064.5,16103.7,16083.7,16061.7,16086.8
521,15900.3,15887
522,27141.3,27146.4,27137,27170.2,27154,27141.9,27139,27170.3
523,9224.94,9272.33,9228.93,9299.87
524,32960.9
525,39848.9,39820.7,39851,39880.1,39850.5,39835.8
526,17602.8,17629.2,17620.7,17638.7,17637.3,17648.7,17588.2,17592.1,17656.1,17623.9
527,8109.79,8114.93,8161.68,8128.22,8127.34,8167.85,8144.1,8166.91,8149.59,8130.58,8192.19
528,19281.4,19293.7
529,22194.3
530,6875.18,6896.02,6882.59,6912.56,6846.04,6904.67,6892.25,6883.12
531,35085.2,35157.2,35185.8,35104.4,35156.1
532,17534.6,17571.2,17536.8
533,38944.5
534,9000.41,9007.57,8966.41,8975.42,9005.24,8951.59,8995.68,8973.72,8984.8,9033.16,9003.69,8967.64,9049.91,9001.79,8977.2
535,36160.3
536,9592.68,9594.36,9545.52,9623.18,9595.47
537,28685.2,28715.5,28760.5,28739.5,28760.7,28732.5
