1,0.973142,0.946118,0.915239,0.971114,0.989693,0.977221,0.90001,0.867885,0.980718,0.993352,1.14459,0.869384,0.875019,0.873441,0.853471,0.925324,0.820139,0.822901,0.920917,0.886376,0.942592,0.989901,0.980882,0.941144,0.846713,0.874212,0.898423,0.957389,0.871353,0.960607,1.07956,1.0142,0.89374,1.04844,1.02203,0.865947,0.709546,0.919857,0.908559,0.866911,0.876181,1.09599,0.94802,1.12062,0.969989,0.97047,1.05218,0.98484,0.913652,1.00989,0.980615,0.82205,0.994292,0.929417,0.837329,0.8533,1.02246,1.09264,0.879391,0.869225,0.862358,0.903218,0.894991,0.965571,0.819817,1.02042,0.94884,1.15887,0.975601,1.03904,0.874221,0.88254,0.825093,0.868247,0.872645,1.08161,1.02424,0.981245,0.910438,0.881519,0.796268,0.889517,1.00792,0.83141,0.847871,0.867032,1.19254,0.892363,0.917528,0.942675,0.83134,0.925454,0.835902,0.861095,0.898431,0.897948,0.926387,0.9074,1.01286,0.935432,0.947371,0.91178,0.93501,0.963232,0.873487,0.880094,1.07139,0.833138,0.943605,0.892023,0.96253,0.97688,1.06858,1.02352,0.842765,0.908763,0.78444,0.967524,0.858882,0.920926,0.760497,0.959892,0.835825,0.888007,1.01163,0.912448,0.884695,0.918626,1.10024,1.01319,1.02251,0.988088,0.872327,0.961274,0.880609,0.950852,0.947605,0.884506,1.06101,0.890241,0.917906,0.885624,0.945323,0.809038,0.880929,0.87846,0.871184,1.02271,0.977835,0.918784,0.859537,1.00551,1.0524,1.0744,1.00289,0.986111,0.914547,0.906989,0.980729,0.923819,0.824379,0.802692,0.872824,0.866511,0.984909,0.978947,0.889784,1.01209,0.89853,1.04379,0.751989,0.839308,0.850369,0.981658,0.89578,0.812108,0.9471,0.870452,0.845127,0.936839,1.01797,1.09267,0.94638,0.988265,0.824445,0.89919,0.982883,0.783613,0.832874,0.948743,0.860734,0.855818,0.969467,1.12791,0.910477,0.944342,0.776953,1.02149,1.00626,0.789785,1.01545,0.935462,0.988677,1.00341,0.877266,0.949339,0.875813,0.785554,0.928394,0.978489,0.932915,1.0077,0.876377,0.877975,0.935524,1.00364,0.821963,0.851136,0.963706,1.05342,0.885531,0.918622,0.854709,0.817746,1.00195,0.891541,0.873047,0.939327,1.08522,0.888451,1.04921,0.862197,0.93419,0.838368,0.937698,0.959769,0.99923,0.915946,0.9379,0.915395,0.761612,1.08009,1.05644,0.914248,1.08946,0.841099,0.979354,1.05651,0.830329,0.921815,0.836198,0.925215,0.853476,1.0068,1.05762,1.02733,0.848847,1.0004,1.02036,0.822219,0.833959,0.934072,0.970558,0.84534,0.931651,1.00774,1.02763,0.928156,0.887364,0.828298,0.972404,0.898483,0.930775,0.753405,0.956376,0.902742,0.94766,0.803557,0.881959,0.876279,0.88841,0.835519,0.929503,0.908994,0.925753,0.869638,0.969597,0.858923,0.914121,1.0091,0.893463,0.789889,0.998335,0.918426,0.867877,0.961897,0.919141,0.899556,0.919485,0.970187,0.877451,0.811579,0.878711,0.968508,0.971323,1.06508,0.847583,1.10195,0.943156,0.877189,1.02021,0.999435,0.827817,0.92819,1.00271,1.00331,0.919823,0.92231,0.919172,0.88044,0.94265,0.854543,1.16732,0.981327,0.843819,0.95064,0.851307,0.777905,1.1023,0.85187,0.944984,1.04991,0.98061,0.853466,0.864889,0.992924,1.00883,0.973398,0.841153,0.920011,0.90229,1.04285,0.764746,0.85675,1.01658,0.896799,0.803203,0.859845,0.976539,0.952539,0.936179,0.964278,1.0572,0.768793,0.96442,0.955806,0.95862,0.964511,0.789337,0.976957,1.0195,0.794055,0.994869,0.830387,0.846258,1.10209,0.880517,1.10781,0.836421,0.853714,0.988074,0.973989,0.858803,0.827541,0.9057,1.05382,0.927377,1.06974,1.06155,0.841558,1.02816,0.93291,0.9457,0.908153,0.881166,1.01531,1.07817,0.882371,0.992678,0.854472,0.935108,0.92236,1.01047,0.929888,0.858162,1.03373,0.947564,0.922075,0.875291,0.973202,0.824014,1.07209,0.826942,0.844714,1.01416,1.12836,0.887807,0.843032,1.00435,0.81375,0.974917,0.807353,1.03937,1.07098,1.25197,1.03258,0.874311,0.898759,0.783667,0.674728,0.989563,0.955381,0.879817,0.874314,1.01997,0.709882,0.904507,1.03642,1.07314,1.01313,0.864701,1.03453,0.850481,0.910674,0.873236,0.97219,1.04015,0.857297,0.800757,0.940318,0.905532,1.11794,0.974716,1.00742,0.677019,0.859941,1.16089,0.879179,1.04249,0.853002,1.04152,0.975093,0.894057,0.921902,0.894661,0.865761,0.989851,0.87682,0.929009,0.781782,0.950771,0.894847,0.99701,1.00129,0.828715,0.783428,1.01637,1.0026,0.98948,0.997307,0.912472,0.856544,0.911144,0.932142,0.952528,1.01676,0.85264,1.08749,0.951275,0.900194,0.797625,0.771107,0.849136,0.714412,0.939562,0.846377,0.932405,0.985286,1.06519,1.02389,0.839126,1.03175,0.989178,1.06268,0.923938,0.938733,0.821383,0.9605,0.886014,0.81453,0.87405,0.989167,1.01631,0.892952,0.981991,0.791417,0.985484,0.916987,0.973347,0.874185,0.868502,0.974117,0.9817,0.91515,0.962158,1.11468,0.861497,0.831385,0.858693,0.986493,0.921043,0.892169,0.892225,0.91245,0.996406,0.88677,0.967143,0.915098,0.949992,0.995934,1.00369,0.924092,0.870959,0.857995,0.997707,0.940909,0.943325,0.836499,0.94416,0.968193,0.852291,1.02195,0.972566,0.97999,0.867784,0.980548,0.83172,0.837043,1.01306,0.995165,0.884139,1.07249,0.984039,0.86854,0.868471,0.768895,0.902389,0.939391,0.909252,1.05987,0.907612,0.867318,1.02869,0.925738,1.08204,0.887566,0.884005,1.0009,0.917718,0.841615,0.814004,0.881016,1.09379,1.02767,1.02304,0.83669,0.921282,0.990714,0.937019,0.958927,0.903607,0.985144,1.08551,0.96484,0.874201,1.0657,0.893707,0.861099,0.746863,1.04692,0.909414,0.846815,0.947289,0.876964,0.975916,0.935071,1.02461,0.899901,0.993076,1.06742,1.1162,0.968041,0.900952,0.857617,0.825762,1.14127,0.858663,1.03205,0.880645,0.852173,0.944787,0.889333,0.948399,1.02356,0.862377,0.991373,1.00725,0.974975,0.872043,0.673143,0.863007,1.14296,0.906329,0.754253,0.884145,0.979239,0.759831,0.947944,0.871788,0.99147,0.960749,0.921228,0.897173,0.942741,1.16972,0.943211,0.862126,0.887564,0.937136,0.973241,0.984349,1.00704,0.997047,0.961774,0.843002,0.943638,0.90784,0.975856,0.842351,0.935795,0.78134,0.858196,0.875193,1.0126,0.839952,0.81046,1.04329,0.961732,0.768202,0.949265,0.892657,0.785272,0.959358,0.886518,0.945004,0.895441,1.06165,0.96466,0.960827,0.909016,0.961126,0.892232,0.883743,0.847528,0.95282,0.878996,0.984672,0.984788,0.983462,1.02509,0.993737,0.988525,0.837654,0.915051,0.956495,0.967259,0.832724,0.863472,0.839092,0.992878,0.762596,0.932106,0.800423,1.00668,0.80278,1.07811,0.770909,0.914903,0.871794,0.773398,0.813533,1.00727,0.989434,1.12034,0.831825,0.931109,0.931108,0.890323,0.850864,0.864995,0.818612,0.894622,0.949452,0.912781,0.898807,0.894774,0.900958,0.872765,1.01142,0.907686,0.994352,0.842818,0.97232,1.11264,0.924429,0.999961,0.823961,0.768783,0.906971,0.816637,0.96333,0.926396,1.07139,0.861061,0.914093,0.931423,0.82415,0.998002,0.880184,0.96959,1.20281,0.916436,0.950193,0.908135,0.852418,0.948525,0.920872,0.943269,1.07982,0.958152,0.955022,0.828527,0.907305,0.882374,1.02733,0.966555,0.884197,0.848728,0.874561,0.955355,0.729156,0.864544,0.927972,1.01558,1.10189,1.01648,0.997683,0.986567,0.939853,0.921517,0.942508,0.848472,0.980254,0.815281,0.89095,0.958697,0.98758,0.897785,1.0069,0.962786,0.861617,0.878393,1.05134,0.861618,1.00657,1.06345,1.06484,0.939709,0.860246,0.905816,1.04861,0.951182,0.901946,0.903426,0.880731,1.04429,0.863916,0.971847,0.849274,0.769234,0.993282,0.953138,0.945172,0.861573,0.872769,0.882313,0.816479,0.906915,0.891643,0.903256,1.05539,0.879234,0.921066,0.990344,1.0677,0.901562,0.987674,0.824211,0.910133,0.881527,0.88821,0.908531,1.0901,1.00539,0.744138,1.05267,0.934404,0.917995,0.955902,0.95476,0.829078,0.942723,0.91572,0.701074,0.789124,0.900255,0.931137,0.688938,0.999051,1.09376,0.95184,0.955192,0.942799,0.929481,1.03562,0.883541,0.90601,1.12721,0.946532,0.904123,0.947365,0.939477,0.755329,0.997149,0.869496,0.959387,0.833157,0.952579,0.96146,0.978252,0.855248,0.913485,0.882974,0.934906,0.933795,0.903075,0.977944,0.773525,0.949628,0.847814,1.01536,0.83318,0.917147,0.901063,0.950644,1.1326,1.02366,0.877068,1.08132,0.915518,0.72056,1.05169,0.800359,0.799597,0.941466,0.918915,0.905738,1.00279,1.01163,0.81076,0.769886,0.887017,0.849537,0.798257,1.05041,1.04861,0.820215,1.02849,1.0114,1.00346,0.868334,0.993091,1.02325,0.928521,0.884906,0.999658,0.842219,1.04168,0.942492,0.808369,0.895829,1.02092,0.994261,0.938583,1.02372,0.890732,1.02098,0.895356,0.94808,0.948179,0.978653,0.886285,0.88351,0.860759,0.963778,1.02146,1.04578,0.9525,0.880779,0.913536,0.96537,1.01675,0.880298,0.894003,0.816227,0.828518,0.882127,0.941027,0.823052,1.0136,1.05966,0.99705,0.974807,0.880059,0.877494,0.84785,0.810253,0.951477,0.858613,0.957005,0.993453,0.863698,0.862064,0.825141,0.802289,1.04022,1.04201,0.858804,0.986949,0.848243,0.928067,0.983557,0.798711,0.919789,0.886954,0.865597,0.805484,0.974881,0.80128,0.830973,0.801893,1.03491,0.989165,0.969928,0.859415,0.855727,0.942516,0.872794,0.917143,0.946381,0.881804,1.06732,0.822263,0.944418,0.900402,0.82127,0.822616,0.891458,0.970032,0.958578,0.947532,0.937194,0.7707,0.960689,0.97511,0.933385,0.79255,0.908733,0.84018,0.80873,0.97767,0.900732,0.862769,0.968587,0.935352,0.949184,0.968337,0.884394,0.923756,0.931987,0.792628,0.941795,0.749072,1.00186,0.970383,1.1065,0.830265,0.85783,0.999351,0.886101,0.941815,0.925678,0.916808,0.946822,0.896102,0.933322,0.806569,0.916934,0.929397,0.972933,0.870972,0.871335,0.904673,0.930837,0.973011,0.949923,1.08417,0.880344,0.764462,0.83251,0.791383,1.03841,0.975043,0.802627,0.839615,0.895239,0.876016,0.8677,0.838617,1.0311,0.905075,0.746745,0.905635,0.956889,1.08799,0.838971,0.818933,0.943137,0.843761,0.817029,0.925524,0.883985,0.863634,0.896654,0.816127,0.933744,1.03466,0.982525,0.786634,0.868737,1.11428,0.956219,0.929939,1.21344,0.876006,0.99139,1.03097,0.902241,0.931298,0.927006,1.11607,1.06551,0.943574,0.979379,0.966658,0.911224,0.995464,0.839362,1.10507,0.87355,1.02637,0.909735,0.914671,1.19182,0.798094,1.00378,0.920263,0.871661,0.90411,0.984417,0.990577,0.85114,0.880338,1.04165,0.999305,0.960379,0.954785,0.884763,1.03165,0.934227,0.956991,0.944123,0.736999,0.954411,0.900811,1.06522,0.980521,0.969175,0.778952,0.889659,0.951353,0.95378,0.981845,0.977785,0.885568,1.01728,0.989952,0.887356,0.930544,0.840657,0.957221,0.900458,0.977934,0.923018,0.906111,0.960185,0.906184,0.849617,1.07911,0.825327,0.91016,0.96325,0.836233,0.972385,0.946116,1.04347,0.946182,0.944984,1.02136,1.09757,0.941469,0.931801,0.991177,0.968692,0.919796,0.842487,0.932144,0.862428,0.912965,1.01469,1.01489,1.13476,0.835511,0.777034,0.95245,0.988946,0.88596,1.00812,0.840876,0.864953,0.921566,0.979094,0.792008,0.964513,0.967154,0.938647,0.905398,0.918094,0.797039,0.795972,0.871231,0.82982,0.913388,0.875195,0.798544,0.886565,1.03557,0.924479,0.903847,1.01647,0.837761,0.863798,0.905857,0.83646,0.948439,0.841051,0.897636,0.732018,0.942596,0.999554,0.883313,0.71093,0.896661,0.882423,0.99191,0.889486,0.81712,0.930547,0.920208,0.934073,0.868645,0.843758,0.77746,0.959652,0.89207,1.10677,0.84729,0.93598,0.992215,0.945285,0.953034,0.849515,0.797616,0.980417,0.899262,0.867962,0.984738,0.914542,0.822045,0.975826,1.00161,0.838759,1.04265,0.911265,0.940078,0.99992,0.980861,1.04097,0.864547,0.932731,0.856677,0.802517,0.848261,0.93948,0.899494,0.829984,0.969701,0.843568,0.904944,0.924636,0.89319,1.07579,0.860355,1.16865,0.926968,0.814514,0.827696,0.899527,0.960092,0.742664,0.803182,0.803263,1.04197,0.719225,0.948067,1.0258,1.01204,0.861383,0.974815,0.856261,0.919235,0.911273,0.85507,1.01909,0.951979,0.9443,0.968021,0.966033,0.909606,0.836456,1.04071,1.04898,0.939661,1.02204,0.930385,0.934678,0.882572,1.02333,0.939756,0.893279,0.930837,0.946476,0.98299,0.809663,0.927037,0.7748,0.928812,0.921566,0.937042,0.810574,0.787314,0.880849,0.774451,0.947547,1.06453,0.904452,0.82149,0.843258,0.909234,0.929654,0.823852,0.883149,1.04612,1.02248,0.779778,0.94546,0.837958,0.938879,1.05398,1.0415,1.02921,0.912462,1.09931,0.889827,0.865588,0.801476,0.935929,0.977541,0.943815,0.893355,0.89358,0.92372,0.97116,0.918733,0.956433,0.895116,0.965876,0.827192,0.866441,0.985207,1.0772,0.840633,0.859432,0.900712,0.959377,0.86951,0.997883,0.695779,1.14176,0.873157,0.924988,0.859528,0.807785,1.01101,0.807668,0.76837,0.82604,0.849491,0.930542,0.881764,0.819124,0.905488,1.05992,0.966686,0.813344,0.87297,0.855239,1.08154,0.844034,0.934815,0.985634,0.790969,0.998558,0.766503,0.928005,0.857007,0.918003,0.819593,1.02658,0.931194,0.988853,0.811925,0.942654,0.957696,0.94605,0.948788,0.904043,1.04758,0.857377,0.954282,0.906066,0.927638,1.10539,0.842044,0.92933,1.04495,1.00635,0.779446,0.90061,0.870331,0.893463,0.88612,0.876456,0.938279,1.05921,0.990294,1.00452,0.904215,0.919675,0.801554,0.904836,0.85915,0.873226,0.866192,0.858068,0.880973,0.999302,0.86736,1.04798,0.884883,0.928413,0.966808,0.944428,0.947497,1.04669,0.933462,0.974573,0.983858,1.00294,0.88642,0.99225,0.861713,1.00617,0.933361,0.963913,0.911025,0.874511,0.776065,0.947519,0.904226,0.960712,0.890965,0.871377,0.877483,0.979837,0.941585,1.03688,0.870315,0.924372,0.975529,0.953642,0.873513,0.833288,0.930633,0.820127,1.05645,1.01773,1.05376,1.05153,0.903073,0.901604,0.917895,0.767124,0.89306,0.929484,1.06403,0.873525,0.694906,0.888564,0.718304,0.938275,0.875002,0.909931,0.881687,0.913101,0.75513,0.919988,0.852419,0.78824,0.843556,0.846253,0.896684,0.963126,0.758785,1.02331,1.06664,0.971793,0.872284,0.908987,0.939209,0.984209,0.91554,0.807343,0.936082,0.969793,0.853656,1.00952,0.902711,0.970925,1.03698,0.936864,0.908355,0.890725,1.14576,0.801535,1.04238,1.01894,0.865194,0.831012,0.983358,1.11068,0.944845,0.844922,0.787561,0.998526,0.921937,1.04155,0.959695,0.96063,1.03073,0.871168,1.10146,0.872984,0.941099,0.986511,0.778411,0.932399,0.953693,0.9041,0.868068,1.04129,0.934654,0.9887,0.84984,0.955115,0.868117,0.961447,1.00294,0.847877,0.944016,0.887484,0.97962,0.890022,1.01265,0.903948,0.88458,1.02887,1.06483,0.761084,0.943738,0.961493,0.858498,0.878965,0.888385,0.798128,1.01856,0.946591,0.951424,0.966312,0.90856,0.923312,1.10767,0.921874,0.909535,0.824762,0.932758,0.803747,0.853196,0.741,0.995202,1.0408,0.955039,0.895659,0.904178,0.934913,1.10922,0.985215,1.03303,0.907515,1.08052,0.925188,0.933511,0.97932,0.964711,0.93466,0.86622,0.97935,0.942426,0.890595,0.973115,1.10877,0.696336,1.17914,0.823731,0.796219,0.857711,0.860627,0.824245,0.809611,0.865517,0.959374,0.94969,0.982258,0.825098,0.789079,0.756145,0.842492,0.960185,1.06495,1.02367,1.00243,0.868824,0.811753,0.913356,1.00523,1.09043,0.970127,0.751567,0.961182,0.902128,0.962548,1.00895,0.868106,0.968383,1.09252,0.890628,1.0325,0.979908,0.831592,0.834645,0.922397,0.902741,0.704852,0.986273,0.974507,1.02293,1.10025,0.899853,0.897628,0.909486,0.991518,0.991224,0.944695,0.998644,0.7807,0.90075,0.865192,0.829865,0.771618,1.00944,0.924859,1.00904,0.86525,0.847468,0.956407,0.951077,0.991545,0.951616,0.930461,1.02523,1.01519,0.854095,0.868134,0.759057,0.986085,0.840443,0.963978,1.02626,0.878229,1.04411,1.00666,0.95208,0.858589,0.870231,0.816642,0.922889,0.920657,0.914518,0.805147,0.868314,0.888191,1.09677,0.8173,1.0616,0.836777,0.739993,0.901457,0.861813,0.92708,0.930581,1.01023,0.940829,0.899664,1.02631,1.07085,0.972253,0.885791,0.826192,1.05197,0.859854,0.872929,0.769563,0.957664,0.804124,0.962149,0.884983,0.925566,0.895023,0.84812,0.873445,1.04526,1.00928,0.854451,0.915651,0.929692,0.821289,0.730758,0.817679,0.884452,0.994408,0.994922,1.0692,0.959435,0.890646,0.960207,0.965501,0.967313,0.802635,0.794144,0.791738,0.869288,0.889917,0.876189,0.895689,0.931052,0.969577,0.875076,0.904272,1.12072,0.922665,0.883053,0.738995,0.924739,0.905741,0.922948,0.952483,0.73959,0.972732,0.902337,0.891508,0.945958,0.932149,0.900208,0.83191,0.907417,0.900711,0.882489,0.914558,0.940504,0.765715,0.948174,0.810427,0.911086,1.01135,0.831598,0.938338,1.04273,0.833958,0.870018,0.853565,0.736473,0.959778,1.0688,0.856773,0.971114,0.866897,0.76378,1.00238,0.9234,0.927239,0.90307,0.91036,0.931111,0.994325,0.996044,1.0322,0.79858,1.09137,0.988514,0.952655,0.936051,0.929736,1.00008,0.987019,0.822404,0.872597,0.96111,0.924415,0.957459,1.06653,0.929523,0.908562,0.959203,1.15692,0.902929,0.958064,0.966999,0.932877,0.976973,0.950344,0.945974,0.89644,0.937355,0.967428,0.868019,0.821674,0.961029,0.966034,0.884585,0.93957,0.983436,0.840438,0.901561,0.906365,0.861479,1.00746,0.943736,1.00315,0.891519,0.885313,0.875068,0.930621,0.910432,1.02904,1.01732,0.871301,1.02753,0.95311,1.22659,1.01647,0.898897,0.908746,0.99664,0.83494,0.848213,0.898706,0.955874,0.867843,0.866812,0.964411,0.765091,0.986101,1.04405,1.08868,0.803096,0.911157,1.02973,1.00011,0.946197,1.10721,1.00751,1.01448,0.952314,0.997399,0.910236,1.1486,1.01138,0.973107,0.856261,1.16967,1.06403,0.931972,0.977275,0.885202,1.10312,0.835963,0.959346,0.9477,1.03635,0.861724,0.933804,0.819331,1.0117,0.929744,0.834727,0.894265,1.10787,0.911562,0.909329,0.816107,0.939256,0.782995,0.912015,0.938284,0.854794,0.981274,0.97329,0.940793,1.01134,0.897548,0.965273,1.03647,0.867712,0.750331,0.879954,0.842092,0.966733,0.949793,0.999083,0.924803,0.858223,0.965149,0.990219,0.868279,0.879482,0.905926,0.977578,0.896881,0.860248,1.02694,0.962676,0.909701,0.998719,0.921226,0.90021,1.00227,0.827035,0.928886,0.887458,0.868365,0.87301,0.766143,1.01062,0.916257,0.872299,1.0118,1.05666,0.970182,0.934755,0.840995,0.870899,0.88426,1.01724,0.864636,0.95923,0.787807,0.913752,0.975104,0.915785,0.995621,0.844564,0.916723,0.887348,0.961293,0.863796,0.870183,1.03272,0.854283,0.904895,0.835627,0.998234,0.928562,0.990535,0.871487,0.903668,1.13547,0.836906,0.948011,1.09168,0.881818,0.900001,0.843769,0.884626,0.923237,0.885385,0.797648,0.977828,0.966856,1.05145,0.863508,0.926802,1.03801,0.890322,0.835986,0.837615,0.901687,0.785815,0.860898,0.914857,0.979544,0.876237,0.873741,1.06833,0.817433,0.909534,0.89412,0.916195,0.92937,0.866535,1.1516,0.841852,0.955059,0.865367,1.08887,0.844969,0.827535,0.789976,1.01518,0.983839,0.956523,1.00915,0.918767,0.954252,1.02646,0.883279,1.06902,0.860854,0.976414,0.85171,0.911961,0.803548,0.849015,0.898033,0.735471,0.790766,0.956879,0.903979,0.797109,1.0705,0.887457,0.930574,1.01668,0.990104,0.902598,0.986049,0.833376,0.850121,0.932382,0.859729,0.829393,1.02199,0.971198,0.955615,0.925112,0.867291,0.927873,0.85106,0.957115,0.872429,1.01639,0.926528,1.04026,0.920899,0.935598,0.957927,0.921805,1.00013,0.828234,0.94169,0.920457,0.892448,0.926058,0.962574,0.857373,0.8131,0.922031,0.879197,0.938565,0.831282,1.11702,0.903325,0.836644,0.923724,0.825006,0.931663,0.896622,0.945015,0.988904,0.919978,0.998045,0.822494,0.775848,0.968232,0.944035,1.00852,0.95798,0.87452,0.983397,0.892065,0.866981,0.935101,1.00988,0.82984,1.01238,0.935072,0.885653,0.913969,0.973988,1.18716,0.826064,0.830673,0.866282,1.04943,0.974649,0.836629,0.893495,0.992223,0.943172,0.992098,0.976231,0.964746,1.04966,0.838179,0.972396,0.904942,0.925756,0.768039,0.936052,0.86115,0.942398,0.932836,1.01377,0.832378,0.916781,0.837764,1.00199,0.889593,1.04758,0.966921,0.975288,0.930092,0.970941,0.93593,0.911492,0.86352,0.998102,0.981315,0.947195,0.787042,0.913207,0.948903,0.942126,0.884214,0.996388,0.801202,0.919653,0.903196,0.992243,0.902839,1.03592,0.970075,1.05948,0.78016,0.81825,0.925665,1.02996,0.877492,1.0037,0.73418,0.861886,0.939547,0.95942,0.958145,0.907703,0.993445,0.981144,0.856891,1.03474,0.911361,0.918104,0.940389,0.91755,0.843893,1.01153,0.755156,0.875348,1.01244,0.830489,0.941415,0.93075,1.06776,0.930894,0.919731,0.838925,0.86587,0.896453,1.05787,0.860985,1.02508,0.886758,0.861894,0.869118,0.856588,0.797782,1.07604,1.0075,0.930597,0.926617,0.937069,0.791969,0.856097,0.93598,0.806684,0.954952,0.958608,0.816027,0.778752,0.975184,0.907716,0.842846,0.841582,0.884205,0.847152,0.847088,1.06525,1.08224,0.81056,0.887215,0.963544,0.766412,0.951091,0.93783,0.918205,0.945462,0.973432,1.10583,0.965727,0.957764,0.928187,0.831076,0.999072,0.879935,0.919193,0.94778,0.85882,0.87872,1.01554,0.832409,1.05234,0.979637,0.988426,0.92068,0.91492,1.01281,0.756746,0.851856,0.989996,1.04724,0.82284,0.933083,0.810339,1.02137,0.807143,0.987593,0.938718,0.972588,0.784881,0.792327,1.02675,1.05562,1.09395,0.900609,1.04435,0.992263,1.06763,0.978409,0.915443,0.827134,0.996893,0.97808,0.835317,1.07816,1.01608,0.784202,0.980039,0.845327,0.946251,1.00039,0.860725,0.913642,0.872757,0.998185,0.983733,1.06804,0.958002,0.949142,1.10468,0.987942,0.925012,0.882866,0.969417,0.921019,1.02824,0.969476,0.858486,0.887504,0.938629,0.961149,0.902792,0.797571,0.847869,0.925214,0.752249,1.05002,0.868599,0.891731,1.03866,0.834418,0.906436,1.01063,0.953889,0.898791,0.879642,1.09819,0.946543,0.739152,0.917627,1.07196,0.993079,0.775617,0.862223,0.941062,0.909024,0.881153,1.05945,0.979621,0.957056,0.972715,1.02385,0.805795,1.02409,1.164,0.943296,0.776426,0.834114,0.858366,0.758289,0.809777,0.89,1.01443,1.07742,0.762453,1.06245,1.02615,0.915451,0.952175,0.90057,0.945292,0.912321,0.876411,1.08455,0.772665,0.968891,0.930095,0.843208,0.992614,0.937734,0.886624,1.00363,0.726788,1.03948,1.10152,1.04069,1.03141,0.946314,0.80845,0.751956,0.902198,1.03057,0.952327,0.965796,0.841388,0.743537,0.853363,0.956209,0.97264,0.860112,0.99886,0.913431,0.905317,0.929528,1.04325,0.943564,0.981072,0.906914,0.787415,0.804273,0.97607,0.79725,0.891075,1.04535,1.09111,0.87635,0.877447,0.898439,0.995137,1.05761,0.96512,0.954896,1.01071,1.11406,0.938566,0.881347,0.955223,0.936541,0.797969,0.939069,0.859752,0.823675,0.978276,1.09435,0.927747,0.90071,0.927187,0.962349,0.875264,0.878201,0.892316,1.04716,0.897884,0.911075,1.00162,0.878141,0.78976,0.815625,0.868652,0.905614,0.972372,0.933877,1.11597,0.858048,0.801829,0.883636,0.807884,0.947087,0.921739,1.0365,0.970839,1.04607,0.803702,1.03331,0.988529,0.923363,0.869115,0.924147,0.900942,1.00847,1.0187,0.891294,0.87519,0.976555,0.707422,0.989824,0.773093,0.787761,1.0625,0.763722,0.89202,0.956524,0.934958,0.950612,0.904225,0.816401,0.978812,0.896864,0.885706,1.05927,0.824653,0.836071,0.760365,1.05771,0.903617,0.923759,0.890167,0.943634,0.90247,0.975409,0.935213,0.814993,0.886526,1.03871,0.902907,0.972123,0.914227,0.89544,1.04739,1.01147,0.904596,0.997258,0.985379,0.988675,0.868751,0.864324,0.915119,1.02112,0.894274,0.902472,0.982829,0.974959,0.897763,0.922593,0.894145,0.971532,1.00536,0.902951,0.762461,0.846318,1.02605,0.904457,1.22946,0.878568,0.838289,1.02014,0.845336,0.809845,0.929768,0.983305,0.832281,1.01606,0.910907,0.876029,0.914177,0.961963,0.947433,0.931424,1.13769,0.933592,0.815764,0.997716,0.861422,0.968892,0.921481,0.895215,0.846361,0.966306,0.972552,0.931831,0.919683,0.939705,0.838077,0.951746,0.8719,0.796288,0.703432,0.812236,0.86875,0.827384,0.894309,0.954153,0.985939,0.872924,0.942113,0.774246,0.832058,0.872538,0.995346,0.973639,0.923056,0.881189,1.02538,0.883187,0.906344,0.835219,0.893424,0.96999,0.816787,0.896577,1.02508,0.876477,0.850342,0.880434,0.835963,0.83278,0.949846,1.00021,0.90162,0.899104,1.04574,0.912488,0.826173,0.778536,0.974378,0.875335,0.919744,0.839845,0.937206,0.915948,0.873191,0.97035,0.905018,0.863221,1.00799,0.953445,1.02233,0.996973,0.958921,0.954231,0.836886,0.978461,0.955038,0.851544,0.975449,0.891702,1.05262,0.965891,0.879566,0.913388,0.986334,0.977648,0.935539,0.804322,0.863665,0.997148,0.997894,0.914265,1.03127,0.988185,0.824273,0.913486,1.07705,0.991718,0.931641,1.01208,1.07974,0.833901,0.88461,0.94837,0.981677,0.721297,0.863052,0.970475,1.02489,0.939559,0.913109,0.926903,0.88185,0.95853,1.09284,0.853688,0.979623,0.896863,0.922713,0.835692,0.908025,0.869982,0.878105,1.00056,0.865686,0.863241,1.04081,0.846576,0.880446,0.962599,0.960172,0.948317,0.749095,1.08527,0.920813,0.975018,0.853296,0.951963,0.843737,0.84799,0.887865,1.04277,0.823964,0.921498,0.996378,0.933704,0.861989,0.847399,0.821516,0.969507,1.03267,1.02251,0.774279,0.942852,0.843874,1.02465,1.00311,0.94995,0.927963,0.844835,0.959764,0.732862,0.964658,0.915071,0.83965,0.921105,1.00643,1.04215,0.948069,0.881509,0.892917,0.912264,0.901495,0.692525,0.809023,1.01303,1.02395,0.809527,0.949659,0.944919,1.07222,0.823325,0.917759,0.824977,0.968467,0.796598,0.947824,1.04054,1.0582,0.822371,0.883888,1.04597,0.972455,0.805408,0.907095,1.02631,0.993539,0.957854,1.0275,0.98741,0.895409,0.847182,0.887474,0.835289,0.899776,1.01845,0.832012,0.924137,0.967588,0.873774,0.883945,0.847194,0.927788,0.869051,0.835484,0.830258,0.951514,1.04168,0.870488,0.915522,0.891949,0.870553,1.05915,0.961589,0.808282,1.00003,0.910832,0.951272,0.893079,1.12945,0.929532,0.769867,0.976412,0.962735,0.991033,0.920944,0.920693,0.88926,0.911634,0.715566,0.902772,0.824926,0.947698,0.881127,0.868822,0.879489,1.10706,0.849221,0.992927,0.830565,0.84894,0.809228,0.948304,1.05003,0.856017,0.964018,0.916821,0.952722,0.84568,0.897208,0.967491,0.976688,0.864355,0.896784,0.959548,0.879872,1.12781,0.906049,0.96135,0.893704,0.974744,0.96851,0.948756,0.960786,1.04426,0.880333,1.04263,0.996374,0.877408,1.0523,1.01157,0.786395,0.806526,0.907471,0.806816,0.815307,0.996913,0.934992,0.939233,0.901006,0.979993,1.00326,1.02931,0.94241,1.00274,1.02968,0.874346,1.02881,0.897529,0.837649,0.869456,0.872266,0.803128,0.887291,0.953598,0.996425,0.95693,0.905102,1.10116,0.868273,0.997762,0.926161,0.828829,0.827655,0.950583,0.843659,0.991131,0.764789,1.02957,0.792679,1.1469,0.953984,0.855076,1.03431,0.989168,1.09147,0.865638,1.05153,0.893904,0.925297,0.953735,0.864659,0.836877,0.857449,0.905288,0.881031,0.937731,0.816438,0.893137,1.06014,0.90599,0.995638,1.16303,0.829907,0.849394,0.909825,0.918423,1.02866,1.02023,0.786106,0.814125,0.819599,1.03746,1.01616,0.800038,0.97753,0.881377,0.881983,0.854253,0.89481,0.897588,0.951583,0.875666,0.987962,0.83195,0.871743,0.983467,0.908123,0.964233,0.92783,1.00654,0.908942,0.89154,0.940448,0.97104,0.85008,0.985265,0.999892,0.948288,0.989801,0.940275,0.938114,0.947518,0.970722,0.828143,1.10203,0.932851,0.958463,0.959754,0.902803,0.775858,0.915222,0.915574,0.923762,0.961615,0.930405,0.970407,1.04099,0.917351,1.08268,0.990726,0.831405,0.830167,0.946287,0.99929,1.05842,0.817426,0.813532,0.932822,0.916348,0.76591,0.832662,0.839123,1.07003,0.969423,0.795875,0.966153,1.07334,1.03457,0.944422,1.02403,0.922898,0.897673,0.885561,0.807473,0.911363,1.05445,0.951214,1.05314,1.02316,1.01384,0.867075,1.04595,0.938448,0.972589,0.950592,0.813459,0.838178,0.879211,1.03084,0.738803,0.763331,0.909156,0.949434,0.914714,0.84243,0.915409,0.842079,0.903351,1.03463,0.856259,0.963993,1.07588,1.01268,0.992494,0.805497,0.955326,0.844654,1.15327,0.912316,0.977811,0.950483,1.02396,0.944811,0.931321,1.00141,0.838688,0.967298,0.898475,0.994475,0.914488,1.13423,0.93361,0.789963,0.900494,1.04867,0.912757,0.824979,1.06498,0.870048,1.04596,0.887241,0.882473,0.902662,0.803328,0.974144,0.919207,0.917354,0.905297,1.0673,1.20508,1.01355,0.786255,0.849645,0.952131,1.11491,1.22181,0.840044,0.931693,0.864214,0.990583,0.831686,1.05031,1.12285,0.958714,0.950204,0.820165,0.989965,1.06069,0.836797,1.00438,1.00866,0.952136,1.05829,0.923093,1.05122,0.94126,0.964406,1.05921,1.04911,0.967801,1.04351,0.904986,0.917752,1.05129,0.886892,0.967003,0.862987,0.794604,0.827948,0.847805,0.951383,0.985654,1.08724,0.834655,1.00625,0.967042,0.89127,1.0144,0.924578,0.98923,1.04012,0.993915,1.01354,0.847803,0.882358,0.860998,0.997451,0.950096,1.10656,0.833956,0.954242,0.945458,0.846788,1.01644,0.905091,0.985627,1.05146,0.961682,0.789437,0.995324,0.930666,0.92353,0.954009,1.00275,0.826107,0.9419,0.875836,0.939663,0.861591,0.85694,0.774923,0.989432,0.862885,0.851394,0.884991,0.876638,0.96222,1.121,0.828432,0.880773,1.00743,0.927682,1.03128,0.919212,1.00397,0.855302,1.00975,0.942834,0.832725,0.98495,0.822103,0.789212,1.071,0.843609,0.904564,0.970431,0.872369,0.989135,0.948958,0.968382,0.994941,0.934141,0.944739,1.03972,0.926809,0.967276,0.957917,0.974642,1.00441,0.836114,0.834529,1.01507,0.925059,0.927856,0.819662,0.910128,0.955693,0.84941,0.849395,0.899835,0.762166,0.826466,0.891589,1.08921,1.02003,0.897857,0.941925,1.0097,0.977946,0.951189,0.829114,0.905675,0.823292,0.914378,0.919201,0.950967,0.868075,1.00877,0.75917,0.93591,1.05878,0.886543,0.987556,0.845472,0.797026,0.853087,0.964388,0.837313,0.809416,0.918059,1.05749,1.04027,0.848509,0.933806,1.00957,0.846442,0.995767,0.841773,1.02123,0.943879,0.914981,0.842509,1.01546,0.95305,0.839231,0.887289,0.833422,0.82759,0.765313,0.832611,1.02152,0.898667,1.15719,0.849099,0.874316,1.08551,0.957377,0.933483,0.912827,0.937687,0.877107,0.869977,0.776848,0.952801,0.990842,1.19119,0.883019,0.915753,0.998131,0.890419,0.859791,0.936426,0.961979,0.820775,0.789502,0.945991,0.904467,0.980244,1.02851,1.02594,0.877255,0.752161,0.860731,1.02405,0.859905,0.943676,0.85547,0.95564,0.879471,0.858549,0.919537,1.03127,0.980162,0.997555,1.14607,0.798707,0.887764,0.892172,0.931499,0.941828,0.889037,0.979647,1.00259,0.686813,0.752799,0.933108,0.953087,1.02788,1.05647,1.00049,1.20435,0.868632,1.03597,0.954923,0.938942,1.02616,1.04391,1.00688,1.06297,0.982798,0.918383,0.939641,0.943377,1.16016,1.02055,0.862027,0.910131,1.00633,0.916251,0.848659,0.849459,0.926371,1.02303,0.794294,0.990171,1.02483,0.957467,0.772301,0.920947,1.10769,0.955832,0.888587,0.885219,0.912772,0.990149,0.933939,0.916063,0.996631,0.933465,0.855931,1.02648,0.976285,0.923595,0.940087,0.880821,0.940594,0.929632,0.871254,0.771335,0.934985,0.86183,1.03142,0.853699,0.698112,0.80921,0.882628,1.02618,1.04789,0.866855,0.917407,1.00623,0.985164,0.931361,0.924741,0.882667,0.850113,0.911474,0.825318,1.00393,0.952259,0.986565,0.973883,1.01887,0.935614,0.95308,0.993152,0.935942,1.1791,0.973646,0.927759,0.823109,1.01931,0.883714,0.977811,0.904989,0.950094,1.02143,0.852511,0.838138,1.09871,0.925183,0.950351,0.88342,0.786986,0.919053,0.827,1.02943,1.09952,0.878491,1.1468,0.889486,0.864757,0.943618,0.832771,0.835449,0.982054,1.03656,0.889331,0.977968,0.876528,0.933094,0.997194,0.84383,0.840458,0.884918,1.00101,0.901969,0.824969,0.881643,0.951632,0.988003,0.871204,0.959902,0.994869,0.996538,0.917476,1.09741,0.937529,1.04783,0.980363,0.786223,0.845492,0.966723,1.03148,1.0136,0.967804,1.17706,0.902616,0.767672,0.913492,1.01025,0.891745,1.0506,0.988736,0.923746,0.965306,1.22217,0.845232,0.830614,1.00634,0.900343,1.01174,1.03033,0.988164,1.08401,0.811202,0.984799,0.921359,1.02123,0.855787,0.926733,0.995781,0.842263,0.818059,0.81712,0.813921,0.851183,0.768337,0.908089,0.975658,0.96541,0.876121,0.948716,1.00564,0.939768,1.04402,0.886816,0.887677,0.870569,1.15179,0.825656,1.02023,0.878599,0.946084,1.01866,0.819556,0.996697,0.954346,0.795631,0.914666,0.902803,0.969381,0.88327,0.94779,0.812029,0.958849,0.922792,0.939994,0.888086,0.963097,0.952377,0.923937,1.03829,0.97607,0.89807,0.885399,1.02906,0.829266,0.928521,0.872008,0.958864,1.08905,0.837575,1.0282,0.885733,1.02136,0.96385,0.827599,0.914802,0.836514,0.931256,0.789908,1.00367,0.974433,0.878454,0.993612,0.846413,0.861153,0.965901,1.06721,0.870175,0.972293,0.94946,0.872931,0.951274,0.808571,0.883004,0.938598,1.07877,0.979706,1.01136,1.02303,0.926777,0.776777,0.961434,0.914801,0.932501,1.07484,0.849421,1.02962,0.847945,1.0819,0.863616,0.956467,0.977122,0.998703,1.02894,1.06564,0.938494,0.908259,0.861193,0.874545,0.893535,0.991854,0.799937,0.835845,1.0617,1.07401,1.14405,0.983174,0.994272,1.0074,0.966034,0.966206,0.818133,0.88668,1.03539,0.895325,0.782967,0.840243,0.894983,0.970884,1.01757,0.834719,0.925656,0.871876,0.809203,0.739205,1.06083,1.00729,0.981645,0.94909,1.04206,0.846501,0.954195,0.920348,1.03911,0.806637,0.936247,0.939878,0.921972,0.938177,1.01929,0.840965,0.945464,0.767671,1.04532,0.954292,0.819737,1.02527,0.98784,0.842603,0.968739,0.954945,1.02596,0.908198,0.928933,1.05368,0.971632,0.854187,0.843852,0.820026,0.866672,0.935275,0.856959,0.891472,0.932929,1.06006,0.874024,0.900925,0.945577,0.83338,1.00849,0.993544,0.901747,0.868406,0.958908,0.860787,1.04125,0.862091,0.900065,0.812743,0.887883,0.915592,0.922884,0.991089,0.980068,0.927588,0.934803,0.880226,0.853561,0.819629,0.923179,0.929777,0.921909,1.03174,0.964215,0.849484,0.94733,0.971857,1.03054,0.865926,0.976713,0.858753,1.0283,0.947412,0.93236,0.938174,1.05332,0.932051,0.975664,1.06158,0.839672,0.835263,0.823905,0.8704,0.944009,0.893993,0.897102,1.00196,1.05726,0.900724,0.89963,0.804171,0.982756,0.884648,1.13876,1.05205,0.93132,0.907167,0.883457,0.981545,1.02692,0.851554,1.00218,0.907037,0.915457,0.95431,1.04595,0.979501,0.832589,1.06885,0.91264,0.851658,0.903539,0.880317,0.854175,1.07959,0.868691,1.07364,0.84658,0.949677,0.889845,0.957474,0.764687,0.903523,1.1002,0.995132,1.14361,0.862069,1.01855,0.930172,0.892309,0.894762,0.722257,0.979851,0.880612,0.88916,0.879381,1.03703,0.933964,0.990269,0.872896,1.02571,0.915818,0.933218,0.946496,0.944367,0.91759,0.902122,0.890031,0.832789,0.962036,0.804442,0.856927,0.872541,0.893706,0.842214,0.992927,0.841583,0.830275,0.935134,0.895656,0.884602,1.00682,0.973382,0.965839,0.961175,0.804064,0.991429,1.09353,0.868775,0.869305,1.06626,1.04751,1.02018,0.866236,1.06716,0.988976,0.919663,0.890355,0.885338,0.984706,0.913111,0.855094,0.862926,0.922284,0.82279,0.766312,0.941182,0.992856,1.03329,0.844881,1.04588,0.907138,0.960477,0.924765,0.859912,0.949032,1.078,0.898508,0.941395,0.957284,0.952439,1.07686,0.974857,0.888906,0.79664,1.04608,0.985088,0.767572,0.911961,0.84173,0.924403,0.916315,0.866402,0.887871,0.903336,0.841649,0.92128,1.00056,1.08268,0.904921,0.885209,0.977545,0.9162,0.979265,0.91253,1.00258,1.01447,0.881611,1.05529,0.934149,0.892098,0.842815,0.961428,0.924918,0.845589,0.821033,0.991134,0.912718,0.746484,0.969185,0.942334,0.956422,0.896381,0.979575,0.792922,0.906686,0.812109,0.890649,0.974153,0.82079,0.891913,0.957733,0.965534,0.867243,1.00753,0.942065,0.896862,0.856663,0.904341,0.906474,0.928398,1.1748,0.839643,0.826061,0.86364,0.931996,0.964487,0.891703,0.887061,0.890668,0.869971,0.991932,0.983038,0.866536,1.03496,0.772695,1.05298,0.798132,0.950689,1.0043,1.06565,0.956675,1.10397,0.85334,0.857991,0.904904,0.958961,0.955003,1.01399,0.953061,1.12997,0.832249,0.956424,0.866849,1.0069,0.720809,0.86727,1.08096,0.953737,0.784555,0.954714,1.16335,1.06981,0.976126,0.946004,0.959243,0.826173,1.00932,1.04726,0.836995,0.891185,0.870288,0.935517,0.990535,0.948223,0.913222,0.873194,0.982108,0.862293,0.961966,0.908405,1.10024,0.76185,0.802445,0.86391,0.973606,0.839971,0.910536,0.821201,1.00004,0.774326,0.923918,0.915742,1.05402,0.941569,0.950566,0.918823,1.05504,0.937524,0.896783,0.944294,1.1204,1.00739,1.11169,0.89272,0.942052,1.0747,1.04024,0.876259,0.979948,0.796405,0.924852,0.935108,0.992446,0.888779,0.96025,0.923884,0.855484,0.967302,0.980837,0.965857,0.979585,0.929809,0.963538,0.860352,1.07194,0.837295,0.865127,0.969168,0.827838,1.00315,0.927667,1.11379,0.878021,0.893316,0.95309,0.925489,0.835757,0.91688,0.877458,0.880053,0.988823,0.936735,0.905653,0.84918,0.95532,0.989056,1.04222,0.897553,0.977213,0.87789,0.97834,0.885027,0.978995,1.143,1.0243,0.955832,1.0027,0.92859,0.929175,0.886233,0.831141,1.04591,0.899562,0.981841,1.0033,0.948425,1.06312,0.712548,0.931208,1.03573,0.914959,0.961467,0.869745,0.959722,0.904713,0.847749,0.866094,0.729567,0.924678,0.737933,0.99087,0.817297,0.917708,1.05729,1.02225,0.843616,0.936235,0.921097,1.01866,0.77456,1.02982,1.04059,0.944108,0.859901,0.857531,1.0825,0.873675,0.962495,0.938992,0.911667,0.924046,0.871699,0.967095,0.92039,0.809521,0.839302,0.960175,0.771913,0.869304,0.846058,0.935111,0.889064
2,0.909975,0.975643,0.997777,0.752183,0.93393,0.765823,1.27641,1.33588,0.715048,1.169,1.15875,0.717236,0.649405,0.877814,1.14428,0.921898,1.25339,0.987829,0.690969,1.13073,1.01002,1.2384,0.774237,0.741808,0.808836,1.28267,1.17809,0.761792,1.16429,1.87454,0.772373,1.18185,1.13975,1.11122,1.01219,0.986715,1.08453,0.824458,1.17225,0.613897,0.953733,0.94125,0.8477,1.16878,1.08135,1.04381,1.73748,0.750913,0.96886,0.959367,0.835614,0.957575,0.911238,0.922945,1.00824,1.01977,0.745501,0.904681,0.93757,0.887734,0.998354,0.815164,0.706627,1.04271,0.977353,0.989457,0.890005,0.780168,0.591555,0.739889,1.15096,0.921801,1.14965,0.816408,0.906298,0.873143,0.88394,0.949928,0.704731,0.963686,0.94849,0.707385,0.759503,0.759796,0.785359,0.663627,1.1176,0.996476,1.1987,1.43293,0.788817,1.3241,1.23153,0.947692,0.954032,1.01878,0.926656,0.805569,1.06839,0.975628,0.82397,0.898622,1.11965,1.05197,0.865227,0.965173,1.04614,1.49907,0.966755,0.988832,0.995738,1.03577,0.860107,0.759833,0.869579,0.964268,1.13988,0.713788,0.797691,0.996014,0.907523,1.0446,1.5387,0.744095,0.776518,1.08964,1.6225,1.0948,0.911676,1.0906,1.04012,0.951603,0.843942,0.965029,0.89351,0.799305,1.16367,0.689834,0.986877,1.01576,1.02288,0.929538,1.15376,0.575638,1.0465,1.21101,1.10253,0.724533,1.18367,1.02158,1.21051,1.05483,0.647111,0.882533,0.977176,1.25083,1.1951,0.827124,0.635127,0.728963,1.29941,0.7184,0.793925,0.976575,0.861911,1.00675,0.964555,1.02341,0.926458,0.776831,0.780398,0.559984,1.05456,1.21798,1.09316,0.929304,0.704334,1.20926,1.14046,0.880708,1.43844,1.59209,0.932382,0.890731,1.45716,0.922689,0.716718,0.988253,1.44261,1.20021,1.04205,0.948121,1.11417,1.09562,0.980055,0.888093,0.934976,0.954158,1.06632,1.11993,1.26471,1.05718,0.789624,0.812953,1.06662,1.16609,1.06719,0.983784,0.876534,0.7213,1.14376,0.658934,0.94473,1.10697,0.954539,1.0526,0.915994,1.17666,0.870718,0.876718,0.800817,1.20042,0.851457,1.08295,0.780446,0.720147,0.906855,0.789984,0.990818,0.812618,1.38261,0.683591,0.883847,0.862441,1.08818,0.662823,0.895885,1.03024,1.01966,0.94066,1.05789,0.793382,1.25339,1.03156,1.42732,1.16924,0.821797,0.85074,1.08772,1.20635,0.879516,0.816773,2.03367,0.680743,0.67171,0.920206,0.773631,0.997729,1.26874,0.544681,0.929983,1.26019,0.642095,0.827076,1.30374,1.30821,1.15177,0.794667,0.897499,1.17824,1.09273,0.956068,1.1833,1.53105,0.653635,0.945226,0.753336,0.908228,0.632613,0.815067,0.958878,0.939915,0.851288,0.805145,0.674657,0.977248,0.652103,0.674645,1.09738,1.12539,0.817425,0.671365,0.933405,0.95361,1.0953,0.936453,1.23544,0.809573,0.955685,0.728448,0.983812,0.721353,1.18653,0.898536,0.926348,1.15168,0.872666,0.920965,0.888987,1.14917,1.11334,0.952936,1.33838,1.34279,0.76178,1.12923,0.744735,0.851424,1.13814,0.844452,0.816268,0.879671,0.799403,0.933124,0.918783,0.92313,0.894016,0.943168,0.675628,0.655864,1.03101,0.997711,1.41317,1.07467,0.864165,0.861094,0.871419,0.632058,1.27282,0.754431,0.657715,0.652734
3,0.800875
4,0.939997
5,1.0035
6,1.02363,0.879794
7,0.745092,1.00152
8,0.977617
9,1.08106
10,1.26311,1.66308
11,0.624364
12,1.09864,0.734559
13,0.746404,0.991572,0.987123,0.687102,0.783732,0.70319,0.748269
14,0.851714,0.878566
15,0.828466,0.786407,0.725813,0.957271,0.86596,0.821881,0.561792,0.862017,0.707733,0.692021,0.953808,0.977407
16,0.786074
17,0.964681
18,0.822848
19,0.631666
20,1.1279
21,1.01318
22,1.11921
23,0.804246,1.12484,1.04421,0.875885,0.847952,0.996962,1.18404,0.920356
24,1.25652
25,0.723485
26,1.35707
27,0.391294
28,0.910392
29,1.03108
30,0.700682,1.06121,1.01347
31,1.01931,1.15661
32,0.437536
33,0.932458,0.833857,0.935532,0.853503,1.19922,0.943556,1.07439,0.934031,1.08727,0.860815,0.591956,0.871309,0.872538,0.810266,1.02078,0.742485,0.792246,0.88302,0.793902,1.18749,1.54859,0.928558,0.816645,0.887125,0.706283,0.719416,1.13177,0.823658,0.784504
34,1.00171
35,1.15732
36,0.923453
37,0.960627
38,0.554365,0.829729
39,0.682839
40,0.73353,0.992428
41,0.803875,1.03722,0.802557
42,1.26875,0.828726
43,1.13413,1.02319,0.863687,1.0141,1.15616,1.00087,1.21206,0.892247,0.938699
44,1.12029,1.34806,0.96673,0.928839,1.09408,0.935017,0.838093,0.731093,0.995033,0.851046,1.18868,0.766268,0.703013,0.740415
45,0.839135,1.28202,1.08191,1.00101,1.21271,1.41954,1.13954,1.14664,1.0159,1.091,1.35272,1.34814,0.94361,1.10501,1.06949,0.800079,1.03286,1.70376,1.047,0.71921,1.10756,1.05525,0.878922,1.30239,1.04567,1.05926,0.992219,0.871535,1.09493,1.17183,1.12122,0.827393,1.18492,1.13256,1.15618,1.09536,0.980128,1.18922,0.958227,1.12101,0.873481,0.984339,1.04852,0.834802,1.09889,1.04127,1.23688,0.992797,1.10552,1.14236,1.26439,1.69621,1.05958,0.787437,0.847212,1.14667,1.16195,1.49756,1.04241,0.974393,0.986282,1.11839,1.20007,1.21473,1.21801,1.25873,1.00205,1.00008,1.09365,0.950252,1.37182,1.13593,1.51142,1.23166,0.953217,1.19709,0.816558,1.10816,1.01456,1.33791,1.6436,1.13428,1.23182,1.40857
46,1.3809
47,0.887872,0.836971
48,0.906027,0.760982
49,0.882239,1.09697,1.39797
50,1.76714
51,0.949166,0.858872
52,0.725958
53,1.10437
54,0.638406
55,0.733301,0.853783,0.862559,1.05823,0.977447,0.880811,0.790001,0.727917,0.837823,0.806406,1.05857,0.938627,1.08725,1.00524,0.583793,0.91425,0.823729,1.04231,1.11976,0.958214,0.934139,1.11438
56,0.847841,0.830296
57,0.862843,1.14215,1.04474,1.27783,1.06949,1.05058,1.03049,1.06652,1.17438,1.05324,0.99379,1.7108,1.07817,1.62607,1.22329,1.14696,1.28761,1.81951,0.806053,1.5528,1.3216,1.19651,1.76551,0.929025,0.929448,0.874983,1.40806,0.887463,1.5508,1.0678,0.763344,0.901666,0.606868,0.605882,1.08227,1.27696,0.975758,1.08196,0.784555,1.07832,0.901591,1.58083,1.29783,1.12302,1.16507,1.20535,1.1575,1.02977,1.23051,1.29738,1.1423,0.903937,0.927262,1.03364,0.934264,0.705613,1.52425,1.18292,1.01604,1.2906,1.79342,1.07877,1.20298,0.973748,1.29358,1.0845,1.1144,1.37072,1.38196,1.0408,1.32103,0.959564,1.04314,1.65115,1.27961,0.723536,0.818033,0.89373,1.00366,0.712376,0.819681,1.02999,1.40445,0.813576,1.26959,1.13908,1.09672,0.917969,0.77492,0.784626,0.890719,0.995284,1.42624,0.998273,1.24812,0.858611,0.958342,1.04967,1.27685,1.27596,0.597908,1.14498,1.36445,1.36744,1.03938,0.895402,1.21755,0.726576,1.06487,1.27892,0.959717,1.08688,0.83186,0.708356,1.09889,1.14916,0.955913,1.0993,1.33475,1.18555,1.13098,1.16921,1.43856,1.33108,1.44195,1.54211,0.787887,1.39684,1.00535,1.18569,1.12671,1.18734,1.00014,1.17077,1.42536,1.27734,1.08231,1.69402,1.15435,1.16095,0.521056,1.44737,1.59709,0.730615,1.62147,1.50318,1.08838,0.821718,1.23437,1.6464,1.02884,1.31257,1.13987,1.25776,1.04614,1.03152,1.24354,1.23996,1.30571,1.14495,1.36986,1.61235,1.18487,1.07233,1.1717,0.917839,1.16268,1.56105,0.982111,1.22152,1.12862,1.20458,1.31569,1.71069,1.38015,0.849593,0.91449,0.968193,0.774002,0.66217,0.881212,0.983436,0.710014,0.941325,0.788641,1.55376,1.04348,0.81405,0.801117,0.987973,1.11397,1.37103,1.08264,1.31186,1.29811,1.11629,1.23207,1.20463,1.07302,1.24341,1.3547,1.64275,1.76059,1.09572,1.21384,0.981034,0.984722,1.02617,1.00478,0.923134,0.971175,1.51348,1.17096,1.01694,1.1406,1.28137,0.938093,0.873194,0.968156,1.1426,1.24597,1.23103,1.17657,1.26088,1.29523,1.35009,1.23878,1.25269,0.980976,1.12564,1.78623,1.32518,1.22373,1.31106,1.73259,1.29712,1.19897,1.03237,1.22703,0.88886,1.15195,1.21065,0.94432
58,0.919714,0.84172
59,1.19634
60,0.999914
61,1.03052,1.39254
62,0.858868,0.751967,0.91598
63,0.857165,1.10116
64,0.921178
65,0.969145,1.16157,0.754163
66,1.6957
67,1.15734
68,1.23184,0.844655,0.982278,0.798678,0.878634,1.24328,1.05893,1.05021,1.13713,0.996887,0.803625,0.907326,1.54109,0.697007,0.918159,1.14895,0.93341,1.00569,1.01327,0.77268,0.885626,0.809161,0.994004,0.724451,0.912563,0.970055,0.885823,1.13614,0.732612,0.841519,0.823682,1.05799,0.802385,0.949655,1.01145
69,0.956544
70,0.777202
71,0.813182,0.94512
72,1.03414
73,1.0131
74,0.949136,0.960596,0.894928
75,0.827328
76,0.779855,0.763795
