1,0,354,357,359,364,370,371
2,1,9,13,20,26,32,146,149,155,163,166,658,663,667,669,676,829,832,834,1255,1256,1260,1265,1272,1279,1280,1284,1286,1289,1292,1295,1299,1305,1306,1312,1316,1317,1320,1325,1329,1334,1336,1345,1347,1352,1356,1363,1368,1374,1382,1387,1394,1404,1408,1420,1423,1428,1433,1436,1438,1444,1448,1451,1456,1520,1831,1834,1837,1840,1844,1849,1853,1856,1859,1860,1905,1908,2119,2225,2226,2230,2234,2238,2244,2246,2250,2253,2256,2259,2267,2269,2273,2276,2562,2566,2570,2576,2706,2712,2717,2719,2761,2762,3048,3138,3141,3146,3489,3493,3496
3,2,6,14,21,27,31,41,48,58,64,69,76,78,85,90,95,100,124,126,151,154,171,173,179,181,224,227
4,3,5,15,18,28,35,40,47,55,62,72,75,79,93,104,106,113,119,128,135,137,156,161,167,175,180,184,187,190,194,197
5,4,7,12,22,25,30,760,765,768,1205,1210,1216,1218,1221,1224,1960,1963,1966
6,8,16,19,29,33,43,49,56,65,70,73,183,188
7,10,17,50,60,192,195,240
8,11,23,150,165,381,604
9,24,36,45
10,34,39,53,57,63,67,452,454,457,464,466,472,478,480,484
11,37,38,66,178,191,265,267,273
12,42,51,309,332
13,44,52,59,61,68,74,81,83,86,98,99,111,112,117,133,136,139,141,142,144,147,153,164,172,176,185,186,189,193,196,198,200,202,205,208,211,215,217,218,220,225,226,229,231,233,235,237,241,245,246,250,253,256,257,743,745,748,843,849,850,854,1062,1067,1073,1077,1084,1483,1487,1491,1498,1537,1543,1550,2164,2168,2170,2173,2175,2177,2178,2182,2185,2188,2192,2197,2455,2458,2460,2464,2466,2469,2476,2482,2488,2525,2530,2535,2540,2550,2764,2768,2770,2774,2777,2778,2780,2782,2784,2787,2792,2795,2905,2907,2909,2913,2917,2922,2927,2931,2938,2945,2956,2963,2965,3052,3053,3057,3060,3061,3063,3066,3583,3584,3587,3588,3591,3595,3596,3601,3603,3604
14,46,204,207,456,458,461,556,1296,1300,1302,1307,1313,1315,1318,1319,1326,1330,1335,1401,1410,1417,1424,1427,1431,1437,1439,1443,1446,1661,1666,1977,1986,2180,2732,2733,2736,2739,2740,2741,2745,2845,2849,2890,2910,2916,2921,2924,2930,2935,2937,2944,2955,2957,2968,2971
15,54,535,539,542,546,551
16,71,77,80,84,89
17,82,408,571,680,683,690
18,87,92,102,107,115,125,326,329,331,334,339,344,346,353,355,503,506,509,511,514,515,517,520,522,524,526,528,529,531,533,537,544,547,549,552,554,559,562,684,687,693,700,823,828,831,833,837,1085,1088,1089,1593,1710,1719,1730,1731,1739,1743,1744,1747,1749,1750,1754,1757,1759,1762,1990,1991,1992,1995,2014,2015,2016,2017,2018,2019,2021,2025,2028,2033,2037,2042,2044,2047,2048,2050,2052,2056,2061,2224,2228,2255,2261,2265,2270,2274,2279,2280,2284,2286,2294,2301,2306,2316,2318,2321,2322,2324,2329,2330,2339,2342,2350,2356,2362,2474,2480,2486,2493,2497,2502,2503,2505,2507,2510,2519,2520,2523,2528,2533,2538,2543,2546,2553
19,88,94,105,109
20,91
21,96,170,410,521,579,671,697,1026,1142,1288,1614,1682,1728,1816,1919,1956,2040,2233,2340,2511,2572,2590,2606,2788,2876,2980,2982
22,97,101,110,116,123,129,134,138,140,143,145,148,157,162,247,251,254,255,258,259,261,296,489,490,491,493,494,495,497,500,615,617,619,1007,1009,1010,1072,1078
23,103,108,114,120,131,496,594,597
24,118,127,431,639,844
25,121,130,550,553
26,122,132,286,290,291,302,306
27,152
28,158,160,222,228,230,232,234,236,239,243,397,400,404,406,447,499,501,502,505,508,510,513,651,653,660,661,665,672,675,678,681,689,695,699,702,705,770,775,779,782,813,815,818,957,1628,1636,1640,1643,1649,1654,1657,1893,1895,1898,1901,2107,2112,2118
29,159,262,340,498,534,614,616,794,918,975,978,1011,1015,1191,1194,1230,1233,1321,1322,1328,1333,1339,1343,1349,1435,1441,1525,1532,1784,1789,1814,2039,2085,2094,2853,2855,2859,2999,3614,3657,3663,3807,3900
30,168,263,278,394,492,698,722,1087,1159,1285,1376,1501,1631,1718,1946,1968,1978,2022,2122,2698,2727,2737,2811,2899,3378,3779,3816,4216,4638,5428,5830,5912,6517,6538,6608,6631,6844,6862,6930,7111,7120,7125,7162,7170,7226,7715,7936,8220
31,169,174,177,182,252,351,356,360,367,368,373,374,377,379,645
32,199,201,203,209,212,214,323,324,325,327,330,333,336,341,348,349,358,361,365,437,465,475,488,620
33,206,210,213,216,643,648,652,656
34,219,221,223,390,396,399,403,405,407,412,416,418,421,427,429,433,440,871,874,879,883,886,889,894,901,903,907,1036,1040,1041,1043,1046,1047,1049,1093,1099,1101,1105,1109,1113,1118,1122
35,238,242,244,248,857,861,864,867,869,872,875,880,884,888,890,895,900,904,908,910,911,912,913,914,915
36,249,311,313,317,319,321,637,641,642,646,649,655,659,662,668,674,708,711,714,718,721,802,804,806,809,810,858,859,862,865,868,921,924,925,1123,1127,1129,1132,1135,1136,1143,1151,1583,2236,2241,2245,2251,2297,2305,2313,2317,2376,2379,2380,2384,2385,2387,2390,2392,2610,2613,2616,2620,2623,2942,2949,2950,2973,2976,2987,2992,2993,3003,3007,3011,3013,3015,3020
37,260
38,264,362,409,413,415,518,762,769,772,774,778,780,783,848,893,899,902,1145,1148,1152,2139,2143,2147,2151,2155,2161,2166,2169,2217,2220,2222,2223,2227,2365,2366,2410,2412,2417,2419,2446,2456,2621,2624,2629,2634,2640,2645,2648,2720,2721,2722,2723,2724,2725,2726,2821,2826,3018,3022,3044,3045,3046,3148,3151,3214,3217,3221,3224,3506,3513,3520
39,266,268,423,425,430,436,439,442,463,470,471,476,481,482,485,555,557,561,564,566,568,602,756,758,841,842,845,847,851,853
40,269
41,270,271,272,274,275,575,577,598,603,931,937,941,949,962,1140,1146,1149,1154,1157,1158,1163,1165,1167,1170,1173,1176,1177,1179,1182,1183,1187,1188,1462,1466,1470,1473,1476,1478,1481,1482,1488,1494,1499,1502,1508,1513,1516,1522,1530,1535,1542,1548,1555,1564,1569,1570,1577,1586,1590,1618,1623,1630,1633,1641,1646,1650,1653,1658,1660,1665,1668,1670,1671,1673,1678,1684,1686,1690,1825,1829,2029,2034,2064,2068,2074,2076,2079,2086,2092,2099,2102,2104,2111,2176,2179,2181,2184,2190,2194,2199,2202,2208,2335,2343,2347,2353,2363,2367,2372,2375,2377
42,276,280,281,285,289,297,300,304,308,310,315,316,320,322,363,366,369,372,375,376,378,380,382,383,386,389,393,398,627,629,630,632,634,685,971,981,984,988,992,994,1000,1005,1081,1126,1128,1131,1133,1454,1459,1461,1463,1692,1694,1701,2049,2051,2054,2058,2522,2527,2532,2537,2544,2549,2998,3001,3005,3009,3087,3091,3093,3098,3102,3104,3106,3232,3238,3239,3246,3347,3351,3353,3357,3366,3370,3371,3419,3422,3426,3431,3434,3436,3441,3442,3445,3447,3448,3449,3451,3457,3460,3462,3464,3467,3468,3472,3473,3477,3479,3482,3483,3486,3488,3491,3505,3511,3537,3541,3543,3545,3571
43,277,279,282,284,288,294,299,303
44,283,558,560,563,565,569,570,572,573,574,576,578,581,816,819,822,824,827
45,287,292,468
46,293,301,795,797,799,935
47,295,298,305,307,312,314,318,337,342,345,352,530,532,540,621,821,825,826,830,836,839,961,965,1245,1247,1249,1251,1254,1258,1259,1266,1270,1277
48,328,434
49,335
50,338,343,347,516,519,631,633,635,1014,1017,1019,1021,1024,1028,1031,1033,1035,1038,1039,1079,1083
51,350
52,384,387,392,402,411,936,940,951,963,968,974,982,986,996,998,1002,1006,1008,1012,1013,1018,1020,1023,1027,1030,1032,1034,1037,1059,1064,1074,1082,1186,1189,1196,1198,1200,1201,1207,1212,1215,1217,1226,1227,1231,1234,1239,1243,1244,1395,1405,1411,1421,1426,1434,1449,1453,1455,1460
53,385,388,391,395,401
54,414,417,419,422,426
55,420,424,428,435,438,441,446,448,451
56,432,445,507,512,673,840,909,1053,1240,1311,1314,1510,1518,1524,1531,1534,1752,1755,1760,1763,1765,1771,1772,1777,1779,1998,2195,2203,2360,2369,2427,2517,2749,2750,3384
57,443,444,449,450
58,453,455,459,460,467,473,477,479,483,486,487
59,462,469,474,580,583
60,504,636,638,640,644,647,650,654,657,664,666,670,677,679,682,688,694,701,703,704,706,707,710,712,717,719,724,727,731,734,737,738,741,744,747,749,752,755,759,763,767,771,776,784,785,786,790,791,793,796,798,800,801,803,1180,1181
61,523,527
62,525,582,584,585,587,605,608,954,956,967,972
63,536
64,538,545,548
65,541,543,753,754,761,764,766,1562,1565,1575,1581,1589,1595,1597,1603,1788,1792,1795,1797,1799,1802,1804,1806,1810,1812,1818,1820,1823,1852,1855,1858,1861,1862,1863,1866,1868,1870,1871,1872,1907,1909,1913
66,567
67,586,588,590,835
68,589
69,591,595,624,625,626,928,929,933,942,950,960,966,973,977,989,990
70,592
71,593
72,596,599,600,606,610,611,612,613,891,896,926,930,932,934,995,999,1004,1065,1069,1075,1080,1264,1271,1484,1489,1495,1500,1503,1509,1514,1517,1523,1527
73,601,607,609,814,817,820,846,852,953,958,1042,1044,1045,1048,1050,1051,1056,1058,1060,1066
74,618,622,623
75,628
76,686,696,878,980,1098,1102,1104,1108,1114,1119,1120,1124,1125,1385,1393,1403,1512,1519,1526,1533,1538,1540,1547,1558,1563,1567,1573,1600,1606,1612,1616,1617,1620,1621,1629,1637,2183,2186,2189,2193,2198,2201,2207,2215,2218,2221,2295,2303,2309,2314
77,691,692,715,739,742,750,751,789,792,811,812,916,946
78,709,713,716,720,723,726,805,807,808,917,919,920,923,927,1225,1228,1622,1626,1634,1642,1645,1833,1836,1839,1843,1851,1911,1915,1918,1920
79,725,728,732,735
80,729,746,757
81,730,733,736,740,952,959,969,970,979,983,985,991,993,997,1001,1269,1276,1354,1357,1364,1609,1627,1635,1638
82,773
83,777,781,855,856
84,787,788,877,882,885,887,892,897,898,905,906,1063,1068,1071,1076,1137,1144,1150,1153,1168,1169,1323,1327,1332,1341,2009,2012,2020,2024,2027,2120,2121,2413,2445,2450,2452,2513,2568,2573,2578,2579,2680,2681,2683,2850
85,838,1052,1055,1057,1061,1161,1162,1203,1208,1274,1290,1293,1308,1324
86,860,922,1090,1092,1095,1097,1103,1184,1185,1192,1193,1301,1310,1442,1445,1450,1685,1904,1906,1912,2013,2087,2088,2141,2146,2150,2153,2160,2165,2204,2211,2214,2357
87,863,866,870,873,876,881,1202,1206,1211,1214,1219,1220,1223,1338,1479,1480,1485,1490,1492,1497
88,938,943,948,1091,1094,1096,1100,1107,1246,1248,1409,1415,1422,1430,1801,1805,1808,1809,1811,1817,1819,1822,1972,1975,1979,2036,2043,2045
89,939,945,947,955,964,976,1340,1342,1346,1353,1545,1552,1554,1561,1655,1662,1664,1667,1669,1672,1675,1705,1712,1723,1725,1838,1947,1953,2008,2023,2026,2031,2035,2254,2257,2262,2263,2437,2443,2448
90,944,1054
91,987
92,1003
93,1016,1022,1025,1029,1268,1273,1278,1281,1283,1700,1707,1713,1721,1726,1734,1738,1742,1745,1959,1961,1965,1969,2108,2113,2123,2124,2126,2128,2130,2135,2136,2137,2138,2142,2148,2152,2609,2612,2615,2618,2622,2625,2630,2636,2642,2647,2649,2653,2655,2657,2660
94,1070
95,1086,1110,1112,1117,1297,1303,1594,1601,1708,1714,1716
96,1106,1111,1116,1696,1703,2001,2133,2205,2213,2575,2748,2751,2752,2753,2754,2766,2767,2772,2773,2831,3388,3427,3430,3702,3706,3709,3712,3788,3793,3796,3801,3827,3830,3832,3833,3837,3838,3841,3846,3848,3851,3855,3857
97,1115,1121,1141,1172,1197,1252
98,1130,1134,1241
99,1138
100,1139,2091,2098,2378,2381,2383,2386,2388,2389,2391,2393,2394,2395,2397,2399,2401,2403,2406,2489,2491,2498,2518,2682,2685,2686,2687,2708,2714,2933,2940,2947,2954,2959,2967,2970,2974,2981,2983,2988,2996,3083,3085,3086,3089
101,1147,1155,1156,1160,1164,1166,1171,1174,1199,1298,1304,1309,1351,1362,1370,1377,1386,1397,1407,1416,1429,1432,1440
102,1175,1178
103,1190,1195,1262,1267,1275,1419,1425,1529,1539,1541,1568,1574,1607,1722,1729,1733,1736,1740,1768,1770,1774,1776,1780,1798,1800,1803,1827,1830,1832,1835,1846,1847,1970,1973
104,1204,1209,1213,1337,1869
105,1222,1229,1232,1236
106,1235,1237,1242
107,1238,1551,1557,1559,1566,1576,1580,1588,1632,1639,1647,1648,1865,1867
108,1250,1253,1257,1261,1263,1282,1287,1291,1294,1350,1360,1367,1372,1379,1380,1390,1391,1399,1413,1414,1656,1659,2115,2140,2144,2145,2149,2468,2470,2477,2483,2485,2495,2499,2658,2662,2663,2666,2667
109,1331
110,1344,1348,1355,1358,1365,1369,1375,1384,1388,1396,1402,1406,1418,1457,1486,1493,1496,1505,1507,1544,1619,1624,1625,1767,1883,1886,1916,2066,2067,2071,2075
111,1359,1366,1371,1378,1383,1389,1392
112,1361,1549,1571,1578,1587,1591,1602,1608,1613
113,1373,1381,1458
114,1398,1400,1412,1873,1875,1879,1882,1885,1888,1891,1928,1929
115,1447,1452,1467,1471,1474,1677,1688
116,1464,1468
117,1465,1469,1472,1475,1477,1877,1880,1900,2129
118,1504,1582,1585,1596,1599,1605,1611,1615,1751,1753,1756,1758,1761,1764,1769,1773,1775,1778,1783,1786,1790,1794
119,1506,1511,1515,1521,1528,1536,1546,1553,1864,2296,2298,2308,2311,2524,2529,2534,2539,2542,2545,2552,2559,2561,2592,2600,2601,2604,2607,2608,2611,2614,2617,2619
120,1556,1560,1572,1579,1584,1592,1598,1604,1610,1644,1651,1652,1781,1785,1787,1791,1796,1821,1824,1826,1828,1889,1890,1932,1976,1985,1989,2006,2007,2082,2089,2096,2100,2282,2285,2288,2290,2299,2307,2312,2319,2320,2323,2325,2326,2331,2336,2345,2348,2354,2361,2368,2405,2408,2506,2861,2864
121,1663
122,1674,1679,1683,1689,1691,1695,1699,1704,1711,1720,1724,1732,1737,1741,1746,1748
123,1676,1680,1681,1687,1693,1697,1698,1709,1715,1717,1727,1735,1782
124,1702,1706,1892,1894,1896,2073,2077,2080,2083,2093,2097,2158,2291,2302,2304,2423
125,1766,1935,1937
126,1793,1854,1903,2110,2116,2187,2191,2196,2200,2210,2212,2264,2271,2275,2327,2332,2504,2509,2512,2521,2676,2678,2695,2705,2711,2718,2902,2903,2906,2912,2919,2926,2929,2941,2948,3017,3021,3025,3037,3038,3040,3043,3088,3092,3095,3097,3101
127,1807,1813
128,1815
129,1841,1842,1850,2268,2272,2277
130,1845,1848,2154,2157,2162
131,1857,1878,1881,1884,1887,1899,1902,1981,1983,1987,2159,2163,2167,2171,2172,2174
132,1874,2101,2103,2109,2242,2248,2438,2441,2631,2637,2644,2651
133,1876
134,1897
135,1910,1914,1917,1921,1922,1923,1924,1927,1931,1933,2005
136,1925,1926,1930,1934,1936
137,1938
138,1939,1941,1942,1944,1949,1951,1954,1957,1962
139,1940
140,1943,1945,1948,1950,1955,1958,1964,1971,1974,1980
141,1952
142,1967,2004,2060,2063
143,1982,1993,1994,1997,1999,2000,2002
144,1984,2547,2554,2556,2563,2565,2569,2574
145,1988,2030,2032,2038,2041,2046,2055,2057,2062,2065,2069,2072,2078,2081,2084,2090,2095,2278,2281,2283,2287,2292
146,1996,2003
147,2010
148,2011
149,2053,2059,2106
150,2070,2582,2626,2628,2633,2639,2690,2691,2692,2693,2814,2819,2822,2824,2839,2840,2844,2847,2851,2852,2856,2860,2863,2865,2866,2886,2887,2889,3047,3049,3051,3055,3056,3058,3062,3064,3065,3068,3071,3074,3076,3080,3090,3094,3099,3103,3105,3107,3109,3112,3114,3116,3153,3156,3157,3159,3162,3165,3168,3169,3171,3374,3375,3377,3380,3382,3383,3385,3386,3389,3390,3392,3395,3397,3398,3400,3404,3405
151,2105,2114,2117,2216,2219,2344,2349,2355,2364
152,2125,2127,2131,2132
153,2134
154,2156,2440,2451,2454,2478,2484,2729,2734
155,2206,2232,2235
156,2209,2229,2231,2237,2239,2247,2252,2334,2337,2346,2352
157,2240
158,2243,2249,2289,2293,2300,2310,2315,2374,2402,2404,2407,2409,2414,2418,2422,2424,2433
159,2258,2260,2266
160,2328,2333,2338,2341,2351,2358,2359,2370,2371,2373,2588,2589,2593,2595,2598,2602,2735,2738,2743,2746,2747,2794,2799,2801,2804,2806,2808,2809,2812,2816,2817,2820,2823,2830,2835,2838,2842,2843,2848
161,2382,2442
162,2396,2398,2400,2411,2421,2426,2429,2439,2444,2447,2453,2463,2475,2481,2487,2494,2500,2508,2514,2515,2587
163,2415,2416,2420,2425,2428,2431,2449
164,2430
165,2432,2434,2435,2869,2871,2874,2878,2881,2951,2958,2966,3452,3453,3456,3458,3461,3463,3465,3466,3469,3470,3475,3619,3622,3624,3625,3627,3630,3632,3634,3638,3642,3645,3647,3648,3650,3651,3652,3836,3840,3843,3845,3849,3852,3854,3858,3859,3862,3866,3868,3870,3871,3876,3879,4001,4003,4006,4010,4013,4164,4165,4169,4170,4172,4173,4174,4178,4181,4183,4186,4188,4189,4191,4192,4194,4195,4197,4198,4203,4205,4206,4208,4212,4217,4220,4223,4227,4231,4234
166,2436,2471,2555,2677,2679,3196
167,2457,2459,2462,2465,2467,2472,2473,2479,2490,2492,2496,2501,2516,2558,2564,2567,2571,2577,2580,2581,2584,2585,2586,2591,2594,2596,2597,2599,2635,2641,2646,2650,2652,2654,2656,2659,2661,2664,2665,2668,2669,2670,2671,2672,2673,2674,2675,2694,2696,2697,2700,2702,2703,2709,2715,2756,2757,2769,2779,2781,2783,2785,2786,2789,2797,2798,2803,2805,2895,2896,2897,2898,2900,2901,2908,2911,2915,2920,2925,2934,2936,2943,3123,3126,3421,3615,3618,3621,3623,3626,3628,3629,3631,3633,3639,3678,3686,3688,3692,3885,4054,4057,4062,4064,4066,4067,4069,4070,4072,4075,4077,4082,4084,4088,4092,4094,4109,4114,4120,4242,4245,4442,4447,4455,4461,4470,4643,4644,4645
168,2461
169,2526,2531,2536,2541,2548,2551,2557,2560,2873,2879,2880,2883,2884,2885,2914,2918,2923,2928,2932,2939,2946,2953,2960,2964,2969,2972,2975,2985,2990,2997,3075,3077,3079,3119,3122,3125,3128,3132,3134,3137,3140,3143,3145,3154,3677,3681,3682,3684,3687,3904,3908,3909,3912,3918,3920,3927,3933,3940,3944,3949,3954,3955,3961,4073,4074,4076,4079,4311,4314,4321,4409,4410,4411,4412,4415,4417,4419,4425,4426,4429,4434,4440,4448,4451,4457,4464,4468,4473,4477,4855,4861,4865,4874,4881,4889,4989,5653,5657,5658,5663,5665,5669,5902,5906,5908,5911,5914,5915,5916,5917,5919,5920,5921,5924,5925,5927,5929,5930,5931,5932,5933,5935,5939,5941,5942,5946,5949,5950,5954,5958,5964,5968,6153,6156,6160
170,2583,2603,2605,3203,3207,3356,3536,3934,4012,4068,4421,4489,4496,4515,4561,5148
171,2627,2632,2638,2643,3111,3113,3115,3118,3124,3127,3131,3135,3136,3139,3142,3147,3150,3152,3155,3158,3509,3512,3518,3521,3527,3529,3531,3533,3538,3608,3610,3611,3612,3616,4298,4305,4309,4313,4317,4319,4324,4328,4331,4333,4334,4337,4340,4344,4346,4352,4354,4512,4516,4526,4529,4774,4781,4784,4792,4802,4805,4812,4820,4828,4833,4843,4847,4852,4858,4867,4872,4883,4885,4892,4900,4904,4909,4913,4916,4921,4926,4930,4936,4939,4943,4950,4952,4956,4963,4969,4974,4980,4987,5502,6092,6093,6098,6100,6104,6106,6107,6110
172,2684
173,2688,2763,2765,2825,2828
174,2689,2704,2707,2713,2716
175,2699,2701,2710,2755,2771,2775,2776,2807,2810,2813,2815,2818,2872,2877,2995,3002,3117,3120,3121,3183,3184,3197,3199,3241,3248,3252,3258,3264,3274,3276,3280,3284,3289,3293,3295,3298,3300,3308,3311,3325,3329,3338,3345,3355,3360,3363,3365
176,2728,2730,2731,2742,2744,2758,2790,3023,3026,3029,3032,3033,3096,3100,3315,3318,3322,3328,3332,3336,3352,3593,3643,3644,3646,3649
177,2759,2760
178,2791,2796,2800,3186,3188,3190,3192,3195,3218,3222,3223,3227,3234,3235,3266,3271,3296,3299,3302,3307,3314,3316,3321,3327,3333,3335,3349,3354,3406,3409,3411,3560,3563,3568
179,2793,2882
180,2802,3129,3144,3149,3161,3163,3167,3170
181,2827,2829,2832,2833,2834,2836,2837,2841,2846,2854,2858,3004,3008,3012,3014,3019,3024,3027,3028,3031,3034,3035,3036,3039,3041,3042,3069,3072,3073,3078,3081,3082,3084,3130,3133,3459,3556,3558,3565,3566,3570,3574,3577,3579,3599,3600,3817,3822,3828,3930,3936,3937,3947,3979,3982,3984,4228,4325,4326
182,2857,2862
183,2867,2868,2870
184,2875
185,2888
186,2891,2892,2893,2894,3337,3339,3418,3423,3425,3429,3433,3437,3439,3443,3444,3446,3480,3481,3484,3485,3490,3492,3495,3497,3501,3502,3504,3510,3514,3894,3897,3898,3901,3905,4633,4695,4699,4797,4807,4814,4818,5004,5010,5017,5023,5030,5034,5041,5102,5103,5105,5111,5113,5117,5121
187,2904
188,2952,2962,3050,3054,3160,3287,3290,3487,3499,3503,3508,3524,3540
189,2961,3342,3343,3344,3346,3348,3350
190,2977,3108,3110,3256,3261,3268,3273,3279,3283,3561,3564,3567,3572,3575,4273,4278,4279,4285,4290,4296
191,2978,3030
192,2979,2986,2991,3059,3172,3175,3178,3179,3180,3415,3417,3424,3428,3432,3435,3438,3498,3500,3806,3809,3812,3815,3825,3826,3829
193,2984,2989,2994,3000,3006,3010,3016
194,3067,3070,3303,3305,3312,3319,3323,3326,3330,3474
195,3164,3166,3174,3177,3282,3340,3341,3440,3530,3539,3546,3794,3799
196,3173,3176,3230,3255,3257,3265,3267,3304,3306,3313,3372,3373,3408,3410,3412,3413,3476,3516,3519,3523,3525,3528,3532,3534,3535
197,3181,3182,3185,3187,3189,3191,3193,3194,3542,3544,3547,3548,3730,3735,3738,3743,3761,3762
198,3198,3200,3201,3202,3206,3208,3211,3213,3215,3219,3226,3228,3557,3562,3635,3637,3641,3704,3707,3713,3715,3721,3724,3725,3728,3731,3732,3880,4024,4029,4033,4037,4039,4041,4045,4303,4307,4341,4345,4347,4351,4353,4356,4360,5012,5020,5027,5028,5035,5114,5118,5123,5128,5135,5137,5141,5145,5150,5158,5164,5289,5292,5376,5381,5470,5472
199,3204,3216,3220,3225,3229,3233,3237,3243,3247,3251,3254,3259,3263,3269,3275,3278,3281,3285,3286,3288,3291,3292,3294,3297,3301
200,3205,3209,3358,3359,3478,3494,3551,3554,3763,3767,3768,3770,3771,3772,3773,3775,3777,3778,3785,3787,3791,3798,3803,3805,3872,3983,3985,4044,4086,4157,4160,4163,4200,4202,4204,4394,4577,4605,4608,4615,4619,4624,4625
201,3210,3212,3831,3834,3835,3839,3842,3844,3847,3850,3853,3856,3860,3863,3865,3867,3869,3873,3874,3877,3878,3881,3882,3883,3887,3891,3965,3970
202,3231,3236,3242,3244,3249
203,3240,3245,3250,3253,3260,3262,3270,3272,3277,3361,3362,3364
204,3309,3331
205,3310
206,3317,3320,3324,3334
207,3367,3368,3369,3450,3454,3455,3917,4658,4662,4668,4675,4680,4687,4696,4701,4707,4711
208,3376,3379,3381,3403,3407
209,3387,3391,3393,3394,3396,3399,3401,3402
210,3414,3471
211,3416,3613,3774,3776,3780,4081,4083,4089,4091,4096,4098,4100,4102,4106,4108,4113,4121,4123,4131,4133,4138,4146,4148,4152,4155,4156,4159,4414,4582,4584,4585,4590,4592,4597,4742,4747,4752,4756,4762,4766,4770,4819,4826,4832,4840,4845,4857,4864,4866,4871,4878,4891,4897,4899,4903,4910,4914,4915,4922,4927,4931,4932,4938,4946,4949,4955,4960,4966,4968,4973,4981,4991,4992,4995,4998,4999,5005,5009,5011,5018,5024,5032,5037,5044,5046,5052,5058,5062,5064,5068,5069,5076,5078,5716,5723,5724,5727,5852,5853,5856,5861,6403,6408,6410,6412,6416,6419,6521,7033,7507,7510,7752,7756,7802,7805,7808,7810,7812,7815,7817,7818,7819
212,3420
213,3507,3766,3889,3893,3895,4021
214,3515,3517,3522,3526,3711,3716,3720,3886,3890,3941,3942,3950,3953,4042,4046,4047,4051,4053,4055,4056,4059,4063
215,3549,3552,3553,3555,3559,3569,3573,3576,3578,3581,3582,3585,3586,3653,3654,3655,3658,3659,3661,3662,3703,3705,3708,3710,3717,3718,3722,3740,3744,3765
216,3550
217,3580,3636,3640,3994
218,3589,3590,3597,3602
219,3592,3594,4022,4027,4028,4032,4058,4147,4363,4365,4367,4371,4374,4661,4667,4674,4682,4689,4692,4705,4706
220,3598,3670,3673,3676,3939,3945,4176,4179,4182,4185,4201,4291,4297,4300,4413,4433,4436,4553,4557,4623,4659,4663,4849,4978,4988,5022,5026
221,3605,3607,3609,3664,3665,3666,3667,3669,3671,3672,3675,3679,3689,3782,3786,3792,3797,3800,3804,3808,3814,3820,3821,3824,4361,4366,4368,4372,4375,4377,4379,4381,4384,4386,4390,4393,4396,4398,4399,4402,4403,4406,4710,4713,4723,4739,4749,4758,4764,4776,4780,5489,5491,6064,6069,6073,6075,6077,6078,6080,6081,6086,6088,6091,6415
222,3606,3674
223,3617,3620
224,3656,3660,3680,3683,3685,3690,3691,3693,3694,3695,3696,3697,3699,3701,3748,3751,3756,3760,3987,3988,3990,3992,3996,3997,4002,4005,4007,4009,4015,4018,4019,4023,4026,4031,4962,4970,4977,4979,4990,5086,5089,5091,5229,5233,5241,5247,5248,5256,5259,5265,5269,5392,5395,5400,5404,5411,5413,5420,5423,5426,5430,5434,5865,5869,5871,5873,5876,5877,5883,6572,6577,6621,6655,7048,7051,7053,7056,7058,7396,7400,7402,7545,7549,7550,7552,7555,7559,7562,7567,7570,7685,7688,7690,7692,7698,7700,7701,7705,7706,7709,7713,7716,7719,7722,7726,7731,7738,7743,7744,7749,7754,7758,7820,7822,7824,7825,7826,7827,7829,7830,7833,7835,8209
225,3668,3764,4213,4221,4225,4230,4233,4236,4239,4246,4247,4251,4255,4259,4607,4612,4620,4626,4629,5564,5568,5572,5574,5579,5582,5584,5880,5885,5893,5895,5897,5900,5904,6259,6260,6264,6266,6269,6273,6279,6283,6286,6290,6296,6298,6304
226,3698,3700
227,3714,3719,3723,3726,3727,3729,3902,3906,3910,3913,3919,3921,3929,3935,3938,3943,3951,3952,3958,3959,3963,3967,3969,3974,3976,4127,4521,4524,5239,5245,5250,5320,5322,5327,5335,5732,5733,5737,5740,5742,5745,5753,5757,5762,5765,5772,5776,5848,5936
228,3733,3734,3736,3737,3742,3746,3749,3752,4636,4639,4641,4642
229,3739,3741,3745,3747,3750,3755,3759
230,3753,3758,4000,4107,4358,4761,5077,5080,5082,5122,5129,5159,5272,5275,5280,5281,5286,5294,5297,5303
231,3754
232,3757
233,3769
234,3781,3783,3789,3790,3795,3802,3899,3903,3907,3914,3916,3922,3926,3932,4665,4673,4678,4685,4693,4702,4717,4720,4727,4734,4738
235,3784,4336
236,3810,3811,3813,3819,3861,3864,3962,3968,3972,3973,3975,3978
237,3818,3823
238,3875
239,3884,3888,3892,3896,4161,4162,4166,4167,4362,4364,4369
240,3911,3915,3924,3925,3931,3989,3991,3993,3995,3999,4004,4190,4193
241,3923,3928,4099,4103,4104,4110,4115,4117,4124,4339,4618,4622,5196,5201,5205,5207,5214,5218,5220,5226,5227,5231,5240,5246,5251,5255,5262,5263,5270,5274,5276,5279,5283,5288,5293,5298,5301,5452,5456,5460,5463,5466,5468,5469,5471,5474,5476
242,3946,4008,4014,4025,4035,4036,4043,4049,4050,4052,4060,4061,4065,4078,4080,4090,4095,4097,4101,4431,4437,4714,4719,4725,4732,4744
243,3948
244,3956,3960,3964,3966,4112,4119,4122,4130,4135,4140,4602,4604,4611,4613,4616,4621,4666,4670,4679,4686,4697,4708,4712,4715,4721,4730,4737,4740,4745,4750,4755,4759,4769,4772,4778,4785,4788,4794,4799,4809,4821,4825,4834,4839,4844,4853,4859,4868,4876,4880,4887,4894,4902
245,3957,4011,4020,4126,4132,4256,4257,4265,4276
246,3971
247,3977
248,3980
249,3981
250,3986,4017
251,3998,4016,4048
252,4030,4105,4111,4116,4118,4125,4129,4136,4141,4144,4149,4153,4443,4445,4453,4459,4466,4471,4474,4479,4484,4490,4492,4501,4506,4511,4520,4527,4540,4542,4550,4552,4558,4560,4565,4567,4571,4575,4578,4579,4790,4796,4800,4806,4815,4823,4831,5107,5109,5112,5116,5126,5131,5134,5138,5143,5149,5152,5162,5410,5416,5419,5421,5424,5429,5433,5436,5533,5536,5539,5540,5543,5777,5784,5785,5792,5799,5807,5810,5814,5819,5823,5826,5973,5978,5986,6018,6021,6024,6026,6030,6032,6037,6039,6042,6043,6046,6049,6052,6055,6062,6063,6068
253,4034,4782,4789,4795,5013,5019,5189,5264,5480,5483,5485,6094,6099,6102,6103,6105,6108,6109,6113,6117,6119,6204,6214,6223,6425,6427,6429,6434,6439,6441,6444,6448,6454,6464,6468,6504,6506,6507,6508,6511,6512,6702,6899,6901,6903,6904,6909,6912,6916,6918,6920,6922,6923,6925,6929,6932,6933,6936,6939,7065,7067,7069,7073
254,4038,4348,4350,4533,5504,5566,6207,6213
255,4040,4085,4128,4137,4142,4145,4168,4171,4214,4218,4222
256,4071
257,4087,4093,4669
258,4134,4139,4143,4150,4151,4154,4158,4370,4373,4376,4378,4380,4382,4387,4388,4391,4395
259,4175,4177,4180,4184,4187,4237,4240,4243,4248,4252,4254,4260,4261,4263,4264,4268,4269,4271,4275,4280,4287,4289,4294,4299,4302,4308,4312,4315,4320,4323,4329,4332,4504,4572,4573,4627,4631,4632,4634,4635,4637,4640,4912,5389,5393,5396,5402,5405,5409,5415,5418,5422,5427,5431,5432,5437,5438,5443,5446,5448,5453,5457,5461,5576,5577,5581,5585,5588,5591,5592,5593,5596,5598,5603
260,4196,4199,4207,4209,4267,4270,4274,4281,4284,4288,4295,4383,4385,4389,4392,4397,4422
261,4210,4211,4215,4219,4224,4226,4229,4232,4235,4238,4241,4244,4249,4250,4253,4258,4400,4401,4404,4405,4407,4408,4652,4803,4817,4822,4829,4835,5166,5169,5172,5174,5176,5769
262,4262,4266,4272,4277,4494,4519,4528,4586,4587,4591,4595,4598,4600
263,4282,4286,4292,4293,4301,4304,4306,4310,4316,4318,4322,4327,4330,4444,4456,4462
264,4283
265,4335,4338,4342,4523,4532,4535,4539,4545,4589,5451,5509,5512,5517,5524,5526,5530,5532,5535,5538,5706,5708,5710,5714,5720,5721,5725,5728,5730,5782,5787,5793,5802,5804,5811,5812,5817,6388,6559,6563,6564,6566,6571,6573,6575,6578,6580,6683,6686,6712,6716,6719,6723,6730,6734,6739,6743,6748,6750,6752,6956,6985,6988,6992,6995,6998,7001,7004,7008,7010,7013,7016,7018,7020,7023,7025,7026,7031,7409,7412,7413,7417,7418,7421,7433,7434,7435,7436,7439,7442,7445,7447,7451,7454,7455,7460,7461,7462,7563,7566,7573,7576,7580,7586,7784,7972,7981,7985,7987,7989,8435,8437,8441,8443,8448,8450,8452,8453,8456,8458,8460,8461,8462,8463,8464,8466,8469,8471
266,4343,4509,4609,4614,4617,4630,4841,4850,4856,4860,4869,4873,4884,4888
267,4349,4355,4357,4359,4480,4485,4491,4493,4500,4507,4510,4518,4525,4530
268,4416,4418,4424,4427,4446
269,4420,4423,4428,4432,4438,4439,4449,4454,4460,4463,4467,4472,4476,4483,4486,4497,4499,4503,4513,4517,4726,4733,4743,4748,4753,4757,4763,4767,4771,4775,4777,4783,4787,4793,4798,4804,4816,5177,5179,5183,5185,5187,5458,5464,5465,5467,5695,5699
270,4430,4435,4441,4450,4452,4458,4465,4469,4475,4478,4482,4488,4498,4502,4505,4508,4514,4522
271,4481,5070,5073,5253,5261,5493,5618,5621,5626,5634,5636,5640,5642,5648,5651,6114,6120,6123,6125,6132,6244
272,4487,4495,4543,4547,5039,5045,5554,5556,5560,5561,5605,5606,5608,5610,5613,5617,5620,5622,5627,5631,5748,5750,5831,5841,5843,5846,5847,5849,5850,5855,5858,5859,5862,5863,5870,5872,6322,6324,6325,6592,6594,6595,6612
273,4531,4536,4537,4541,4548,4554,4555,4562,4563,4568,4570,4574,4576,4810,4813,4830,4836,4838,4848,4854,4863,5003,5014,5101,5104,5674,5736,5751,5755,5796,5801,5805,5874,5875,5881,5882,5889,5892,5894,5938,6011,6012,6017,6023,6034,6038,6041,6045,6083,6085,6089,6096,6122
274,4534,4538,4546,4549,4551,4556,4559,4564,4566,4569,4580,4581,4583,4650,4653,4657,4722,4731,4877,4879,4890,4896,4906,4934,4941
275,4544
276,4588,4594,4596,4599,4601,4603,4606,4610
277,4593,5156,5161,5165,5170,5186,5188,5191,5199,5203,5210,5211
278,4628
279,4646,4647,4648,4649,4651,4654,4655,4672,4677,4684,4698,4709,4724,4729,4736,4746,4751,4754,4760,4765,4768,4773,4791,4801,4808,4811,4824,4827,4837,4842,4846,4851,4862,4870,4875,4882,4895,4898,4907,5478,5482,5484,5488,5490,5492,5494,5497,5500,5611,5615,5616,5619,5625,5630,5633,5637,5650,5654,5659,5662,5666,5686,5690,5693,5697
280,4656
281,4660,4664,4671,4683,4690,4691,4703,4947,4954,5084,5085,5087,5088,5155,5160,5163,5299,5306,5309,5449,5454,5563,5567,5624,5641,5644,5646,5649,5910,6112,6116,6121,6124,6187,6191,6297,6300,6301,6302
282,4676,4681,4688,4694,4704,4779,4786
283,4700,4716,4718,4728,4735,4741,5360,5362,5364,5369,5390,5394,5398,5403,5414
284,4886,4893,4901,4905,4908,4911,4917,4920,4925,4929,4933,4940,4944,4948,4953,4957,4964,5195,5197,5202,5204,5208,5212,5216,5221,5224,5228,5235,5238,5244,5249,5257,5260,5813,5818,5824,5838,5842,5844,5845,5918,5945,5948,5953,5956,5959,5965,5967,5971,5982,5988,6179,6182,6184,6185,6189,6193,6196,6206,6212,6356,6357,6469,6475,6478,6481,6483,6487,6489,6663,6664,6666,6668,6672
285,4918,4923,4928,4935,4942,4945
286,4919,4924,4937,4958,4982,5016,5038,5049,5051
287,4951,4961,4967,4972,4975,4984,4985,4993,5136,5142,5146,5151,5219,5365
288,4959,4965,4971,4976,5050,5055,5059,5147,5175,5178,5182
289,4983,4986
290,4994,4996,4997,5000,5006,5008,5015,5021,5025,5029,5033,5040,5047,5053,5057,5061,5065,5066,5071,5190,5302,5307,5310,5313,5315,5319,5324,5675,5678,5679,5680,5682,5683,5684
291,5001,5007,5499,5763,5768,5770,5774,5783,5788,5794,5803,5806,5808,5815,5820,5972,5977,5985,5990,5992
292,5002
293,5031,5036,5042,5048,5054,5056,5060,5063,5067,5072,5075,5079,5125,5130,5133,5273,5586,5821,6028,6436,6473,6477,6706,6711,6813,6947,6949,7036,7046,7105,7246,7332,7624,7648,7762,7868,7883,8058,8060,8309,8455,8457,8630,8654,8789,8793,9038,9059,9062,9225,9229,9350,9415,9581,10230
294,5043
295,5074,5081,5083,5094,5097,5110,5119,5153
296,5090,5092,5093,5096,5099,5106,5108,5115,5120,5124,5127,5132,5139,5140,5144,5154,5157,5167,5168,5171,5173,5180,5181,5192,5193,5198,5200,5215,5223,5225,5230,5232,5236,5242,5252,5254,5258,5266,5267,5271,5277,5282,5284,5290,5295,5318,5326,5329,5334,5339,5340,5343,5346,5351,5354,5366,5368,5580,5587,5590,5594,5597
297,5095,5098,5100,5338,5439,5441,5444,5447,5450,5455,5459,5462,5501,5505,5506,5623,5628,5632,5639,5707,5790,5833
298,5184
299,5194,5287,5321,5325,5330,5336
300,5206,5937,5940,5969,5980,5994,6013,6019,6020,6025,6031,6036,6053,6058,6421,6432,6433,6443,6447,6456,6463,6609,6613,6614,6615,6616,6618,6619,6620,6622,6624,6625,6640
301,5209,5213,5217,5222,5234,5237,5243,5370,5373,5375,5380,5382
302,5268
303,5278,5316,5384,5386,5387,5388,5515,5518,5525,5527,5629
304,5285,5291,5296,5300,5305,5312,5314,5317,5323,5328,5332
305,5304,5308,5347,5350,5355,5358,5983,6009,6010
306,5311
307,5331,5333,5337,5341,5344,5348,5349,5353,5357,5361,5363,5367,5371,5374,5378,5379
308,5342,5345,5352,5356,5359,5544,5545,5546,5547,5548,5551,5558,5573,5578,5583
309,5372,5377,5399,5417,5425
310,5383,5385,5435,6008,6256,6257,6261,6263
311,5391,5397
312,5401,5406,5408,5541
313,5407,5412,5473,5475,5898,5989,5995,5997,6000,6001,6004,6006,6289,6291,6294,6543,6601,6604,6789,6790,7015,7236,7257,7259
314,5440,5442,5445,5832
315,5477,5479,5481,5486,5487,5495,5496,5498,5503,5507,5508,5511,5513,5520,5523
316,5510,5516,5519,5522,5528,5529,5531,5534,5537,5542,5685,5687,5688,5689,5692,5696,5700,5704
317,5514
318,5521,5575,5709,5711,5719,5734,5735,5741,5744,5747,5752,5758,5761,5767,5773,6209,6219,6226,6332,6334,6336,6339,6342,6345,6347,6539,6540,6541,6544,6545,6546,6549,6550,6552,6554,6556,6557,6728,6735,6740,6744,6747,6749,6751,6754,6755,6757,6759,6760,6763,6765,6768,6771,6825,6828,6832,6835,6962,6966,6971,6977,6978,6984,6986,7230,7392,7393,7395,7399,7401
319,5549,5550,5552,5553,5555,5557,5559,5562,5565,5569,5571,5943,5981,6056,6532,6535,6636,6641,6786,6797,6800,6946,7078,7404
320,5570
321,5589
322,5595,5599,5602,5604,5607,5609,5612,5614
323,5600,5601,5645,5655,5656,5667,5676,5760,5816,5901,5907,5913,5934,6007,6016,6066,6082,6084,6097
324,5635,5638
325,5643,5647,5671,5672,5673,5677,6437,6440
326,5652
327,5660,5661,5664,5668,5670
328,5681,6217
329,5691,5694,5698,5701,5703,5705,5712,5729,5731,5775,5779,5797,5809,5829,5834,5909,6029,6033,6035,6040,6047,6050
330,5702,5715,5718
331,5713,5717,5722,5726,5864,5868,5963,5970,5975,5976,6095,6133,6134,6140,6268,6270,6274,6278,6282,6285,6288,6292,6295,6299,6465,6779,6780,6782,6801,6802,6804,6811,6814,6817,6820
332,5738,5739,5743,5746,5754,5759,5789,5791,5798,5951,5955,5960,5961,6067,6136,6137
333,5749,5756,5764,5766,5771,5778,5781,5786,5795,5800,5835
334,5780,6362,6363,6368,6371,6375,6377
335,5822,5825,5827,5828,5944,5947,5952,5957,6317,6319,6329
336,5836,5837,5839,5840,5851,5854,5857,5860,5879,5886,6126,6128,6129,6130,6131,6236,6237,6240,6241,6245,6247,6250,6252,6255,6271,6275,6277,6281
337,5866,5867,6079,6210,6222,6229,6315,6326,6330,6333
338,5878,5884,5888,5891,5896,5899
339,5887,5890,6174,6190,6194,6197,6542,6558,6560,6562,6565,6836,6839,7137,7312,7314,7542,7548
340,5903,5922
341,5905,6087,6090,6183,6186,6188,6192,6235,6238,6318,6320,6321,6323,6328,6337,6340,6341,6346,6348,6350,6352,6353,6354,6699,6708
342,5923,5926,5928,6157
343,5962,5966,5974,5979,5987,5991,5993,5996,5999,6002,6003,6044,6048,6051,6054,6059,6061,6065,6070,6071,6072,6074,6076,6101,6453,6461,6467,6471,6486,6488,6491,6493,6494,6509,6510,6513,6516,6518,6519,6520,6677,6680,6681,6684,6687,6691,6701,6704,6707,6709,6718,6720,6727,7351,7487,7491,7493,7494,7497,7499,7503,7505,7509,7511,7514,7516,7521,7524,7529,7530,7532,7536,7538,7540,7543,7547,7551,7553,7554,7557,7561,7568,7571,7578,7582,7619,7622,7623,7628,7630,7634,7636,7638,7642,7645,7853,7857,7860,7862,7864,7867,7869,7870,7905,7908,7909,7911,7914,7920,7923,7927,7928,7930,7932,7935,7937,7939,7945,7947,7951,7952,7956,7958,7959,8178,8182,8186,8188,8191,8196,8200,8207,8208,8213,8219,8334,8339,8346,8351,8354
344,5984,6627,6633,6634,6638,6658,6698,6895,6897,6900,6913,6915,7335,7416
345,5998,6005
346,6014,6015,6022,6027
347,6057,6060,6135,6138,6142,6146,6150,6165,6166,6349,6351,6824,6829,6830,6834,6838,6840,6841,6843,6845,6847,6851,6852,6857,6860,6864,6867,6869,6873,6876,6878,6881,6884,6888,6891,6893,6898,6902,6905,6911,6943,6945
348,6111,6115,6118,6141,6144,6148,6158,6162,6163,6200,6208,6265,6267,6272,6276,6280,6284,6335,6338,6343,6359,6365,6366,6370,6430,6446,6450,6459,6498,6500,6501,6505,6523
349,6127
350,6139,6143,6145,6147,6151,6199,6202,6215,6224,6231,6234,6239,6242
351,6149,6152,6154,6155,6159,6161,6303,6305,6306,6308,6310,6313,6314,6316,6327,6331,6374,6391,6393
352,6164,6168,6169,6170,6172,6175,6177,6180,6181,6218,6230,6232,6251,6254,6258,6262,6398,6405,6536
353,6167
354,6171,6358,6361,6364,6367,6369,6372,6373,6376,6378,6381,6384,6390,6392,6394,6395,6400,6401,6407,6411,6414,6417,6418,6420,6422,6423,6428,6431,6435,6438,6442,6445,6451,6458,6460,6791,6792,6794,6796,6798,6799,7106,7110,7114,7115,7116,7117,7118,7119,7121,7122,7123,7124,7126,7127,7129,7130,7131,7134,7220,7223,7225,7231,7235,7244,7248,7251,7252,7256
355,6173,6176,6178,6198,6205,6211,6220,6228,6233,6287,6293,6472,6474,6479,6628,6629,6632,6637,6639,6644,6645,6648,6650,6652,6654,6657,6713,6717,6721,6726,6729,6733,6738,6781,6783,6803,6805,6809
356,6195,6201,6203,6216,6225,6243,6246,6248,6253,6379,6380
357,6221,6227,6495,6496,6524,6526,6528,6567,6569,6574,6576,6579,6581,6583,6659,6661,6662,6665,6667,6669,6671,6674,6676,6679,7006,7011,7298,7301,7327,7330,7438,7440,7441,7574,7577,7581,7587,7590,7591,7594,7595,7596,7598,7599,7604,7687,8077,8810
358,6249
359,6307,6311,6383,6386,6455,6522,6527,6587,6588,6590,6770,6774,6775,6776,6777,6778,6807,7040,7075,7084,7089,7104,7109,7261,7277,7457,7474,7477,7478,7583,7781,7787,7941,7942,8025,8047,8429,8434,8454,8459,8519,8621,8658,8780,8807,8923,8954,9026,9165,9204,9213,9302,9431,9551,9628,9632,9647,9747,9908,10152
360,6309,6312,6617
361,6344,6355,6402
362,6360,6944,7154,7163,7165,7199,7203,7208,7212,7214,7217,7218,7232,7237,7238,7242,7243,7245,7247
363,6382,6385,6387,6389
364,6396
365,6397
366,6399
367,6404
368,6406
369,6409
370,6413
371,6424,6426
372,6449,6462,6466,6470,6476
373,6452,6457,6480,6485,6490,6497,6499,6502,6503,6515
374,6482,6484,6492
375,6514
376,6525,6753
377,6529,6530,6531
378,6533,6534,6696,6697,6700,6703,6705,6710,6715,6722,6724,6731,6736,6741,6745,6746,6993,6996,7000,7003,7009,7017,7019,7022,7027,7029
379,6537,6725,6806
380,6547,6548,6593,6649,6906,6910
381,6551,6553,6555,6596,6598,6599,6602,6605
382,6561
383,6568,6570,6589,6591
384,6582
385,6584,6585,6586,6623,6626,6927,6934,7167,7202,7205,7534,7560,7565,7572,7676,7679,7680,7737,7793,7907,7913,8014,8017,8019,8091,8837,8912
386,6597,6600,6603,6606,6607,6610,6611
387,6630,6635,6642,6643,6646,6647,6651,6653,6656,6670,6673,6675,6678,6688,6690,6694,6732,6737,6816,6819,6822,6823,6846,6850,6854,6855,6859,6861,6866
388,6660,6872,6877,6880,6951,6953,7213
389,6682,6689,6762
390,6685,6692,6695,6742,6756,6758,6764,6767,6772
391,6693,6784,6808,6812,6815,6818,6821,6892,6894,6896
392,6714
393,6761,6766,6769
394,6773,6887
395,6785,6788,6837,6842,6907,6908
396,6787
397,6793,6795
398,6810,6965,6968,6973,6976,6981,6983,6987,6990,6994,6997,7132,7133,7135,7136,7138,7141,7142,7145,7146,7150,7151,7168,7171,7175,7302,7306,7309,7310,7313,7933,7934
399,6826,6827,6831,6833
400,6848,6849,6853,6856,6858,6863,6883,6886,6914,6941,6950
401,6865,6868,6870,6871,6874,6875,6879,6882,6885,6889,6890,6979,7087,7092,7096,7098,7100,7103,7107,7112,7224,7227,7229,7233,7239,7262,7266,7268,7269,7271,7274,7276,7281,7284,7287,7288,7293,7294,7296,7299
402,6917,6919,6921,6924,6926,6928,6931,6935,6937,6938,6940,6942,6952
403,6948,6954,6955,6958,6959,6961,6963,6967,6972,6982
404,6957,6960,6964,6969,6974,6975,6980,6989,6991,6999,7002,7005,7007,7012,7014,7021,7024,7030,7047,7050,7052,7055,7059,7070,7074,7085,7090,7093,7102,7108,7198,7200,7204,7207,7210,7627,7632,7633,7635,7637,7644,7649,7652,7653,7655,7661,7662,7664,7884,8008,8010,8016,8153,8157,8160,8163,8166,8168,8170,8171,8172,8174,8179,8183,8189,8193,8198,8202,8204
405,6970
406,7028
407,7032,7035,7037,7039,7042,7044,7049,7054,7060,7061,7063,7066
408,7034,7038,7079,7083,7094,7097,7099,7101
409,7041,7043,7045,7072,7077,7081,7086,7091,7174,7177,7179,7180,7181,7182,7183,7184,7185,7186,7187,7222,7228,7272,7278,7279,7282,7285,7289,7291,7339,7341,7479,7957,8362
410,7057,7062,7064,7068
411,7071,7076,7080,7082,7088,7095,7113,7164,7173,7216
412,7128,7193,7219,7424,7458,7467
413,7139
414,7140,7143,7144,7147,7149,7153,7156,7166,7169,7172,7176,7178,7209,7211,7264,7267,7366,7369,7373,7375,7450,7452,7456,7483
415,7148,7152,7157
416,7155,7158,7159,7161,7191,7194,7303,7304,7307,7311,7315,7316,7480,7481
417,7160
418,7188,7189,7190,7192,7195,7196,7197,7201,7206
419,7215,7234,7240,7317,7320,7321,7322,7324,7325,7326,7331,7333,7334,7338,7340,7343,7345,7347,7350,7354,7355,7358,7362,7364,7367,7370,7372,7922,7926,7929,7931,7975,7980,7982,7992,7993,7995,7997,7998,8000,8011,8012,8018,8020
420,7221,7453
421,7241,7249,7254,7260
422,7250,7253,7255,7484,7486,7489,7490,7492,7495,7496,7498,7502,7506,7508,7659,7660,7663,7665,7669,7671,7675
423,7258
424,7263,7265,7463,7465,7466,7501,7504,7611,7614,7631,7742,7746,7747,7792,7831,7832,7834,7838,7840,7897,8173,8177,8341,8343,8375,8385,8389,8477,8480,8482,8550,8552,8554
425,7270,7273,7275,7280,7283,7286,7290,7292,7295,7425,7426,7427,7428,7429,7670,7673,7677
426,7297,7300,7305,7308
427,7318,7319,7328,7336,7337,7342,7344,7346,7348,7349,7352,7356,7359,7361,7411,7414,7415,7419
428,7323
429,7329,7469,7513,7728,7730,7734,8120,8242,8248,8252,8255,8264,8335,8340,8347,8350,8357,8360,8570,8572,8574,8576,8592,8593,8597,8602,8604,8609,8610,8618,8622,8624,8626,8686,8694,8695,8699,8752,8756,8760
430,7353,7357,7360,7363,7420,7422,7423,7482,7621,7625,7626,7629,7736,7741,7745,7750,7753,7759,7760,7761,7763,7796,8003,8004,8135,8139,8141,8147,8199,8492,8495,8535
431,7365,7374
432,7368,7371,7377,7378,7379,7381,7382,7384,7385,7386,7388,7390,7391,7394,7397,7398,7403,7430,7432,7443,7444,7448,7449,7470,7471,7473
433,7376,7380,7387,7389,7512,7519,7533,7948,7950,7963,7973,7988,7991,8531
434,7383
435,7405,7406,7475,7476,7646,7647,7650,7651,7656,7733,7735,7740
436,7407,7408,7410
437,7431,7437,7459,7500
438,7446,7537,7539,7546
439,7464,7468,7472,7541,7544,7654,7657,7674,7681
440,7485,7531,7877,7999,8074,8080
441,7488,7597,7600,7601,7607,7610,7613,7615,7617,7620,7639,7643
442,7515,7517,7522,7525
443,7518,7520,7523,7526,7527,7721,7723,7727,7732,7797,7798,7799,7801,7803,7806,7919,7924,7943,7944,7946,7949,7954,7955,8007,8009,8013,8062,8063,8065,8067,8068,8070,8071,8072,8073,8075,8076,8079
444,7528,7569,7575,7579,7584,7588
445,7535,7593
446,7556,7558,7564,7668,7672,7916,7968,7976,7984,7986,8036,8039,8041
447,7585,7589
448,7592
449,7602,7606,7608,7871,7873,7874,7878,7879,7880,7881,7882,7885,7886,7960,7961,7962,7964,7967,7996,8269,8273,8489,8494,8500,8503,8504,8509,8515,8518,8523,8524,8526,8528,8529
450,7603,7618
451,7605,7609,7612,7616,7893,7894,7896,7900,7901,8022,8024,8078,8081
452,7640,7641,7789,7791,7794,7846,7849,7953
453,7658
454,7666,7667,7678,7682,7683,7684,7686,7689,7691,7694,7695
455,7693,7697,7699,7703,7707,7711,7717,7718,7725,7739,7751,7774
456,7696,7965,7966,7969,7971,7977,8104,8105,8111,8114,8369,8372,8376,8383,8390,8391,8396,8399,8400,8406,8408,8415,8416,8652,8656,8662,8666,8669,8671,8673,8675,8681,8682,8688,8690,8994,8998,9001,9002,9004,9007,9009,9083,9085,9086,9088,9176,9178,9179,9181,9184,9187,9190,9193,9195,9197,9198,9200,9203,9205,9485,9490,9501,9510,9519,10207,10208,10211,10219,10222
457,7702,7770,7772,7841,7844,7847,7850,7855,7863,7865,7970,7974,8001,8002
458,7704,7708,7710,7712,7714,7720,7724,7729
459,7748,7755,7757,7764,7765,7766,8149,8154,8156,8378,8544,8547,8900,8903,8904,8905,8908,8909,8915,8916,8921,8925,8928,8932,8937,8950,8971,8973,8975,8978,8979,9143,9144,9147,9251,9332,9333,9336,9340,9343,9348,9353,9354,9361,9363,9367,9370,9372,9375,9380,9387,9390,9393,9396,9402,9408,9411,9418,9420,9425,9428,9447,9450,9453,9454,9458,9461,9467,9471,9475,9481,9488,9492,9497,9504,9513,9529,9531,9535,9541,9543,10130,10133,10135,10136,10139,10144,10146,10147,10150,10155,10156,10161,10164,10165
460,7767,7778,7785
461,7768,7769,7776,7779,7780,7782,7783,7786,7804,7807,7809,7811,7813,7816,7836,7837,7839,7842,7845,7848,7851,7852,7856,7866
462,7771
463,7773,7775,7788,7790,7821,7823
464,7777
465,7795,8384
466,7800,7814,7843,7910,7917
467,7828,8038,8299,8913,8917,8920,8924,8929,8931,8934,8938,8940,8942,8947,8948,8949,8951,8953,8955,8958,8963,8966,8972,8974
468,7854,7858,7859,7861,8026,8029,8030,8033,8037,8040,8042,8043,8044,8045,8048,8082,8086,8089,8093,8098,8485,8493,8496,8502,8505,8510,8514,8516,8871,8874,8876,8878,8880,8883,8888,8891,8896,9410,9412,9417,9421,9422,9426,9462,9464,9469,9769,9775,9779,9780,9784,9787,9790,9793
469,7872,7875,7876
470,7887,7889
471,7888,7890,8054,8057,8059,8253,8257,8262,8271,8276,8278,8281,8287,8289,8644,8648,8650,8653,8657,8659,8663,8668,8672,8674,8676,8679,8683,8685,8691,8696,8700,8702,8703,8706,8710,8713,8715,8952,8956,8959,8961,8967,8970
472,7891,7892,7938,8092,8096,8100,8102,8106,8109,8113,8118,8119,8121,8122,8123,8125,8127,8412,8846,8848,8850,8854,8856,8858,8859,8860,8861,8862,8864,8865,8868,9027,9028,9029,9030,9031,9032,9036,9039,9040,9043
473,7895,7898,7899,7902,7903
474,7904
475,7906,8136,8687,8693,9162,9164,9700
476,7912
477,7915
478,7918
479,7921
480,7925
481,7940,8028,8032,8035,8069
482,7978
483,7979,7983,8006,8023,8320,8442,8446,8613
484,7990,8005,8027,8031,8034,8061,8187,8194
485,7994,8131,8380,8388
486,8015,8263,8305,8330,8333,8336,8338,8344,8355,8366,8373,8377,8386,8395,8398,8402,8410,8414,8417,8419,8423,8425,8426,8428,8430,8433,8438,8467,8470,8472,8473,8474,8478,8481,8483,8486,8490,8600,8605,8608,8957,8960,8962,8968,8986,8987,8989,8990,8993,8997,9000,9008,9010,9168,9169,9180,9182,9188,9191,9194,9196,9223,9224,9226,9240,9244,9250,9260,9262,9265,9270,9384,9398,9419,9424,9432,9433,9435,9441,9446,9448,9452,9456,9460,9468,9473,9477,9483,9495,9499,9503,9522,9527,9542,9546,9549,9555,9560,9568,9570,9574,9577,9590,9650,9657,9661,9665,9861,9862,9864,9874,9876,9878,9904,9909,9912,9915,9918,9921,9925,9927,9929,9939,9947,10006,10082,10088,10099,10106,10109,10172,10183,10192,10195,10199,10203,10205,10210,10215,10218,10220,10223,10226,10228,10231,10233
487,8021,8046,8488,8611,8665,9034
488,8049,8051,8053,8144,8145,8238,8239,8245,8250,8256,8265,8267,8270,8275,8277,8321,8324,8353,8368,8371,8381,8522,8525,8527,8728,8730,8735,8740,8742,8745,8757,8762,8765,8769,8774
489,8050,8052,8055,8056,8095,8099,8124,8126,8128,8129
490,8064,8066
491,8083,8085,8088,8090,8097,8101,8103,8107,8110,8115,8117,8195,8201,8205,8210,8214,8217,8222,8226,8228,8231,8235,8244,8581,8670
492,8084,8087,8094,8132,8133,8134,8138,8140,8146,8148,8151,8152,8158,8161,8162,8164,8165,8167,8352,8358,8363,8367,8537,8539,8540
493,8108,8176,8185,8218,8241,8247,8293,8512
494,8112,8212,8636,8639
495,8116,8143,8617,8619,8620,8930,8936,9324,9327
496,8130,8137,8567,8569
497,8142
498,8150,8155,8476
499,8159,8230,8236,8243,8249,8254,8258,8260,8268,8272,8274,8279,8282,8285,8291,8292,8297,8303,8307,8311,8313,8317,8566,8568,8571,8573,8575,8577,8579,8583,8584,8588,8591,8595,8886,8890,8892,8898,8899,9115,9117,9120,9122,9124,9129,9131,9228,9305,9308,9315,9316,9322,9325,9331,9335,9338,9341,9342,9346,9352,9355,9360,9362,9366,9371,9373,9507,9516,9646,9651,9653,9662,9668,9670,9672,9673,9674,9678,9974,9976,9980,9981,9984,9985,10171,10173,10175
500,8169,8578,8582,8585,8587,8589,8596,8599,8601,8606
501,8175,8180,8181,8184,8190,8192,8197,8203,8206,8211,8215,8216,8221,8225,8227,8233,8234,8240,8246,8251,8259,8261,8266,8580,8586,8590,8594,8598
502,8223,8224,8229,8232,8237
503,8280,8283,8436,8439,8445,8497,8534
504,8284,8290,8295,8315
505,8286,8288
506,8294,8298,8304
507,8296,8301,8306,8310,8316,8319,8322,8326,8328,8329
508,8300,8302,8308,8312,8314,8318,8323,8325,8327,8331,8332,8337,8342,8345,8349,8356,8361,8365,8370,8374,8379,8382,8387,8392,8394,8397,8403,8405,8407,8413,8517,8614,8615,8689,8697,8698,8701,8704,8707,8708,8711,8714,8716,8722,8725,8727,8729,8732,8733,8736,8737,8738,8743,8746,8747,8750,8755,8759,8764,8790,8792,8941,8944,8996,8999,9098,9100,9108
509,8348,8359,8364,8641,8797,8801,8804,8867,8870
510,8393
511,8401,8404,8409,8411
512,8418,8420,8553,8555,8556,8557,8678,8680,8731,8734,8796,8799,8852,8855,8877,8881,8884,8976,8977,9281,9284,9287
513,8421,8422,8424,8427,8431,8432,8475,8499,8507,8530,8536,8538,8629,8635,8640,8646,8667,8677,8684,8692,8705,8751,8763,8777,9368,9797,9812,9818,9824
514,8440,8444,8447,8449,8451,8664,8894,8895,8902,8906,8907,8911,8914,8918,8919,9022,9023,9025,9174,9584,10009,10012,10209,10214
515,8465
516,8468,8511,8532
517,8479,8484,8487,8491,8498,8501,8506,8508,8513
518,8520,8521,8922,8926,8927,8933,8935,8939,9202,9206,9208,9243,9245,9247
519,8533
520,8541,8542,8545,8551,8558,8559,8560,8564,8565,8651,8655,8661,8802,8838,8839,8840,8842,8843,8845,8982,8985,8988,8991,8995,9005,9006,9011,9012,9014,9018
521,8543,8546,8548,8549,8771,8773,8776
522,8561,8563
523,8562,8841
524,8603,8607,8625,8717,8719,8723,8726
525,8612
526,8616
527,8623,8627,8823,8827,8831,8834
528,8628,8811,9161,9217,9292,9388,9708,9772,9819,9934,9991,10069,10111,10201,10227,10235
529,8631,9051,9052
530,8632,8637,8638,8642,8649,8660,8767,8772,8775,8813,8816,8824,8825,8844,8853,8857,8992,9003,9058
531,8633,8709,8712
532,8634
533,8643,8887,9171,9227
534,8645,8647,8766,8768,8770
535,8718,8721,8753,8754
536,8720
537,8724,8851,8983,8984
538,8739,8741,8744,8748,8749,8758,8761,9033,9035,9037,9042,9044,9046,9103,9437,9440,9444
539,8778,8781,8783,8784,8788,8794,8795,8798,8800,8803,8805,8806,8808,8809
540,8779,8785
541,8782
542,8786,8787,8791,8815,8817,8819,8821,8826,8830,8833,8836,8980,9077,9080,9133,9138
543,8812,8814,8818,8820,8822,8828,8832,8835
544,8829
545,8847,8849
546,8863,8866,8869,8872,8873,8875,8879,8882,8885,8889,8893,8897
547,8901
548,8910,8964,8965,8969,9151,9153,9709,9710,9713,9714,9720,9724,9726,9729,9733,9993,9994,9996,10001,10003,10004,10007,10085,10092,10093,10096,10098
549,8943,9066,9070,9074,9075,9076,9078,9082,9095,9104,9105,9109,9112,9118,9258,9264,9267,9576,9586
550,8945,9185,9215,9216,9218,9318,9508,9517,9545,9550,9552,9557,9562,9565,9567,9894,9899,9901,9902,9903,9907,9911,9913,9916,9919
551,8946
552,8981
553,9013,9015,9016,9017,9019,9021,9220,9222,9463,9479,9482,9489,9494,9498,9509,9518,9524,9572
554,9020,9294,9320,9328,9345,9351,9356,9455,10148
555,9024,9047,9049,9054,9056,9067,9068,9071,9073
556,9041
557,9045,9048,9050,9053,9055,9061,9064,9065,9069,9072,9139,9141,9145,9148,9150,9152,9154,9155,9231,9232,9233,9505,9514,9521,9526,9532,9536,9539,9612,9615,9618,9685,9690,9693,9697,9699,9704,9855,9857,9860,9863,9867,9871,9873,9945,9950,9954,9957,9961,9967,9970,9975,9978,9979,9982,9989,9992,9995,9997,10000,10002,10014,10017,10025,10028,10032
558,9057,9060,9063,9101,9106,9111
559,9079,9081,9084,9087,9089,9090,9092,9099,9107,9110,9113,9114,9116,9119,9123,9126,9132,9134,9137
560,9091,9094,9096
561,9093,9309,9314,9317,9323,9326,9330,9334,9337,9339
562,9097,9102,9127,9130
563,9121,9125
564,9128
565,9135,9404,9663,9669,9734,9735,9783,9884
566,9136,9140,9142,9146,9149,9183,9186,9189,9192,9377,9381,9385,9391,9394,9395,9401,9406,9413,9416,9609,9611,9613,9614,9619,9621,9623,9625,9629,9633,9636,9639,9641,9642,9644,9649,9652,9655,9660,9666,9738,9740,9743,9746,9748,9750,9752,9758,9761
567,9156,9157,9158,9159,9160,9163,9167
568,9166
569,9170,9175,9234,9242,9282,9540,9659,9664,9719,10216,10291
570,9172
571,9173,9177
572,9199
573,9201,9235,9359,9728
574,9207,9379,9382,9389,9392,9397,9403,9409,9718,9722,9723,9727,9731,9732,10056,10057,10058,10060,10062,10101,10105,10107,10112
575,9209,9211,9212,9297,9299,9307,9311,9313,9466,9470,9474,9484,9487,9491,9496,9502,9511,9520,9528,9872,9875,9956,9960,9964,9987,9990,10024,10027,10102,10153,10202,10204,10206
576,9210
577,9214,9290,9293,9298,9306,9319,9321,9329,9349,9357,9407,9429,9457,9512,9523,9525,9533,9537,9547,9563,9566,9571,9588,9592,9595,9597,9606,9610,9626,9634,9640,9645,9656
578,9219,9221
579,9230,9423,9427,9430,9434,9438,9530,9534,9538,9580,9583,9587,9593,9594,9677
580,9236,9238,9239,9257,9344,9554,9559,9575,9579,9585,9589
581,9237,9241,9246,9248,9249,9252,9253,9254,9256,9259,9263,9266,9268,9269,9271,9272,9274,9276,9278,9283,9285,9286,9288,9291,9295,9296,9301,9303,9312,9763,9766,9770,9774,9778,9782,9786,9789,9792,9794,9798,9801,10011,10015,10020,10021,10030,10031,10033,10034,10035,10036,10038,10040,10043,10047,10140,10224,10225
582,9255,9261,9300,9304,9310,9765,9767,9773,10070
583,9273,9275,9277,9280
584,9279,9289
585,9347
586,9358,9364,9369,9544,9548,9553,9558,9564,9616,9617,9620,9622,9624,9627,9631,9635,10100
587,9365,9374,9376,9383
588,9378,9386,9399,9405,9436,9439,9445,9449,9451
589,9400
590,9414,9658,9684,9688,9694,9808,9865,9888,10063,10120,10132
591,9442
592,9443
593,9459,9465,9472,9476
594,9478,9480,9486,9493,9500,9506,9515
595,9556,9561,9569,9573,9578,9599,9601,9603,9608,10054,10059,10075,10249,10265,10269
596,9582,9591,9596,9598,9600,9604,9605,9607,9643,9648,9654,9667,9671,9676,9679,9681,9683,9689,9696,9702,9705,9706,9712,9717,9721,9725,9737,9739,9742,9745,9751,9757,9781,9785,9795,9804,9809,9811,9815,9816,9820,9826,9829,9833,9837,9844,9849,9850,9858,9866,9870,9879,9882,9886,9890,9898,9910,9924,9928,9930,9932,9935,9946,9952,9966,9983,9986,9988,9999,10212,10217,10221,10229,10232,10234,10236,10237,10239,10240,10243,10244,10247,10250,10253,10257,10264,10268,10275,10277,10279,10280,10281,10282,10289,10292,10294,10296,10298,10301
597,9602,9776,9880,9881,9883,9887,9891,9897,9926
598,9630,9637,9638,10090
599,9675,9686,9691,9703,9711,9716,9744,9749,9759,9762,9788,9799,9806,9868,10127,10145,10149,10157,10185,10191,10272,10274,10276,10278,10283,10287
600,9680,9682
601,9687,9692,9695,9701,9839,9842,9845,9848,9851,9856,10044,10048,10050
602,9698,9707,9754,9777,9813,9821,9830,9835,9840,9869,10018,10029
603,9715,9730,9736,9741,9791,9802,9823,9831,9905,10026,10079,10081,10084,10124,10126,10129,10137,10273,10288
604,9753,9756,9760,9764,9771
605,9755,9768
606,9796,9800,9803,9805,9807,9810,9814,9817,9822,9825,9827,9828,9832,9834,9836,9838,9841,9843,9847,9852,9854,9859,9933,9937,9938,9942,9944,9951,9953,9958,9962,9965
607,9846,9853,9889,9893,9895,9920,9922
608,9877,9885,9892,9896,9900
609,9906,9914,9917,9923
610,9931,9941,9968,9998,10005,10008,10019,10022,10213
611,9936,9940,9943,9948,9949,10170,10174,10177,10181,10187,10188,10190
612,9955,10051
613,9959,9963,9971,9972,9977,10010,10121,10123,10245,10248,10251,10254,10255,10256,10259,10260,10263,10266,10267,10270,10271
614,9969
615,9973
616,10013,10016,10023,10103,10104,10108,10110,10154,10159,10162,10241,10242
617,10037,10039,10041,10045,10049
618,10042,10046,10052,10053,10055,10142,10151,10160,10163,10166,10167
619,10061,10065,10068,10072,10073,10074,10076,10077,10078,10080,10083,10086,10091,10113,10114,10115,10116,10118,10119,10122,10125,10128,10131,10134,10138,10141
620,10064,10066,10071
621,10067
622,10087,10089,10094,10095,10097,10293,10295,10297,10299,10300
623,10117,10194,10197,10261,10262
624,10143,10158,10168
625,10169
626,10176,10180,10184,10189
627,10178,10179,10186,10193,10196,10198,10200
628,10182,10246,10252
629,10238
630,10258
631,10284,10285
632,10286
633,10290
