1,31759.7,31745.8,31719.7,31720,31729.8,31718.4,31706.3
2,12450,12439.7,12458,12485.7,12448.5,12458.6,12443.9,12416.9,12441.4,12451.4,12455,12459.1,12481.2,12456,12460,12466.7,12466.6,12466.7,12463.3,12489.3,12469.9,12476.6,12498.1,12452.4,12488.3,12487.7,12473.1,12486.7,12481.9,12484.4,12451.7,12501,12489.4,12446.8,12479.3,12469.6,12470.5,12473.3,12478.6,12485.2,12464.6,12473,12455.5,12474.7,12463.8,12469.5,12454.3,12481.5,12466.2,12454.4,12473.5,12488.7,12475.4,12475.6,12465.7,12455,12484.1,12485.8,12460.1,12490.9,12457.1,12490.6,12466.2,12477.9,12477.9,12509.2,12492,12467.9,12450,12521.2,12498.4,12471.4,12490.8,12481.9,12512.8,12507.6,12508.9,12496.6,12477,12494.9,12491.2,12478.2,12480.4,12496.9,12493.6,12483.6,12485.9,12488.5,12471,12517.3,12488.1,12480.6,12506,12508.3,12504.3,12497.1,12489.3,12500.5,12515.4,12495.3,12484.4,12507,12507.9,12509.8,12491.7,12492.2,12487.5,12497.3,12485.6,12491.5
3,22974.4,22995,22959.3,22978.2,22970.2,22975.7,22959.1,22950.8,22969,22963.9,22930,22954.5,22949.4,22932.2,22955.9,22949.2,22952.1,22950.7,22960.3,22963.3,22941.2,22934.1,22960,22963.5,22987.9,22981.6,22948.1
4,22839.5,22857.5,22846.8,22855.5,22863.1,22838.7,22850.4,22842.8,22869.2,22838.5,22844.2,22850.6,22840.7,22865,22848.5,22884,22846.9,22851.7,22847.4,22860.1,22839.5,22834.7,22836.1,22843.5,22857.7,22857.6,22857.4,22841.9,22828.6,22868,22832.5
5,21550,21554.2,21570.8,21583.7,21578.7,21585.3,21594.6,21589.8,21585.5,21599.1,21617.5,21626.9,21617.4,21602.2,21599.4,21609.8,21627.4,21641.3
6,20217.8,20234.4,20227.3,20231.5,20223.8,20233.2,20231.5,20237.7,20226.2,20239.5,20223.4,20227.3,20233.8
7,36391.5,36375.7,36379.2,36377.9,36406.6,36362,36345.2
8,29700.3,29688,29618.5,29666.8,29747.8,29702
9,32369.1,32396.2,32362.7
10,16688.1,16702,16691.6,16717.8,16702.3,16708.7,16730.9,16715,16747.8,16706.2,16727.5,16700.4,16691.2,16734.8,16729.6
11,25935.8,25968.4,26035.7,25993.6,26018.1,26053.3,25962.3,25964
12,39316.7,39308.5,39299.2,39347.3
13,31897.8,31924,31890.8,31939.4,31915,31881.9,31911.7,31870.1,31917.2,31899.9,31909.8,31914.3,31852.4,31909.2,31916.3,31903.5,31909.3,31908.4,31902.7,31905.8,31897.4,31899.6,31908.5,31867.3,31889.6,31894.5,31926.2,31909.1,31884.4,31914.5,31856.9,31867.5,31899.6,31917.4,31918,31946.9,31890.9,31908.4,31916.4,31903,31904.9,31868.6,31922.9,31912.3,31920.6,31893.5,31930.4,31894,31916.1,31941.3,31926.3,31933.7,31914.7,31946.1,31909.1,31945.3,31951.5,31922.8,31917.4,31900.8,31938.5,31900,31926.7,31955.4,31953.3,31940.4,31932.3,31963.9,31946.5,31930.5,31966.1,31952.9,31894.9,31954.3,31959.5,31952.2,31954.7,31950.7,31954.9,31912.7,31909.3,31953.8,31944.4,31954.7,31998.5,31945.1,31963.8,31966.3,31940.6,31940.3,31920.6,31962.1,31935.8,31977.5,31948.8,31934.7,31964,31973.1,31944.5,31927.5,31950.9,31933.8,31947.7,31948.5,31930.7,31943.2,31926.8,31960.6,31970.3,31941.9,31962.4,31952.7,31967.5,31934,31930.6,31962.9,31984.6,31951.4,31927.1,31932.9,31947.3,31943.2,31945.8,31980.2,31919,31952.4,31935.1,31979.1,31949.6,31936.8,31932.3,31945.1,31971.6,31932.8,31959.4,31928,31932.2,31956.9,31966.1,31914.5,31950.2
14,10870,10846.7,10868.3,10880.4,10855.4,10869.1,10875.9,10912.5,10886.4,10879.1,10897.7,10890.9,10885.5,10898.6,10892.2,10907.8,10881.1,10889.6,10898.4,10904.4,10910.3,10888.3,10888,10899.8,10900.7,10887.7,10891.6,10882.1,10887.6,10880.5,10886.9,10896.4,10904,10897.8,10902.9,10902.3,10903.1,10929.9,10899.9,10897.6,10915.6,10912.8,10892.7,10877.2,10918.8,10898.9,10888.2,10907,10889.5,10893.1,10890.8,10891.5,10910,10900,10900.2
15,34880.7,34919.9,34906.6,34901.5,34912.1,34887.8
16,23378.5,23383.3,23382,23369.4,23387
17,31740.2,31735.5,31690.7,31777.7,31774.9,31766.4
18,23211.9,23207,23188.2,23169.6,23179.7,23174.6,23211.4,23185,23204.3,23201.7,23181.8,23210.7,23176.7,23187.4,23198,23220.8,23195.8,23188.8,23192.6,23207.5,23225,23203,23216.8,23206.2,23192.3,23179.5,23207.5,23217.9,23227.2,23198.8,23204.2,23213.5,23201.5,23206.3,23195.7,23192.9,23200.4,23222.1,23208.9,23224,23233.7,23214.6,23214.1,23206,23228.2,23190.6,23217,23228.3,23220.2,23188.8,23235.7,23216.7,23218.2,23228.8,23236.8,23247.3,23233.8,23220.1,23211.3,23182.5,23229.6,23239,23247.6,23239.5,23219.9,23234.3,23229.3,23234.1,23261.1,23266.4,23212.4,23246,23232.6,23214.7,23251,23239.8,23217,23238.8,23240.3,23220.9,23214.8,23232.5,23239.1,23228.7,23249.8,23247.3,23210.6,23213.3,23254.8,23238.7,23257.2,23246.7,23235.5,23251.4,23236.6,23253.8,23221.1,23218.1,23252.5,23243.9,23253.5,23252.3,23248.4,23225.6,23249.4,23225,23255.3,23248.3,23223.8,23226.9,23225,23219.8,23248.6,23258.6,23267.9,23234.9,23233.7,23252.8,23235,23245.1,23261.7,23234.9,23247.6,23239,23239,23242.9,23242.7,23267.2,23239.7,23229.8,23236.4,23240.9,23256.4
19,20165.7,20168.5,20164.4,20155.5
20,7860.5
21,26380.9,26381,26374.5,26371.6,26350.3,26366.1,26357.4,26381.7,26377.8,26381.9,26406.1,26398.8,26362.2,26367.1,26415.8,26402.7,26397.7,26413.6,26418.5,26390.3,26462.4,26409.8,26435.5,26384.4,26404.4,26393.3,26404.9
22,18353.1,18348.5,18367.5,18375,18339.5,18359.5,18365.1,18349.8,18376.6,18350,18350,18388.6,18349.7,18385.6,18347.5,18362.2,18359,18364.8,18349.7,18346.4,18348.2,18350,18368.2,18371.4,18352.1,18371.8,18354.4,18365.1,18375.3,18373.5,18386.3,18376.6,18379,18401,18372.7,18374.2,18388.9,18378.1
23,10984.1,10965.5,10984,10939.8,10990.2,10974.5,10988.3,10972.1
24,30664.1,30651.8,30652.5,30700.3,30707.3
25,17154.2,17135.1,17166.2,17147.7
26,32755.2,32732.6,32761.7,32779.3,32746.2,32763.4,32756.3
27,19843.4
28,24154,24186.3,24175,24190.3,24181.1,24178.1,24176.6,24170,24188.9,24190.2,24184.2,24186.8,24188.7,24192.6,24142.3,24231,24169.1,24213.9,24182,24207.3,24209.7,24159.5,24194.1,24194.3,24205.2,24202.8,24199.4,24201.3,24203.4,24184.3,24191.3,24207.5,24214.2,24197.6,24159.2,24203.9,24218.7,24197.7,24202.2,24194.4,24173.8,24219.1,24191.2,24202,24204.4,24212.8,24237.7,24216.5,24222.6,24210.9,24237.3,24245.1,24211.3,24216.7,24213.9,24250.6,24203,24247.5
29,28094.5,28094.6,28096.1,28110.6,28098.6,28108.8,28109.5,28127.5,28120.6,28109,28112.2,28124.9,28126.5,28136,28099.6,28116.4,28124.4,28122.6,28130.8,28125.6,28131.1,28126.9,28132.5,28129.8,28126.6,28120.4,28107.2,28126,28137.1,28132.7,28130.7,28117.3,28136.9,28130.5,28130.2,28140.8,28105.7,28212,28148,28129.9,28187.7,28158.9,28131.2
30,3587.69,3656.25,3725.98,3686.45,3646.35,3670.89,3621.48,3648.07,3635.52,3688.8,3649.72,3694.82,3701.05,3701.73,3605.26,3661.97,3680.98,3689.91,3691.08,3674.77,3669.07,3669.75,3685.82,3701.96,3677.84,3683.03,3676.31,3659.87,3670.89,3670.34,3685.32,3646.25,3722.68,3697.15,3672.58,3674.34,3667.6,3678.38,3692.75,3734.13,3671.78,3703.8,3675.45,3718.25,3674.92,3710.24,3682.17,3710.86
31,6224.93,6196.23,6208.4,6214.39,6194.89,6215.88,6214.16,6179.47,6197.6,6198.3,6190.42,6203.99,6204.37,6241.21,6238.2
32,37310.5,37303.3,37291.3,37291.8,37293.8,37282.6,37295.8,37303.1,37310.5,37292.5,37305.6,37290.1,37305.4,37303.3,37293.1,37300.4,37298.6,37305.6,37310.7,37321.1,37313.3,37307.8,37324.3,37317.7
33,40000.6,39980.6,39991.6,39988.9,40002,39996.9,40004.9,39999.2
34,536.508,559.465,600.848,565.03,547.204,560.411,587.077,575.669,589.448,594.185,572.498,575.326,563.217,585.444,548.825,556.035,555.192,544.631,607.24,563.666,570.149,567.514,613.316,579.458,580.281,564.687,603.826,586.222,544.451,578.095,590.654,589.73,546.632,583.845,595,575.665,583.243,591.4,574.2,566.707,552.751,581.091
35,2666.56,2668.9,2646.66,2659.48,2702.08,2672.14,2678.26,2700.82,2699.4,2674.03,2704.86,2694.41,2679.5,2680.77,2678.03,2691.54,2685.39,2685.64,2676.87,2707.67,2699.74,2716.81,2685.62,2654.47,2723.34
36,36865.1,36856.4,36869.4,36863,36874,36880.2,36868.1,36879.3,36845.8,36860.1,36883.8,36858.2,36887.1,36862.3,36899.9,36860.8,36896.1,36875.1,36895.5,36903,36896.4,36880.7,36891.7,36875.4,36881.2,36930.8,36902.3,36897.4,36872.8,36883.2,36905.8,36893.4,36875.1,36891.7,36919.1,36908.4,36885.3,36914.5,36915.1,36894.9,36886.3,36897.6,36919.6,36924.6,36954.7,36912.6,36910.2,36910,36911.7,36876.6,36897,36887.2,36897.6,36899.7,36906.1,36915.3,36885.8,36908.3,36912.8,36890.1,36926.5,36922.9,36883,36880.6,36910.7,36914.3,36930.5,36927.7,36901.2,36911.6,36929.5,36908.1,36915.1,36911,36920.2,36935.7,36927.1,36912.8
37,34280.6
38,25839,25861.7,25861.6,25852,25859.9,25849,25855.4,25879.7,25854.3,25862.8,25864.9,25856.7,25859.8,25865.7,25872.7,25884.4,25891.6,25877.6,25850.7,25887.7,25890,25906.8,25879.4,25888.3,25889.7,25871.9,25895.5,25866.4,25871.2,25879.5,25896.7,25888.7,25887.2,25881.7,25912.6,25908.4,25914.7,25907.7,25891.4,25886.5,25929.9,25899.6,25889.6,25892.1,25889.4,25897.4,25897.9,25898,25891,25916,25887,25890.4,25892.4,25887.7,25885.2,25887.8,25895.8,25885,25893.3,25902.1,25876.2,25903.9,25887,25887.1,25907.3,25888.8,25891.1,25894.7,25893.2,25942.2,25947.6
39,23145.6,23099.4,23113.9,23111.5,23121.5,23118.5,23106.4,23127.8,23104.2,23127.4,23114.9,23126.2,23125.4,23115.3,23116.8,23134,23129,23133.2,23134.5,23130.8,23122.5,23126.6,23143.6,23125.7,23140.9,23128.1,23119.8,23172.6,23138.2,23144.9
40,38588.7
41,20748.6,20766.9,20757.3,20771.9,20782.8,20818.2,20756.9,20786.6,20760.2,20809.7,20808.3,20777.5,20784.8,20806.9,20788.4,20797.6,20805,20815.6,20776.2,20819.9,20799.6,20783.4,20796.2,20778.8,20802.4,20777.9,20811,20787.2,20792.6,20798.6,20812.4,20767.9,20826.4,20833.9,20807.6,20820.6,20771.1,20783.5,20801.7,20823.9,20807.6,20789.4,20817.5,20754.1,20783.9,20820.2,20791.8,20792.2,20784.4,20793.1,20817.2,20804,20825.4,20788.3,20803.6,20779.3,20809.3,20806.7,20795.3,20805.8,20784.7,20784.1,20772.7,20807.3,20810.9,20791.9,20822.7,20806.5,20810,20811.1,20785.5,20800.9,20803.7,20801.9,20837.6,20782.9,20835.1,20828.1,20779.9,20803.3,20776.9,20796.7,20795.7,20826.7,20798.5,20809.8,20806.4,20803.8,20804.3,20800.8,20802.3,20788.6,20821.8,20832.9,20779.7,20800.1,20830.3,20789.2,20806.8,20805,20791.6,20781.3,20815.8,20813.3,20806,20792.6,20816.1,20833.6,20818.4,20820.2,20842.3
42,12706.9,12753.4,12716.3,12759.4,12717.2,12718.6,12739.2,12738.1,12742.4,12739.1,12700.4,12729.9,12748.6,12730,12745.2,12718.3,12743.7,12713.8,12751.2,12731,12738.4,12744.8,12748,12695.1,12732.5,12728.9,12734.6,12717.7,12746.1,12731.1,12743.2,12727.8,12741.9,12784.1,12738.9,12773.3,12748.2,12746.1,12734.9,12768.2,12775.4,12755.2,12790.9,12754.7,12730.7,12769.8,12755.2,12758.6,12773.7,12767.9,12781.8,12782.9,12772.3,12786.4,12753.4,12778.6,12753,12754.2,12791.4,12785.9,12787.6,12787.7,12766.5,12748.7,12764.5,12779.4,12760.8,12782.5,12764.5,12777.6,12755,12769.4,12771,12787.1,12765.8,12743.1,12775,12778.2,12757.5,12748.2,12771.9,12749.6,12763.3,12790.2,12776.8,12773.1,12812.1,12772.9,12789.2,12796.1,12769.2,12765,12822.9,12812.8,12809,12774.6,12793.9,12793,12783.9,12771.8,12806.7,12771.5,12748.7,12794.6,12772.3,12780.3,12778.2,12802.3,12788.6,12757.2,12791.2,12782.9,12806.7,12760.8,12755,12762.2,12757.8,12781,12771.4,12853.8,12781.6
43,10773.5,10789.7,10796.4,10796.8,10807.3,10809.8,10799.2,10809
44,28696.8,28692.2,28726.4,28705,28705.8,28703.4,28709.6,28690.2,28702.2,28706.4,28709.1,28710.9,28699.5,28747.4,28718.3,28728.6,28716.9,28719.7
45,28746.5,28740.5,28755.1
46,18311.6,18306.5,18298.8,18298.8,18304.7,18306.3
47,25433.7,25414.6,25414.5,25426.8,25414.3,25433.8,25416.3,25401.3,25406.6,25401.1,25415.7,25429.8,25411.6,25415.2,25438,25455.6,25427.8,25446.2,25440.4,25428.4,25418.7,25503.2,25447.2,25457.4,25418.7,25463.1,25468.7,25439.6,25465.2,25449.8,25460.1,25448.8,25444.6
48,35558.6,35501
49,7143.55
50,23597,23594.3,23605.4,23583.9,23625.1,23610.2,23614.5,23616.5,23592.2,23612.8,23620.7,23625.4,23630.1,23628.9,23630.4,23623.2,23625.9,23612.1,23628.2,23616.7,23621.4
51,23676.3
52,26459.4,26473.7,26505.3,26481.8,26472.1,26475.3,26531.3,26474.5,26508.4,26534.9,26493.5,26570.6,26545.3,26563.7,26508.7,26533.5,26519.9,26494.4,26515.5,26472.3,26532.7,26477.4,26501.1,26539.9,26478.6,26505.1,26524.3,26523.6,26493,26552.1,26532,26488.2,26533.5,26453.7,26518.4,26511.4,26537.9,26497.6,26532,26511.5,26510.4,26449.6,26481.6,26531.6,26513.6,26535.8,26514.8,26514.2,26534.4,26529.9,26560.9,26533.3,26528.7,26508.7,26454,26494.9,26574.6,26483.5,26464.4
53,31367.8,31357.9,31363.6,31348.5,31362.3
54,3331.53,3340.6,3286.27,3312.04,3316.7
55,28086.8,28067.4,28067.7,28092.7,28100,28061.7,28083.7,28100,28080.7
56,34117.8,34106.1,34121.5,34103.1,34111.9,34172.7,34131.9,34118,34111.2,34167.9,34156.6,34146.9,34145.7,34137.4,34144.1,34127,34130.4,34139.7,34150.2,34140.5,34135.9,34147.7,34144.8,34133.4,34151.4,34145.6,34162.1,34152.8,34143.7,34183.6,34163.2,34152.3,34155.5,34136.8,34142.6
57,2511.37,2508.72,2499.89,2491.9
58,12613.4,12609,12647,12623.4,12630.6,12611.2,12617.8,12615,12634.5,12610.4,12629.9
59,24190.5,24149.3,24153.7,24176.1,24174.4
60,8925.35,8942.43,8953.32,8941.47,8912.14,8955.77,8929.6,8960.94,8932.61,8949.11,8932.98,8926.19,8898.11,8936.43,8935.11,8948.09,8932.78,8957.21,8928.72,8931.64,8951.98,8948.93,8942.01,8939.86,8954.99,8922.88,8954.78,8951.5,8929.79,8934.56,8939.36,8923.82,8942.18,8942.13,8957.08,8939.2,8926.46,8943.21,8913.72,8932.53,8943.42,8956.73,8943.63,8917.44,8938.46,8914.16,8922.83,8916.71,8911.21,8948.07,8935.27,8984.98,8922.11,8914.62,8968.74,8944.03
61,4578.21,4617.42
62,27798.4,27802.1,27802.9,27807.3,27768.4,27795.6,27809.7,27805.4,27809.1,27823.5,27825.2
63,10027.7
64,15555.6,15598.8,15563.2
65,23867.6,23866.4,23871.3,23868.5,23880.1,23873.8,23923.5,23881.8,23870,23899.2,23885.9,23886.8,23890.6,23892,23895.9,23876.7,23887.5,23884.6,23881.1,23882.1,23892.1,23894.6,23890.5,23870.3,23876.1,23894,23884.9,23918.4,23888.7,23895.7,23889.5,23891.1,23886.7,23892.8,23875.1,23877.6,23896.4,23864,23883.8,23906.4,23901.7,23878.7
66,19806.8
67,19707.1,19686.8,19682.7,19739
68,34279.1
69,5248.93,5174.96,5197.86,5271.86,5216.14,5226.18,5282.96,5219.25,5256.09,5251.45,5245.4,5260.76,5235.15,5178.98,5199.34,5237.02
70,34143
71,17208.4
72,18756.8,18766,18776.7,18799.1,18806.9,18767.1,18759.8,18771,18788.5,18806.3,18750.3,18787,18784.7,18805.3,18776.5,18753,18836.2,18833.7,18777.4,18799.9,18803.5,18805.7,18799.4,18821.4,18807.7,18818.9,18811.7,18806,18839.4,18789,18804,18826.1,18809.4
73,11857.6,11888.1,11926.8,11915.2,11903.6,11898.4,11926.5,11908.5,11930.4,11907.7,11943.7,11923.8,11921.2,11908.4,11921.7,11897.2,11914.3,11906.6,11904,11926.1
74,7162.22,7149.63,7202.6
75,27227.8
76,23830.1,23797,23792.6,23763.4,23797,23819.3,23808.4,23796.3,23831.4,23807.1,23813.2,23809.2,23809,23816.8,23811.4,23838.4,23803,23796.5,23811,23802.7,23795.2,23815,23816.9,23815.1,23795.9,23805,23794.8,23774.7,23814.9,23811.8,23822,23807.5,23815.2,23826.3,23811.5,23817.2,23816.4,23819,23814.7,23812.3,23828.8,23803.3,23810.1,23835.3,23825,23817.2,23846.2,23806.3,23819.1,23801.5
77,33542.8,33536.7,33533.2,33533.1,33540.8,33548.9,33535.7,33534.1,33547.4,33553.4,33537.5,33559.9,33547.3
78,16448.8,16451.3,16451.4,16456.6,16461.2,16437.5,16465.6,16431,16455.4,16432.2,16445.8,16446.8,16453.2,16463.6,16427.8,16433.4,16435.9,16468.5,16440.4,16472.1,16449.4,16440.8,16448.1,16435.1,16476.4,16445.5,16459.2,16481.9,16472.4,16495.3
79,8562.1,8552.03,8542.91,8550.19
80,28694.9,28708.6,28721.8
81,26334,26337.8,26338.9,26287.7,26345.3,26345.5,26354.6,26327.1,26348.3,26326.6,26340.3,26344.1,26345,26325.8,26362.6,26372.2,26326.2,26341.8,26355.7,26334.7,26353.7,26349.6,26361.7,26350.7
82,38041
83,36154.4,36176.1,36189.5,36157
84,33734.3,33745.3,33732.1,33747.2,33733.4,33777,33761.4,33746.3,33752.8,33771.5,33753.1,33764.1,33759.6,33745.2,33757,33775.9,33771.3,33748.8,33766.2,33767,33757.8,33788.5,33759.6,33757,33762.6,33771.1,33770.6,33752.4,33754.6,33790.5,33772.4,33767,33746.1,33779.3,33772.7,33775.4,33787.7,33791.3,33767,33787.8,33785.8,33779.8,33787.2,33772.4,33759.7
85,22019.6,22009.4,22021.2,22016.1,21992.5,22031,22007.3,22025.5,22021.1,22052.1,22023.9,22058.6,22046.9,21988.4
86,30289.6,30323.2,30294.1,30314.7,30311.4,30314,30324.8,30298.7,30311.4,30313.9,30308.2,30296.1,30295.6,30335.3,30313.1,30318.9,30308.5,30323.5,30320.8,30359.5,30348.1,30326.2,30331.8,30285.8,30326.4,30331.8,30326.7,30330.2,30312.1,30334.1,30327.2,30311.1,30328.3
87,3058.94,3020.34,3002.9,3046.32,3014.71,3067.1,3009.67,3006.23,3051.65,3039.27,3058.45,3048.49,3055.52,3037.65,3042.41,3042.71,3050.87,3041.44,3027.96,3023.55
88,30335.5,30322.7,30317.8,30354.6,30358.6,30343.5,30335.1,30323.7,30373.9,30339.1,30373,30341.3,30370.3,30355.1,30374,30382,30372.9,30351.9,30382.6,30354.6,30371.3,30344.5,30368.3,30351.8,30381.2,30359.1,30354.6,30358.3
89,32891.8,32876.2,32860.2,32863.1,32873.4,32883.5,32875.6,32895.7,32902.4,32887.4,32872.5,32879.4,32868.8,32873.1,32881.5,32884.5,32905.1,32886.9,32884.8,32882.3,32892.5,32898.2,32890.5,32880,32877.4,32881.7,32900.1,32895.9,32898.2,32865.9,32884.5,32879.6,32844.1,32902.5,32883,32883,32892.6,32891.4,32896.4,32907.5
90,28819.1,28839
91,17011.9
92,26410.6
93,22719.4,22680.6,22689.2,22670,22674.1,22675.6,22723.2,22722.8,22723.4,22702.8,22711.7,22665.9,22723.9,22722.8,22669.4,22753.4,22660.6,22679,22675.7,22725,22731.4,22686.2,22681.1,22691.6,22710.9,22719.9,22695.9,22685.4,22680.9,22674.1,22722.1,22688.6,22704.8,22707.1,22699.3,22692.5,22701.2,22658.4,22705.3,22737.8,22714.8,22730.7,22720.6,22703.7,22677.1,22702.4,22640.8,22671.5,22673.1,22576.3,22678.7
94,14070.5
95,21689.9,21703.3,21707.6,21697.8,21697.7,21709.2,21691,21682.7,21718.8,21710.1,21709.6
96,8210.74,8207.48,8224.1,8227.74,8224.8,8240.82,8243.04,8215.24,8203.31,8244.82,8260.86,8249.67,8237.17,8214.55,8227.03,8241.07,8247.94,8232.3,8230.46,8213.28,8211.39,8225.36,8219.87,8227.17,8261.54,8265.85,8266.68,8243.69,8226.08,8237.86,8227.55,8214.23,8268.34,8234.23,8256.11,8193.27,8215.98,8199.31,8242.51,8213.84,8226.03,8216.61,8215.04
97,11382.7,11339.1,11337.6,11328.3,11274.7,11282
98,37094,37104.7,37067.4
99,16811.7
100,25851,25853.8,25876,25876.8,25872.5,25876.5,25851.4,25873.5,25901,25878.2,25894.5,25868.7,25867,25896.2,25877.5,25878.2,25878.3,25851.9,25877.2,25893.4,25881.5,25873.2,25910.6,25902.4,25905.1,25878.5,25862.2,25877.6,25881.2,25867.7,25892.6,25885,25892.3,25884.4,25882,25862.1,25877.4,25881.2,25893.2,25860.7,25877.9,25884.8,25877.6,25852
101,17113,17097.2,17112.6,17098.7,17128.2,17110.1,17123.6,17123.3,17098,17110.3,17109.4,17115.4,17087.2,17081.8,17114.4,17136.5,17082.2,17097.6,17110.3,17120.2,17130.4,17059.5,17095.6
102,30167.6,30159.4
103,23403,23421.3,23387.2,23389,23385.3,23390.2,23385.3,23390.6,23406.1,23394.5,23399.4,23376.1,23378.2,23399.3,23407.9,23390.9,23392.7,23393.5,23388.3,23412.2,23402.6,23392.6,23402.2,23369.1,23393.3,23403.6,23400,23381.8,23377.5,23384.9,23385.9,23376.3,23385.2,23385.9
104,32604.6,32610.7,32607.5,32600,32615.7
105,7927.93,7916.64,7873.88,7909.83
106,3659.93,3656.53,3675.61
107,27244.7,27225.5,27229.7,27221.6,27215.5,27220.4,27223,27246.6,27232.2,27216.1,27236.3,27254.7,27219.6,27233.6
108,36414.7,36445.6,36439,36434.4,36448.3,36467.8,36467.4,36470,36458.5,36444.2,36474.2,36466.8,36460.3,36475.6,36448.6,36446.5,36464.6,36446.3,36463.1,36441.5,36467.2,36460.3,36474.6,36468.5,36464.7,36456.3,36486.8,36461.1,36490.3,36474.4,36477.8,36473.7,36470.1,36460,36470.2,36493.1,36465,36462.5,36456.7
109,32832.4
110,25979,25968.8,25960.2,25967.7,25969.2,25971.6,25961.3,25973.6,25965.7,25974,25965.7,25961.9,25980.7,25965.2,25970.2,25972.9,25960.2,25979.5,25954.3,25997,25969.5,25972.6,25963.5,25971.7,25980.2,25970.8,25989.5,25980.2,25998.9,25959.6,25934.7
111,34799.8,34808.6,34793.9,34782.8,34777.6,34829.4,34830.1
112,20628,20622.8,20639.7,20620,20638.3,20639.7,20615.7,20633.2,20618.5
113,14845.1,14836.6,14856.6
114,33847.5,33820.8,33837.8,33830.7,33842.6,33838.9,33829.1,33844.3,33828.2,33837.9,33859.7,33833.4
115,10135.4,10107.1,10112.9,10164.1,10138.7,10080.3,10093.1
116,34094.1,34009.2
117,31396.5,31413.5,31393.5,31410.2,31414.2,31432.7,31419.4,31384.3,31415.5
118,32326.8,32331.1,32313.8,32302,32322,32325.7,32332.3,32328.9,32325.3,32326.9,32318.6,32326.3,32317.9,32330.6,32348.1,32320.1,32313.3,32303.4,32329.3,32318.1,32330.1,32301.7
119,35285.1,35287.7,35276.6,35290.2,35254.7,35272,35283.9,35288.5,35306.8,35279.5,35277.3,35301.4,35283.6,35298,35294.7,35289.9,35292.1,35280.5,35284.7,35294,35291.8,35295.8,35304.7,35299.3,35304.5,35299,35299.4,35296.9,35286.6,35300.8,35285.3,35289.7
120,16063,16038.4,16046.9,16065.6,16058.4,16064,16039.5,16068.8,16030,16048.6,16063,16056.4,16061.4,16071.9,16068.1,16047.8,16097.9,16062.2,16043.8,16069.9,16044.4,16105.1,16063.3,16063.4,16061,16053,16058,16056,16033.3,16055,16081,16048.6,16050.5,16055.6,16061.3,16050.8,16067,16066.1,16058.5,16070.9,16075.4,16074.2,16061.2,16078.3,16057.3,16052.9,16071.6,16066.6,16059.8,16064.4,16057.8,16054,16065.8,16069.5,16121,16085.1,16068.1
121,26581.4
122,2572.12,2557.77,2551.33,2561.2,2578.93,2506.67,2538.4,2592.46,2541.43,2502.16,2580.17,2562.86,2581.25,2539.49,2550.82,2526.83
123,15609.8,15614.4,15625.4,15587.1,15614.7,15581.3,15578.6,15631,15612.4,15585.1,15643.1,15640.7,15584.7
124,12400.2,12473.5,12427.6,12444.7,12425.5,12442.3,12449.3,12431.4,12436.4,12435.4,12463.3,12453.4,12438.7,12465.8,12449.9,12435.7
125,29739.3,29751.6,29778.3
126,34677.5,34637.8,34682.5,34700.4,34687.9,34679.9,34663.1,34656.5,34680.1,34669.2,34687.6,34688.8,34674.1,34693.9,34676.3,34660.2,34688.1,34672.5,34691.5,34668.4,34675.4,34685.8,34682.6,34678.5,34671,34664.4,34670.9,34682.3,34711.9,34622.1,34675.3,34660.4,34674.8,34727.7,34692.3,34681.5,34673.1,34675,34711.4,34699.5,34685.5,34728,34659.4,34671.8,34671.3,34672.5,34629.9
127,32040.6,32043.5
128,27324.8
129,7177,7157.58,7166.1,7216.52,7169.32,7179.31
130,16486.8,16568.2,16543.1,16544.2,16521.5
131,36575,36593,36597.1,36585.4,36589.7,36600.9,36610.8,36576.8,36587.2,36585.2,36582.7,36590.9,36583.5,36598.1,36599.6,36596.8
132,36173.6,36236.6,36231.8,36221.4,36234,36222.8,36225.7,36206.7,36229.2,36219.9,36223.6,36208.4
133,9230.32
134,7242.97
135,6493.58,6498.75,6483,6484.73,6477.06,6500.42,6499.45,6528.94,6522.24,6480.11,6463.22
136,28518.4,28523,28534.3,28517.1,28498.4
137,28871.3
138,882.216,876.353,879.118,885.131,883.385,879.983,862.483,874.161,861.092
139,29065.4
140,32245.6,32235.5,32212.9,32199.1,32198.4,32239.9,32227.2,32226.4,32207.2,32220.8
141,28380.2
142,34268.9,34255.7,34265,34261.8
143,31522.2,31575.1,31566,31574.3,31576.2,31564,31566.6
144,30068.1,30113.3,30148.2,30124.8,30145.8,30125.9,30119,30129.7
145,9842.14,9863.09,9865.86,9852.94,9838.2,9835.78,9850.03,9857.71,9835.95,9896.34,9884.72,9849.2,9877.39,9852.29,9888.1,9829.83,9850.07,9874.65,9845.07,9869.09,9842.8,9876.2
146,21709.5,21702.1
147,21787
148,27787.7
149,29724.9,29732.4,29746
150,7207.65,7215.49,7195.07,7212.7,7198.72,7245.24,7187.5,7210.9,7199.36,7217.37,7186.28,7209.74,7217.12,7222.82,7190.71,7182.48,7188.48,7186.7,7185.83,7237.01,7183.39,7184.34,7187.96,7189.92,7201.63,7184.55,7210.74,7217.93,7181.7,7217.96,7208.28,7202.73,7220.41,7192.43,7191.68,7232.19,7189.42,7192.53,7203.11,7203.95,7194.81,7192.85,7180.15,7216.45,7187.08,7185.89,7175.25,7208.86,7209.39,7195.21,7187.66,7203.57,7209.34,7184.7,7213.11,7193.76,7208.11,7186.98,7188.42,7195.78,7200.32,7224.66,7197.01,7196.49,7221.45,7189.74,7192.56,7208.36,7169.06,7197.71,7180.55,7227.89,7193.14,7171.86,7185.78,7192.72,7173.95,7186.55
151,14598.5,14616.9,14615.1,14584.7,14604,14573.8,14607.2,14631.8,14615
152,34067.2,34060.4,34076.8,34076.9
153,6309.62
154,37542.7,37567.1,37560.6,37541.2,37559.2,37516.9,37554.1,37547.7
155,38099.4,38122.1,38102.6
156,36170,36154.4,36163.2,36159.4,36138.4,36153.4,36143.8,36149.1,36180.7,36166.8,36151.9
157,7194.92
158,23197,23216.1,23240,23218.6,23239.2,23217.7,23225.4,23222.1,23239.9,23228.3,23229.8,23221.1,23235.5,23225.5,23230.7,23220,23189.9
159,23127.2,23098.9,23100.2
160,34604.5,34651.6,34634.2,34649.3,34645.8,34626.2,34639.4,34624.4,34641.6,34625.5,34623.6,34577,34638.9,34638.3,34618.4,34642.5,34673.5,34637.3,34652.9,34659.5,34675.7,34641.7,34648.1,34646.4,34653.3,34630.7,34658.5,34650.1,34655,34651.3,34659,34643.9,34649.4,34643.1,34650.4,34633.1,34638.8,34673.6,34651.8
161,26778.1,26799.1
162,13467.3,13493.1,13475.2,13486,13453,13488,13475.6,13605,13495.3,13491.9,13473.9,13440.5,13528,13525.7,13490.9,13471.6,13489.5,13473.2,13485.8,13497.5,13452.4
163,11636.1,11597.7,11619.7,11703,11642.1,11603,11660.8
164,11332.2
165,8948.63,8978.18,8956.05,9006.26,8958.05,8981.43,8988.6,8964.94,8948.89,9006.59,8959.64,8955.98,8981.08,8964.19,8977.7,8933.36,8969.67,8954.06,8954.29,8956.33,8945.76,8997.77,8969.95,9012.34,9008.68,8956.67,8968.36,8959.55,8967.62,8994.2,8974.42,8994.37,8945.27,8957.24,8984.13,8970.01,8976.97,8959.41,8958.25,8982.22,8970.76,8975.49,8947.77,8923.29,8964.74,8963.34,8976.46,8943.44,8991.46,8941.23,8972.81,9006.46,8960.74,8986.61,8989.26,8985.8,8967.56,8963.11,8951.02,8994.51,8984.66,8971.78,8946.42,8964.88,8967.84,8967.69,8965.04,8983.17,8972.2,8972.03,8974.22,8959.85,8987.7,8999.46,8963.47,8960.34,8969.39,8994.45,8998.17,8995.95,8991.43,8990.81,8991.11,8981.64,8996.63,8989.22,8970.47,8967.63,8974.99
166,27681.5,27689.8,27691.6,27671.7,27703.9,27654.8
167,25450.2,25473.1,25458,25449.6,25455.4,25456.5,25437,25462.7,25450.4,25466.8,25447.5,25470,25478.4,25458.7,25463.1,25462.3,25471.2,25453.4,25480.6,25454.8,25462.6,25484.6,25433.9,25476.2,25462,25443.1,25461.3,25465.4,25483.6,25473.6,25472.2,25455.4,25481.5,25477.1,25470.1,25439.3,25489.2,25466.6,25455.7,25482,25453.9,25469.5,25473.8,25447.2,25436.1,25449.1,25482.2,25439.2,25449.5,25472.7,25452.9,25456.5,25445.3,25481.3,25486.8,25466,25502.7,25457,25449.2,25461.1,25485.7,25453.1,25496,25459.2,25465.3,25448.5,25472.7,25433.7,25462.1,25456.8,25473.6,25479.4,25495.1,25423.7,25436.9,25458.9,25461.9,25456.3,25474.1,25491.4,25452.4,25475.1,25461.9,25478.4,25485.7,25473.1,25470.4,25445.1,25463.9,25502.1,25415.8,25473.3,25459,25461.4,25451.9,25443.7,25464.2,25479.9,25472.5,25475.8,25473.5,25464.2,25445.4,25464,25502.1,25411.2,25504.2,25485.8,25453.4,25495.8,25509.5,25449.2,25448.9,25480.3,25482.5,25466.1,25489.3,25472.5,25500.3,25525.8,25477.6,25487.8,25476.6,25471.3,25484,25482.3,25422.5,25478.2,25500.5
168,27812.1
169,3055.27,3069.31,3025.84,3029.41,3056.65,3042.9,3062.13,3026.97,3058.04,3068.22,3050.93,3030.4,3040.55,3048.69,3089.36,3055.75,3038.76,3054.26,3029.67,3044.57,3065.53,3057.43,3081.2,3055.18,3058.26,3051.08,3074.1,3040,3062.13,3051.46,3057.1,3028.38,3063.03,3043.74,3079.3,3068.12,3063.79,3038.33,3042.78,3070.42,3059.53,3083.78,3032.41,3068.2,3052.14,3043.01,3008.51,3080.55,3040.33,3045.95,3085.42,3047.4,3063.22,3043.25,3053.28,3077.53,3052.51,3036.08,3073.43,3063.71,3063.77,3084.65,3042.59,3038.81,3043.57,3029.79,3031.43,3073,3056.2,3073.64,3037.34,3057.66,3076.59,3031.35,3062.49,3046.52,3093.85,3032.05,3100.42,3095.99,3053.58,3064.16,3058.52,3038.8,3061.59,3055.9,3033.67,3053.37,3050.99,3036.71,3046.83,3032.05,3029.48,3048.83,3010.52,3041.7,3063.54,3037.93,3045.22,3066.05,3066.53,3057.31,3024.48,3035.72,3046.96,3072.66,3050.6,3073.28,3037.29,2996.92,3036.44,3036.23,3027.38,3020.55,3067.18,3040.64,3050.06,3037.29,3012.16,3077.38,3056.5,3061.25,3046.68,3053.65,3049.59,3033.11,3034.31,3055.45,3046.81,3023.36,3065.32,3056.46,3026.91,3087.02,3034.45
170,18393,18410.4,18403.8,18427.3,18413.9,18402.7,18424.1,18437.7,18421.1,18425,18419.6,18378.1,18396.4,18440.5,18443.1,18383.1
171,11043.3,11028.8,11019.4,11021.3,11024.2,11040.9,11011.9,11001.4,11007.6,11015.6,11029.7,11028.4,11028.2,11038.5,11026.4,11026.3,11007.9,11036.2,11030.9,11043.3,11032.3,11028.2,10992,10999.2,11015.1,11000.8,11028.4,11020.6,11002.5,11050.1,11014.2,11049.4,11004.4,10987,11033.6,11061,11026.4,11068.1,11043.4,11045.9,11071.1,11029.1,11033.1,11026.1,11046.1,11042.7,11019.5,11024.9,11062.2,11029.3,11048,11036,11059.3,11017.9,11051.6,11048.6,11022.2,11033.6,10993.4,11008.8,11059.9,11098.7,11032.1,11044.3,11052.4,11065.5,11008.4,11059,11008.1,11008.9,11016.8,11049.2,11008.2,11009.6,11005.9,11020.4,11025,11026.4,11026.7,11044.4,11057.2,11027.3,11038.7,10991.2,11031.5,11023.9,11019.8,10977.1,11040.6,11019.5,10995.7,11060.7,11033.5,11030.1,11005.6,11025.4,11037.6,11045.3,11028.1,11031.9,11042,11021.5
172,31741.6
173,24569.8,24554.1,24547.3,24565.5,24580.7
174,35556.6,35561.2,35560.8,35509.6,35535
175,19656.8,19649.6,19682.7,19652.5,19657.5,19657.2,19654.7,19621,19651.7,19653.6,19658.9,19652.3,19657.9,19648.8,19649.9,19638.1,19653.4,19656.8,19672.4,19649.2,19655.1,19649.6,19636.1,19654.3,19649.2,19653.6,19648.9,19655.9,19676.2,19644,19687,19637.2,19693.6,19654.6,19666.6,19681.2,19659.5,19625.8,19617.8,19682.8,19642,19645.2,19655.1,19676.3,19664.3,19648.4,19639.6
176,22953.7,22947.5,22940.4,22972.8,22957.1,22955.1,22924.5,22928,22943.3,22948,22946.5,22955.2,22967.4,22957.7,22942.6,22955.1,22957.9,22954.6,22958.4,22955.5,22955.7,22946.3,22938.7,22946.9,22948,22963.1
177,25594,25535.2
178,28738.2,28709.9,28707.6,28718.1,28706.7,28714.7,28730.4,28725.6,28724,28734,28735.2,28736.1,28730.3,28725.9,28732.9,28733.7,28731.7,28738.1,28728.7,28719.2,28728.9,28738.6,28724,28731,28727.7,28716.3,28726.7,28738.5,28697.2,28754,28709.8,28728.2,28737.1,28733.5
179,33444.9,33411.1
180,28384.1,28374.7,28394.3,28372.3,28356.1,28337.8,28323.2,28365.5
181,36881.7,36887.7,36860.6,36872.2,36869.4,36882.3,36888,36878.8,36854.2,36878,36892.9,36891.8,36869.8,36894.2,36881,36864.8,36874.4,36886.2,36877.6,36885,36883.9,36883.6,36863.3,36873.5,36858.6,36886.5,36876.3,36881.1,36861.9,36876,36885.1,36885.9,36878,36876.2,36892.6,36893.7,36880.2,36872.2,36878.1,36884.7,36876.7,36886.7,36867,36883.2,36846.5,36893.2,36856.1,36891.7,36899.4,36886.1,36877.8,36889.8,36894.3,36885.3,36908.5,36879.5,36825.8,36883.7,36884.7
182,25141,25144.4
183,13288.8,13291.5,13329.5
184,29671.9
185,34743.2
186,2586.35,2583.75,2535.72,2562.71,2593.15,2593.55,2581.77,2540.07,2590.42,2553.78,2540.8,2546.86,2586.37,2563.08,2555.13,2546.34,2538.01,2554.53,2554.5,2573.2,2528.63,2551.61,2568.29,2513.88,2565.82,2555.17,2564.55,2567.49,2531.15,2575.37,2512.44,2552.87,2583.92,2558.37,2596.22,2525.4,2554.03,2547.29,2566.46,2546.56,2579.98,2529.38,2559.22,2533.23,2541.7,2532.32,2569.37,2577.2,2556.24,2566.06,2557.94,2590.63,2536.4,2557.18,2566.53
187,13212.7
188,31015.5,31019.6,31003.5,31025.4,31033.1,31025.3,31039.1,30964.4,31035,31065.6,31069.3,31017.9,31033.7
189,16530.3,16535.2,16531.9,16543.1,16538.2,16526,16524.2
190,23451.6,23483.3,23495.7,23469.9,23465.8,23442.8,23491.6,23471.7,23495.5,23477.1,23456.3,23457.1,23490.8,23460.5,23485.1,23476.1,23495.7,23452,23487.2,23477.5
191,21757.4,21789.5
192,36347.4,36343.9,36356.3,36339.2,36332.5,36346.9,36340.2,36352.9,36353.6,36342,36328.7,36363.6,36356.6,36337.5,36349.9,36386.4,36356.6,36363,36338.1,36363.1,36372.4,36332.4,36319.9,36301.4,36358.6
193,34883.5,34843.9,34828,34852.4,34843.9,34857.6,34855
194,9865.13,9858.57,9876.43,9861.58,9847.69,9874.37,9856.13,9857.41,9879.84,9873.83
195,18130.8,18149.7,18187.2,18185.4,18170.1,18149.4,18149.2,18176.7,18142.6,18143.9,18132.6,18127.8,18172.4
196,30322.6,30341.7,30321.8,30316.3,30317.8,30341.6,30306.6,30322.6,30315.3,30300.7,30309.7,30309.7,30287.3,30321.5,30284.3,30322.5,30309.5,30317.6,30317.6,30304.4,30311.4,30319.1,30317.9,30319,30308.1
197,11658.5,11588.2,11613.6,11616.4,11636.8,11663.1,11613.5,11629.5,11629.7,11664.7,11660.1,11636.4,11648.3,11590.8,11671.1,11664.6,11664.4,11695
198,4409.92,4386.08,4408.54,4407.73,4386.66,4388.02,4406.47,4406.15,4380.57,4404.34,4424.16,4393.47,4387.05,4397.02,4403.96,4399.27,4414,4415.94,4408.86,4406.5,4387.87,4373.57,4404.77,4417.31,4399.9,4372.71,4408.02,4414.49,4397.78,4390.41,4403.47,4406.47,4430.81,4398.7,4395.32,4418.18,4414.52,4396.34,4409.63,4429.2,4433.85,4415.32,4415.03,4396.95,4405.35,4394.46,4392.61,4412.75,4390.21,4410.57,4395.71,4413.67,4375.92,4419.34,4393.33,4403.73,4408.3,4428.87,4416.46,4370.41,4415.51,4402.12,4414.56,4412.81,4410.33,4394.87
199,14625,14637.3,14673.9,14639.4,14610.9,14618.2,14562,14619.7,14612.5,14592,14629.2,14613,14645.4,14630.6,14584.8,14634,14607.4,14623.3,14644.8,14581.2,14602.8,14597.6,14620.6,14598.7,14605.9
200,28933.5,28911.6,28912.7,28904.8,28913,28880.4,28922.4,28924.1,28909.7,28928,28919.2,28928.3,28908.5,28912,28921.1,28910.8,28912.8,28915.7,28904.3,28927.7,28904.8,28900.9,28909.2,28911.9,28917.4,28919.3,28907.2,28925.3,28921.8,28935,28926.1,28883.2,28897.3,28920.8,28914.9,28927.7,28918.2,28919.7,28920.2,28922.1,28924.5,28924.2,28914.9
201,13049.8,13037.8,13030.2,13046.1,13042.3,12984.5,13020.3,13013,13041.1,12999.2,13024.9,13028.9,13033.7,13050,13042,13043.3,13025.5,13055.2,13057.9,13021,13030.5,13037,13022.7,13021.1,13037,13033.2,13012.4,13037.1
202,17623.1,17598.4,17606.5,17593.5,17603.9
203,4089.51,4087.61,4115.54,4090.72,4096.41,4087.35,4101.9,4104.04,4113.01,4052.26,4087.74,4095.49
204,8564.61,8594.14
205,39662.8
206,38779.9,38763,38775.5,38760.5
207,21643.3,21622.6,21613.7,21654.1,21598.4,21598,21651.9,21657.3,21661.8,21601.1,21636.9,21649.5,21602.4,21627.5,21586.9,21650.9,21588.4
208,31366.4,31357.1,31361.3,31384.1,31342.5
209,31688.4,31680.3,31676.4,31678.2,31703.1,31671.2,31683.9,31690.6
210,33574.3,33540.4
211,29174.3,29235.3,29203.9,29188.8,29195.6,29173.2,29175.2,29211.4,29199.6,29212.4,29214.2,29160.8,29202.2,29181.2,29189.2,29216.7,29229.9,29199.4,29170.7,29222.5,29146,29206.8,29214.1,29185.2,29174.4,29208.1,29199.1,29224.5,29150.4,29227.1,29199.3,29177.4,29162.2,29196.9,29161,29201.1,29183.9,29175,29177.2,29210,29205.5,29171.1,29206,29180.1,29195.9,29208.7,29211.2,29175.8,29203.1,29185.8,29184.7,29249.3,29187,29195.7,29222.4,29192.5,29217.9,29196.4,29218.3,29215.4,29200,29190.3,29173.9,29210.4,29204.6,29202.8,29154,29193.6,29171.9,29198.7,29179.1,29153.5,29205.1,29191.6,29195.7,29198.1,29183.9,29224.8,29175.4,29173.3,29184.1,29149.9,29228.7,29185.7,29178.6,29209.8,29179.6,29182.9,29222.1,29174,29199.9,29201.5,29179.8,29231.1,29182.3,29203,29191.1,29217.4,29233.7,29220.5,29218.1,29222.8,29182.1,29214.3,29213.3,29202.4,29269.6,29198.1,29208.4,29219.6,29197.7,29243.7,29195.2,29212.3,29207.3,29212.3,29203.8,29199.5,29204.3,29248.8,29213.3,29250.1
212,38286.1
213,33844.2,33848.9,33849.2,33850.8,33850.5,33854.7
214,20315.6,20325.9,20313.8,20334.8,20326.4,20333.3,20322,20318.7,20318.5,20329.7,20343,20347.1,20339.7,20307.3,20332.2,20319.9,20333.9,20345.4,20330.1,20320.3,20330.5,20321.9
215,37966.6,37920.8,37922.7,37935.3,37909.3,37903.3,37929.8,37902.3,37945,37934.4,37914.2,37919.2,37911.9,37906.5,37919.2,37909.4,37921.9,37913.4,37924.6,37919.7,37943.9,37900.7,37925.4,37918.6,37917.8,37919.1,37918.4,37932.6,37910.1,37919
216,16496.9
217,21187.7,21142.7,21104.8,21141
218,10122.4,10117.6,10114.7,10126.1
219,22352.7,22363.9,22348.7,22363.7,22363.3,22361,22360.3,22360.9,22354.5,22367.2,22355,22351.3,22353.6,22368.6,22350,22358.9,22362.3,22353.4,22351.1,22369.3,22376.3
220,20860.7,20855.9,20860.6,20866.4,20861.7,20882,20857.1,20869.4,20865.7,20839.3,20857,20837.5,20859.9,20865.8,20832.9,20888.3,20850.4,20861.3,20843.3,20857.9,20855.7,20866.5,20855.6,20867.8,20858.1,20855,20860.4
221,13513.8,13476.5,13520.9,13503.4,13459.1,13514.6,13474.7,13491.3,13466.6,13523.2,13497.2,13527.5,13461.7,13486.8,13516.6,13495.3,13500.4,13537.1,13482.1,13476,13468.4,13490,13531.8,13460.3,13545.4,13479,13472.7,13510.7,13495.5,13531.1,13503.4,13491.6,13491.4,13466.1,13513.8,13497,13489.4,13544.3,13479.9,13479.3,13510.4,13514.3,13476.7,13491.3,13514.1,13493.4,13484.1,13487.4,13459.1,13513.4,13461.7,13479.6,13523.4,13521.8,13526.3,13510.8,13516.8,13512.2,13514.4,13503.3,13441,13519.3,13500.3,13541,13518.7
222,26748.7,26770.9
223,28563.1,28562.6
224,13216.2,13166.8,13188,13219.4,13201.1,13215.9,13186.7,13174.6,13194.3,13187.7,13185.8,13224.7,13225.8,13195.7,13197.1,13178.6,13202.2,13231.2,13209.7,13169.9,13164.9,13229.2,13189.1,13207.3,13194.9,13202.7,13227.8,13176.7,13236.6,13216.2,13171.7,13221.4,13217,13203.2,13210.3,13227.7,13175.3,13180,13210.4,13204,13202.7,13165,13188.4,13212,13220.2,13178.9,13191.8,13203.6,13230,13185.4,13222.5,13232.7,13201.2,13205.8,13213.3,13190.3,13197.4,13228.2,13215,13177.3,13208.1,13183.1,13202.7,13187.6,13182.6,13232.4,13208.4,13180,13176.1,13220.1,13201.8,13198.4,13227.8,13224.4,13226.9,13224.8,13213.8,13206.4,13233,13208.5,13227.2,13172.9,13225.7,13209.4,13207,13228.8,13217.5,13219.6,13257.1,13267.3,13239.4,13242.6,13236.7,13213.1,13217.3,13185.1,13211.7,13227.6,13230.7,13238.1,13212.7,13240.5,13241.5,13235.9,13223.7,13232.3,13204.3,13228,13240.6,13222.5,13238.4,13231.3,13214.3,13192.8,13213,13200.8,13211.7,13208.9,13209.9,13230.1,13225.1,13220.3,13184.6
225,24791.4,24806.1,24815.3,24797.1,24809.2,24785.1,24780.2,24771.1,24834.4,24814.8,24809.7,24842.6,24804.9,24815.8,24753.4,24796.8,24807.3,24784.8,24807.5,24793.3,24769.9,24828.7,24763.9,24770.9,24771.8,24796,24823.6,24805.7,24794.8,24780.5,24809.3,24870.9,24762.6,24800.4,24810.5,24830.7,24792,24770.7,24781.1,24782.7,24796.3,24782.9,24873.5,24748.4,24811.4,24781
226,37582.8,37593.3
227,26078.5,26106.8,26104.8,26100,26107.6,26093.3,26105.5,26114.8,26111.1,26104.2,26102.9,26109,26101.2,26117.4,26104.1,26092.2,26101.9,26092.9,26096.5,26101.7,26117.8,26117.9,26099.7,26112.5,26107.1,26091,26114.8,26106.7,26102,26109.2,26098.8,26115.9,26132.3,26119.9,26099.5,26093.5,26142.8,26105.4,26092.5,26107.7,26087.6,26135.9,26111.8,26103.9,26118.5,26119.7,26093.5,26089.6,26108.6
228,7222.12,7201.36,7161.98,7167.34,7196.04,7175.64,7214.72,7180.88,7206.88,7192.9,7169.72,7137.21
229,22277.2,22281.3,22310.5,22287.9,22292.8,22345.9,22320.3
230,32797.3,32768.1,32813.7,32807.3,32787.9,32796.4,32798.5,32784.7,32818,32808.3,32760.5,32791.7,32797.6,32800.8,32788.8,32804.9,32792.5,32809.7,32808.6,32789.4
231,25630.4
232,25948.6
233,32522.7
234,7194.34,7190,7186.37,7204.98,7146.29,7187.37,7190.52,7221.81,7202.61,7193.43,7171.29,7218.92,7178.51,7186.75,7188.69,7180.13,7163.08,7188.01,7201.16,7207.72,7196.24,7205.58,7213.04,7201.14,7207.3
235,11353.3,11334.5
236,27463.3,27455.5,27461.2,27471.2,27463.3,27446.6,27459.7,27471.4,27469.6,27430.6,27463.6,27442.6
237,28085.1,28109.5
238,6705.13
239,6511.46,6527.32,6525.17,6518.02,6493.24,6506.66,6494.35,6483.1,6545.85,6546.41,6489.56
240,15415.8,15438.6,15426.1,15441.3,15391.8,15436.4,15390.3,15429.3,15403.5,15477.3,15401,15446.7,15398.6
241,17015.9,17005.3,16988.7,16986,17025.3,16993.5,16991.3,17018.2,17002.9,16997.9,16988,17024.3,17001.2,17005.1,17035.6,17016.9,17060.9,16994,17021.5,17013.5,17054.5,16989.5,16995.2,16997.8,17012.6,17021.4,16979.9,17029.3,16995.7,17023.4,16978.1,17005.1,17011.4,16990.6,17017.9,17007.3,17031.5,17023.2,17026.3,16993.2,17055.4,17010.8,16990,17006.1,17036.4,17015.1,17029.3
242,30148.5,30163.5,30167.2,30114.1,30157.5,30123.9,30152.9,30165.5,30145.4,30122.6,30143.3,30150.3,30140.4,30134.4,30166,30150.4,30136.7,30134.5,30164.2,30199.8,30165.1,30158.7,30154.9,30166,30142.5,30140.1
243,23900.7
244,6059.18,6011.79,6028.16,6038.72,6053.33,6008.22,6088.8,6015.8,6024.07,6007.1,6089.64,6064.98,6027.7,6012.38,6054,6030.8,6070.93,6037.96,6025.91,6047.8,6061.86,6028.7,6012.29,6030.47,6051.96,6027.09,6062.6,6039.42,6035.33,6039.48,6067.84,6047.86,6032.18,6043.55,6008,6060.51,6007.71,6032.96,6030.53,6005.75,6028.47,6059.4,6042.79,6037.24,6046.94,5990.07,6000.17,6008.16,6010.27,6033.72,6020.12,6054.74,6021.79
245,28729.5,28721.9,28730.7,28726,28791.3,28718.8,28744.8,28755.1,28761.1
246,18574.3
247,29441.2
248,30081.5
249,24945.2
250,29744.7,29710.2
251,11653.7,11656.4,11649
252,16291.8,16282.9,16293.8,16271.4,16304.8,16280.8,16277.3,16277.3,16277.9,16274.3,16300.5,16293.9,16300.4,16323.5,16289.9,16296.1,16294.2,16285.9,16279.9,16295.8,16276.2,16289.1,16280.6,16313.9,16279,16285.3,16283.4,16286.6,16328.5,16284.6,16291.8,16289.9,16281.3,16285.8,16303.5,16288.3,16302.8,16294.4,16332.5,16297.4,16337.6,16291.4,16287.6,16301.5,16273.7,16287.9,16265.4,16309.2,16304.8,16281.9,16288.7,16299.9,16306.1,16341.1,16298.7,16298.8,16301.3,16285.8,16335.1,16316.2,16317.5,16323.4,16290.8,16304,16306.9,16290.7,16295.2,16285.2,16298.3,16286.6,16291.3,16292.8,16266.9,16323.2,16285.8,16300.1,16289.2,16330.8,16303.3,16270.9,16282.5,16276,16326.2,16280.9,16278.6,16304.5,16312,16301.4,16294.9,16297.7,16300.8,16299.7,16282.8,16320,16305,16310.1,16308.5,16299.9,16279.6,16256.1,16304.6,16285.6,16301.9
253,4315.19,4316.85,4304.51,4315.21,4283.87,4292.97,4324.46,4285.89,4280.58,4276.17,4299.5,4295.71,4311.19,4323.12,4292.87,4314.08,4295.88,4322.24,4296.08,4321.03,4312.03,4304.75,4286.45,4288.27,4293.59,4283.21,4309.99,4319.11,4304.99,4304.2,4310.84,4298.05,4307.85,4283.41,4307.01,4288.07,4316.92,4299.23,4305.6,4322.63,4327.87,4236.95,4295.31,4301.07,4298.26,4301.34,4313.01,4302.87,4298.19,4301.9,4284.72,4289.5,4296.02,4311.81,4298.67,4285.84,4307.36,4293.05,4290.98,4296.93,4290.35,4302.46,4289.98
254,4103.63,4114.42,4119.51,4111.7,4153.25,4160.56,4112.5,4110.57
255,36249.7,36264.8,36254.9,36265.1,36266.9,36282.7,36273.5,36262,36268.4,36264,36258.3
256,32542.2
257,14605,14629.4,14626.4
258,2841.09,2858.06,2851.67,2848.73,2869.77,2844.71,2853.27,2857.29,2860.28,2855.24,2852.58,2843.12,2845.59,2874.44,2868.81,2845.85,2862.23
259,6009.78,6041.24,6013.89,6033.94,5994.53,5975.73,5995.46,6013.65,5981.15,6007.75,6004.29,5976.56,6019.94,6001.89,6040.4,5986.6,5993.12,6023.99,6002.94,6000.57,6021.7,6015.4,6005.99,5980.98,6000.55,5998.54,5991.55,5979.09,5956.5,6004.55,6008.37,5967.82,5990.9,6036.51,5998.54,6002.12,5995.27,5983.97,6009.79,6019.88,6015,5993.26,5989.77,6002.08,6009.38,5976.43,5997.83,6000.84,5994.89,5981.56,5971.67,6005.75,6004.59,6012.1,6009.61,6026.73,6016.32,6008.96,6009.64,5983.22,6001.97,6023.03,5995.13,6013.23,5997.26,6041.83,6017.95,5993.24,5973.47,5991.01,6030.92,5973.21,5981.15,6049.86
260,32565.1,32524.7,32544.9,32570.9,32616.1,32620.5,32536.4,32567.1,32571.9,32571.7,32581.7,32593.6,32580.8,32572.3,32565,32549.6,32537.6
261,27844.2,27807.8,27814.4,27795.5,27834,27809.2,27814,27817.8,27826.1,27821.5,27810.2,27824.1,27817.8,27822,27818.9,27821.9,27821,27814.8,27806.7,27822.8,27810.7,27817.5,27820.5,27784.1,27807.4,27819.5,27807.2,27794.6,27823,27799.1,27811.1,27821,27806.2,27843
262,24672.8,24672.7,24692.9,24672,24668,24686.6,24678.1,24675.2,24671.2,24655.7,24678.7,24678.6,24665
263,17294.9,17293.9,17264.7,17265.9,17269.8,17280.9,17277.6,17298.9,17282.3,17292.7,17275.1,17288,17282,17270.4,17275.1,17268.5
264,11728.3
265,19753.1,19729.9,19737.8,19725.7,19761.3,19771.4,19756.9,19746.7,19750.2,19778.1,19754.6,19739.1,19774.5,19746.7,19731.9,19755.6,19748,19764.2,19715.2,19753.1,19745.6,19745,19771,19727.8,19773.9,19724.7,19763.2,19792.8,19746.5,19773.2,19756.4,19749.7,19746.8,19731.4,19733.4,19753.5,19737.9,19729.3,19736.4,19746.8,19753.9,19762.8,19764,19754.3,19743.5,19800,19765.1,19754.5,19800.6,19758.4,19729.6,19772,19768.7,19757.1,19787.8,19768.8,19748.8,19733.3,19763.9,19737.8,19783,19755.5,19762.9,19739.3,19770.6,19756.2,19759.2,19754.5,19767.2,19777.9,19742.1,19768,19752.8,19774.7,19773.9,19724.2,19762,19751.5,19766.6,19803.2,19759.1,19772.4,19763.8,19754.9,19774.3,19740.4,19809.2,19726.9,19743.8,19759,19788.2,19784.2,19743.5,19762.9,19754.6,19766.7,19750.5,19761.8,19771.7,19779.5,19760.4,19778.7,19791.3,19725.9,19736,19774.3,19760.6,19749.5,19791.2,19784.6,19763,19777.3,19776.8,19763.8,19781.6,19767.8,19794,19769.1,19793.9,19787.8,19791.4,19783.9,19772.6,19780.3,19780.1,19796.9,19837.2
266,15426.6,15467.5,15408.6,15389.2,15432.9,15394.2,15401.5,15403.2,15401.8,15419,15447.9,15403.2,15434.3,15419.7
267,6207.24,6197.24,6202.17,6187.96,6197.51,6206.5,6209.27,6215.61,6200.82,6198.35,6215.98,6211.46,6174.02,6225.05
268,16166.7,16197,16178,16173.6,16162.5
269,25733.1,25700,25702.9,25699.2,25705.2,25683.4,25690.7,25695,25726,25704.8,25708.6,25693.6,25687.6,25679.9,25691.6,25688.5,25660.6,25690.4,25692.7,25696.9,25704.1,25721,25662.8,25694.1,25701.2,25721.2,25671.4,25691.2,25725.4,25716.4,25701.2,25645.4,25684.7,25687.8,25697.3,25722.6,25687.8,25649.9,25690.4,25682.5,25668.6,25717.4,25692.8,25708.8,25706.6,25722.4,25716.2,25728.2
270,31954.3,31951.4,31926.3,31962.8,31954.6,31965,31976.2,31966.3,31894.6,31967.4,31961,31969.1,31969.6,31962.9,31974.4,31933.9,31983.4,32002.6
271,30338.3,30298.9,30306.1,30298.8,30304.6,30318.2,30314.2,30308,30326.5,30302.8,30304.5,30314.7,30310.8,30304.1,30337.9,30336.9,30314.8,30321,30311.7,30324.5,30323
272,2974.68,2958.02,2970.19,2975.52,2971.18,2970.16,2967.74,2978.24,2960.05,2966.5,2965.72,2964.85,2966.53,2980.6,2953.18,2962.2,2964.42,2969.74,2975.38,2995.37,2967.77,2981.49,3001.75,2988.02,2974.1,2964.59,2985.87,2973.45,2977.56,2979.35,2968.67,2972.74,2971.17,2992.04,2983.24,2972.76,2994.54,2984.68,2972.1,2983.26,2950.2,2966.63,2963.62
273,25419.1,25408.4,25419.7,25448.8,25439.5,25419.3,25376.7,25394.5,25385.7,25390.9,25401.1,25424.7,25407,25372,25392.2,25388.5,25399.8,25404.9,25408.2,25393.6,25418.9,25445.4,25395.8,25427.8,25428.9,25427.5,25368.7,25414.9,25445.8,25432.1,25395.3,25436,25438,25410.9,25426.8,25428.8,25414.9,25377.7,25438.9,25418.2,25412.4,25461.2,25393.8,25424.7,25411.9,25417.2,25440.9,25418.8,25370,25385,25408.9,25433.7,25405
274,23329.6,23322.1,23330.1,23335.9,23318.1,23324.9,23322.7,23312.7,23318.6,23330.2,23328.9,23330.6,23335.8,23309.7,23338.7,23317,23317.4,23328.9,23302.4,23322,23320.4,23324.9,23313.6,23365.1,23305.9
275,20599.9
276,14899.8,14860.3,14885.3,14877.9,14891.3,14888.5,14867.2,14954.9
277,23773.4,23804.9,23783.3,23746.5,23757.7,23733,23776,23782.4,23764.1,23762.8,23771.2,23771.9
278,26244.6
279,11638.6,11638.9,11648,11601.8,11660.4,11623.7,11606.8,11629.4,11659.1,11635.2,11670.8,11674.2,11668.1,11627.4,11672.6,11638.7,11656,11643.9,11665.7,11657.2,11667.1,11653.3,11653.9,11625.4,11661.2,11633.5,11646,11627.1,11644,11643.2,11679.5,11650.2,11638.3,11657.6,11618.2,11630.6,11636.2,11670.5,11592.2,11644.1,11668.7,11656,11667.5,11619.8,11644,11643.5,11630.4,11671.5,11633.2,11668.8,11651.1,11666.3,11654.7,11689.8,11669.1,11664.6,11650.3,11610.6,11689.2,11628.2,11664.8,11667.7,11635.4,11677.4,11642.9
280,38438.3
281,29452.3,29459.4,29456.7,29453.7,29465.9,29454.8,29462.1,29461.6,29458.6,29475.8,29447.2,29472.1,29469.1,29447.9,29449.8,29468.7,29369.6,29466.6,29471.8,29475.4,29467.5,29457.3,29471.6,29470.8,29460.9,29460,29457.2,29463.2,29451.4,29463,29469.2,29482.5,29481.9,29479.7,29478.9,29461.4,29463.5,29472.5,29447.7
282,14752.3,14753,14750.6,14777.7,14784,14786.9,14778.1
283,5742.38,5727.86,5725.91,5762.95,5658.13,5712.14,5744.05,5717.07,5744.86,5750.72,5702.35,5734.26,5778.63,5706.38,5740.13
284,7923.55,7943.69,7928.7,7977.75,7934.71,8004.19,7977.07,7928.3,7940.22,7937.87,7946.77,7965.51,7971.09,7941.12,7956.72,7965.23,7960.72,7955.09,7958.89,7962.7,7942.64,7948.93,7943.62,7968.47,7976.62,7954.11,7938.94,7954.35,7931.43,7934.51,7962.02,7950.12,7952.68,7955.23,7973.26,7953.85,7944.42,7963.7,7983.08,7982.86,8027.64,7957.02,7984.3,7959.65,7988.49,7990.2,7971.71,7960.71,7949.79,7972.53,7963.96,7969.61,7969.01,7968.96,8013.38,7968.84,7959.87,7948.68,7963.87,7965.92,7957.79,7962.8,7922.25,7971.36,7969.22,7951.36,7936.01,7971.67,7969.54,7966.81,7972.39,7985.3,7958.93,7958.49
285,21601.5,21634,21619.9,21614.5,21630.9,21640.4
286,5271.86,5272.5,5271.99,5260.79,5246.18,5281.9,5284.43,5269.81,5241.9
287,33616.9,33624.9,33613.8,33622.5,33620.5,33622.6,33615.1,33611,33619.7,33612.7,33629.5,33626.6,33642.8,33602.8
288,28211.4,28230.5,28224.5,28197.8,28236.4,28227.2,28214.5,28244,28202.3,28212.6,28238
289,31396.2,31401.4
290,24092.9,24088.5,24087.7,24090.8,24115.1,24103.9,24092,24087.6,24101.3,24072.7,24103.9,24068.7,24089.9,24073.6,24121.5,24091.5,24074.6,24104.4,24096.5,24078,24082.4,24105.2,24102.3,24083.9,24089,24080.7,24054.6,24092.5,24095,24093.8,24089.7,24105.4,24084.1,24080.2
291,17129.6,17148.6,17141.4,17153.8,17155.3,17196.6,17148.7,17163.9,17152.2,17157,17129.4,17130.8,17149.9,17129,17130.9,17164.2,17187.3,17152.8,17143,17140.4
292,7535.16
293,20758.9,20794.2,20761,20797.2,20769.6,20773.7,20769.7,20774,20784.2,20757.8,20769.2,20778.7,20770.2,20772.4,20773.8,20783.4,20747,20751.5,20796.1,20795,20789.1,20769.6,20790.2,20778.9,20741.2,20777.6,20772.1,20809.4,20800.4,20790,20775.7,20782.6,20805.7,20763.5,20750.3,20802.3,20769.7,20795.8,20804.2,20817.9,20829.7,20788,20793.1,20815.3,20795.1,20797.7,20783.3,20824.5,20767.2,20785,20794.8,20799.9,20803.3,20785.5,20783.3
294,26372.6
295,6106.91,6122.62,6068.41,6115.35,6132.72,6101,6096.45,6122.94
296,32544.3,32541.2,32542.7,32531.8,32507.1,32558.8,32547.9,32529.3,32543.3,32538.5,32590.9,32547.4,32545.9,32527,32540.5,32550.8,32553.7,32551.8,32586.1,32533.9,32573.5,32526.8,32551.9,32544.2,32553.6,32540.1,32550.4,32535.4,32540.6,32547,32524.7,32543.8,32550.8,32557.9,32522.7,32558.2,32534.9,32554,32541.5,32534.4,32545.1,32539.8,32536.4,32507,32513.1,32524.5,32558.6,32501,32542.8,32531.5,32552.8,32552.6,32543,32553.9,32506.8,32514.3,32506.9,32558.6,32555.7,32529.3,32534.2,32530
297,40269.7,40269.4,40263.6,40281.4,40255.9,40268.5,40271.1,40265.1,40268,40279.1,40262.8,40266.4,40242.6,40271,40282.3,40281.2,40270.6,40274.8,40276.6,40266.6,40290.3,40272.5
298,23885.4
299,25774.1,25775.9,25752.4,25772.3,25758.8,25759.6
300,14416.2,14432,14441.4,14368.6,14425.4,14437.6,14448.1,14446.3,14405.7,14463.8,14439.2,14415.4,14464.1,14439.1,14442.7,14460.5,14466.7,14411.3,14455,14400.7,14400.5,14405.1,14406.6,14453.7,14438.6,14417.4,14429.2,14458.8,14404.6,14441.2,14414.7,14431.4,14444.8
301,8296.84,8293.68,8288.41,8290.61,8284.33,8302.91,8289.86,8293.57,8289.13,8285.86,8299.65,8303.97
302,6867.13
303,16344.1,16327,16363.9,16312.4,16309.1,16320.1,16305.5,16320.4,16338.2,16293.8,16306.1
304,3564.6,3520.12,3528.93,3538.89,3554.32,3560.92,3477.58,3527.33,3530.97,3538.74,3530.98
305,26472.5,26471.9,26459.1,26457.1,26449.9,26466.8,26442.9,26458.1,26467.8
306,15533
307,21697.9,21743.7,21746.8,21734.9,21735.2,21708.9,21724.6,21730.2,21705.3,21746.8,21702.8,21711.5,21729.6,21743.3,21735.4,21737.9
308,34622.6,34602.9,34612.8,34606.2,34614.8,34620.5,34643.1,34573.9,34590.4,34632.4,34568.5,34589.6,34582.2,34540.9,34584.5
309,28216.2,28236.8,28225,28235.8,28210.9
310,36015.6,36064.4,36071.4,36067.8,36047.3,36055.7,36094.6,36064.6
311,28434.7,28458.6
312,12324.7,12307.8,12308.7,12348.8
313,28178.4,28155,28167,28184.5,28197.9,28157.6,28177.9,28171.4,28178.6,28172.9,28159.5,28165.6,28211.4,28186.2,28187.5,28160.2,28184.1,28185.3,28204.7,28206.3,28194.9,28192.6,28175.6,28198.9
314,26982.6,27027.7,26993.2,27049.5
315,3940.78,3903.24,3927.53,3953.93,3896.27,3928.01,3920.97,3884.4,3932.92,3917.16,3938.97,3917.49,3918.46,3934.64,3952.95
316,14352.3,14344.7,14366.7,14387.7,14387.4,14371.9,14365.9,14363.8,14374.5,14368.6,14399.5,14370.5,14383.1,14395.9,14378.7,14376.8,14413.1,14398
317,19577.6
318,23747.8,23765,23741.7,23747,23751.9,23761.9,23719,23761,23698.8,23750,23760.4,23756.1,23750.1,23749.1,23724.5,23754.1,23762.3,23698,23799.7,23735.1,23755.2,23748.2,23751.6,23745.3,23794.6,23751.2,23741.8,23771,23757.3,23748.9,23752.3,23738.5,23769.2,23755.3,23760,23762.7,23744.7,23732.3,23732.1,23761.3,23749.3,23766.4,23799.9,23736.3,23742,23740.5,23764,23763.4,23748.5,23757.8,23781.4,23793.1,23763.9,23774.3,23762.3,23750.8,23773.9,23765.2,23739.4,23756.4,23755.6,23772,23773.6,23773.6,23749.1,23755.7,23727.3,23784.2,23760.7,23758.8
319,23208.1,23255.4,23231.6,23211.3,23229,23219.8,23240.4,23229.3,23213.6,23217.2,23207.8,23228.6,23237.1,23189.4,23261.1,23178.6,23244.7,23217.5,23211.1,23255.2,23214.1,23219.2,23237.7,23252.6
320,20285.6
321,29696.9
322,30575.5,30566.7,30545.9,30586.2,30569.3,30554.6,30536.1,30536.4
323,36881.7,36890.2,36871.5,36877.7,36894.9,36891.9,36902.3,36912.2,36859.7,36886.6,36894.6,36892.8,36896.2,36905.6,36897.7,36905.5,36886.5,36891.6,36890
324,24406.8,24408.5
325,2755.02,2692.4,2679.14,2746.63,2718.13,2717.27,2739.16,2683.96
326,24177.1
327,34884,34901.3,34898.2,34903.7,34919.5
328,29669.6,29692.6
329,2101.84,2061.66,2073.49,2067.18,2051.28,2114.29,2065.26,2092.14,2090.03,2091.97,2054.73,2105.47,2119.03,2059.94,2033.14,2078.08,2094.71,2086.94,2068.08,2070.24,2067.78,2071.38
330,25486.3,25473,25473
331,17227.1,17264.9,17259,17249.8,17224.1,17224.4,17220.1,17224.6,17242.9,17235.8,17233.5,17219.1,17260.6,17246.6,17246.4,17270.3,17262.1,17248.3,17259,17243.7,17263.1,17279.9,17237.6,17225.9,17271.3,17264.6,17264,17275,17261.9,17247.7,17230.5,17267.5,17252.2,17270.4,17271.8
332,39524.9,39540.6,39534.2,39517.4,39534.3,39516.6,39526.5,39531,39520.1,39523.5,39514.2,39521,39527.1,39516.9,39525,39533.1
333,13053,13099.5,13112.8,13091.2,13073.9,13069.5,13067.1,13079.6,13074.7,13091.3,13079.3
334,21626.5,21626.5,21641.5,21618.4,21651.8,21619.3,21643.1
335,17686.8,17697.7,17720.7,17720,17710.9,17709.6,17722.3,17725.7,17735.6,17725.3,17735.6
336,20646.5,20663.3,20652,20637.2,20618.9,20643.1,20637.4,20627.7,20638.7,20624,20672,20643.5,20645.9,20641.3,20654,20663,20646.6,20642.9,20638,20670.8,20640.1,20633.3,20661.4,20655.7,20646.7,20662.2,20661.5,20618.8
337,32449.8,32485.8,32444.9,32481.5,32464.6,32470.7,32441.1,32489.3,32465,32458.9
338,6516.89,6500.39,6485.02,6501.24,6506.98,6489.13
339,34117.7,34200.9,34174.6,34197.2,34156.1,34150.6,34169.4,34192.2,34177.4,34160.7,34188.9,34162.7,34173.2,34184.9,34164.7,34179.6,34145.8,34193
340,27699.7,27710.7
341,22796.5,22843.2,22853.5,22829.4,22850.3,22855.2,22894.9,22865.9,22836.2,22842.2,22851.9,22827.2,22849,22823.8,22813.4,22863.8,22837.7,22851,22845.6,22852.6,22839.3,22850,22850.6,22870.3,22861.8
342,25842.1,25812.1,25831.3,25840.2
343,8962.71,8998.04,8980.26,8961.41,8991.21,9021.64,8972.28,8968.13,8985.43,9001.83,8986.2,8975.73,8994.58,8982.4,8988.54,8987.8,8950.31,9000.08,9001.08,8975.24,8963.51,9002.95,8990.01,8981.73,8994.19,8951.91,8980.68,8997.84,8991.65,9015.56,9001.47,8998.91,8967.7,8997.18,8973.72,9011.84,9011.66,8972.66,9008.53,9027.53,8993.63,8965.28,9015.16,8989.6,9006.88,9012.05,8992.25,9005.34,8998.43,9004.63,8984.97,8985.95,8959.23,8990.09,8995.06,8993.85,9011.21,8991.54,8997.73,8984.39,8971.93,8971.56,8975.38,8988.12,8980.27,9010.96,8970.35,8981.34,9002.68,8984.09,8996.85,8978.94,8963.32,9017.83,9020.05,8979.43,8988.36,8995.97,9007.43,8996.65,8969.86,8993.67,8995.66,8970.72,9003.12,9014.02,8993.22,9004.72,8997.39,9009.83,9007.04,8985.55,8995.65,9003.23,8960.03,8991.45,8978.09,8954.34,9005.55,9013.54,9015.77,8994.38,9019.33,8983.71,8978.68,8998.8,8990.41,9006.45,8985.69,8998.16,8988.44,9001.43,9003.87,8990.76,8994.08,8995.35,9013.97,9009.25,9020.83,9002.41,9014.93,9003.52,9015.21,8974.02,8984.64,9009.77,8997.24,8989.19,8975.16,9011.58,8988.91,8978.83,8984.36,8997.95,9023.38,8993.97,8987.49,9007.58,9005.87,8954.4
344,26374.3,26384.7,26350.7,26378.1,26339.8,26333.3,26354.4,26387.7,26354.5,26364,26394.2,26325,26341.8,26372.2
345,25978,25980.9
346,32460.1,32498.7,32480.7,32478.3
347,14642.1,14626.2,14612.5,14594.1,14640.3,14628.6,14623.6,14640.8,14636,14620.3,14622.8,14650.7,14625.8,14628.6,14607.7,14581.5,14641.4,14583.5,14619.8,14629.6,14646.3,14617.9,14621.2,14630.1,14625.7,14619.6,14578.4,14576.8,14598.6,14656.3,14627.6,14644,14601.5,14626.6,14643.7,14643.6,14636.1,14641.7,14618.3,14599.9,14623.1,14603
348,32732.3,32733.9,32756,32729.9,32729,32738.2,32749.9,32725.6,32745.5,32714.3,32744.4,32728.3,32743.8,32734.6,32709.8,32779.9,32734.8,32744.2,32744.8,32742.2,32743,32743.4,32742.3,32736.4,32718.5,32729.6,32733.2,32740.3,32721.4,32753.4,32732.2,32727.1,32734.5
349,30908
350,38611.6,38593.1,38599.7,38611,38614.5,38607,38620,38611.9,38605.3,38600.7,38573.7,38570,38621.9
351,23319.4,23327.4,23340.4,23328.1,23332.4,23328.9,23326.4,23333.6,23345.3,23347.4,23324.1,23334.2,23331.8,23365.8,23343,23340.9,23354.2,23336.1,23334.8
352,34069.9,34070,34075.1,34078,34084.9,34077.4,34082,34077.5,34075.1,34068.3,34073.9,34103.3,34071.4,34069.9,34067.3,34059.2,34097.3,34068.6,34074.8
353,6633.31
354,25261.5,25339,25310.3,25360.7,25351.8,25337.2,25314.2,25310.7,25289.3,25330.6,25308.7,25330.4,25361.1,25344.4,25364.1,25367.8,25277.3,25334,25285.5,25345.7,25286.1,25320.2,25330,25337.4,25371.4,25329.8,25313.1,25296.7,25262.2,25339.5,25325.6,25296.9,25287.8,25312.9,25359.6,25272.3,25355.9,25302,25326.9,25317.6,25325.8,25312.3,25320.5,25348.3,25285.8,25328.7,25301.2,25302.6,25308.9,25347.2,25282,25314.6,25299.6,25264.6,25326.6,25326.1,25378.1,25306.9,25296.5,25267,25316.1,25344.5,25335.6,25325.3,25338.6,25260.5,25338.2,25365.4,25322.4
355,12104,12112,12120.4,12121.1,12133.2,12119.4,12135.4,12139.2,12124.6,12121.5,12125.5,12107.4,12120.7,12110.6,12146.9,12132.2,12108.6,12126.6,12113.5,12123.4,12116.8,12125.6,12126,12113.3,12114.6,12079.3,12152.7,12129.3,12123.4,12123.1,12135.4,12112.7,12128.8,12096.5,12113.3,12117,12112.7,12138.2
356,38633.6,38629.3,38612.4,38622.2,38618.6,38622.4,38617.9,38629.1,38649.8,38624.4,38649.2
357,14693.3,14715.3,14706.1,14700.2,14704.8,14714.4,14718.5,14706.9,14716.4,14719.3,14708.5,14712.9,14708.9,14696.4,14718.9,14717.8,14702,14712.2,14711.3,14719.8,14718.7,14721.5,14713.3,14703.3,14688.7,14698.7,14696.5,14708.8,14719.6,14719.8,14711.5,14722.4,14700.1,14717.6,14707.8,14698.7,14695.6,14706,14698.2,14707.2,14726.1,14702.4,14696.9,14730.4,14712.7,14704.3,14731,14713.8
358,30154.3
359,26048.3,26094.8,26069.6,26080.2,26078.1,26063.7,26098.8,26094.1,26074.2,26068.5,26073.2,26056.6,26081.3,26068.1,26086.1,26066.5,26040.1,26086.9,26097.1,26068.1,26104.8,26094.5,26054.1,26080.4,26067.7,26099.7,26082.4,26081.7,26085.2,26041,26087.1,26073.9,26088,26060.2,26049.7,26093.4,26087.5,26059.3,26039.4,26115.9,26106.2,26089.2,26097.4,26056.2,26073.2,26070.3,26074.3,26091.4,26084.5,26076.9,26065.9,26096.8,26097,26055.2,26100.6,26115.3,26109.8,26086.1,26096.4,26074.7
360,36897.9,36966.8,36906.7
361,30178.6,30174.5,30184.8
362,29901,29911,29905.9,29901.6,29917.5,29920,29908.9,29898.2,29925,29893,29921.5,29953.1,29900.9,29911.3,29903.2,29915.5,29901.2,29913.1,29922.1
363,9082.26,9068.6,9093.67,9132.97
364,31976.4
365,31847.3
366,31370.1
367,31464.7
368,34891.9
369,38988.9
370,28629.6
371,24066.4,24064
372,3994.94,3925.52,3923.38,3889.58,3962.22
373,33935.2,33951.1,33938.3,33916.9,33927.7,33937.5,33959,33938.2,33951,33959.4
374,31342.7,31331.4,31303.9
375,17025.2
376,5550.98,5577.04
377,16154.8,16195.2,16195.8
378,39006.9,38960.1,38957.8,39023.5,39004.8,38955.7,38982.9,38986.4,38986.6,39008.5,39005.9,38984.6,38966.6,38994.6,38975.7,38969.5,38955.9,39022.9,39043.8,38976.9,38978.7,38965.6,38995.3,38995.6,38996,39016.9
379,17050.2,17033.2,17043
380,36659.3,36658.7,36655.6,36635.2,36644.6,36655.9
381,36712.2,36719.6,36729.6,36729.7,36711.5,36710.5,36721.2,36710.6
382,35366.9
383,6319.67,6301.91,6293.78,6304.51
384,35098.8
385,21294.1,21293.9,21277.5,21284.9,21290.3,21298,21285,21289.9,21273.9,21307.5,21294.3,21291.6,21312.3,21290.3,21279,21283.1,21310.2,21318.9,21278.6,21319.1,21274.4,21321.3,21319.5,21321.5,21297,21324.9,21306.8
386,31772.8,31804.2,31800.6,31786.2,31777.2,31802,31791.5
387,28251.3,28245.5,28228,28235.1,28242.8,28236.6,28237.7,28241.7,28235.5,28254.8,28237.5,28250.5,28240.4,28237.5,28222.2,28233.2,28272.6,28243.6,28260,28229.2,28237.2,28236.1,28239.4,28234.8,28237.2,28252.9,28241.6,28239.1,28225.6
388,35900.8,35900.8,35880.9,35883.6,35881.3,35875.6,35890.9
389,24911.3,24950.4,24938.2
390,32506.2,32520.4,32481.2,32519.7,32499.3,32499.5,32528.9,32520.6,32514.2
391,30041.5,30040.2,30024.7,30014.7,30019.3,30033.8,30038.5,30033.1,30035.8,30026.9
392,33901.4
393,40163.1,40130.8,40125.4
394,33559.7,33588
395,31770.6,31786.8,31768.8,31754.2,31772.3,31770.2
396,21760.7
397,13066,13069.4
398,27844.1,27830.4,27833.5,27804.4,27820.4,27822.2,27832.8,27814.4,27818.9,27838.8,27840.3,27827.5,27822.6,27827.2,27839.5,27825.3,27835,27821.1,27823.2,27832.6,27850.6,27824.6,27813.8,27813.6,27827.2,27833.1,27835.6,27821.9,27803.2,27830.6,27821.5,27835.8
399,33251.8,33209.1,33215.7,33213.6
400,36615.9,36619.6,36607.5,36599.4,36619.2,36632.2,36604.2,36596.4,36600.7,36640.3,36601.6
401,13828.1,13829.2,13809.6,13843.6,13822,13819.4,13853.4,13851.5,13803.1,13815.9,13821.8,13823.2,13814.7,13808.7,13808,13844.7,13821.9,13812.5,13830.8,13828.7,13824,13733.3,13846.7,13832,13827,13816.3,13864.1,13816.4,13837.4,13848.1,13824,13824.1,13803.7,13843.3,13813.6,13802.5,13812,13820.6,13818.8,13830.1
402,23083.4,23114.6,23138.8,23127.6,23124.7,23112.9,23109.7,23117,23101.5,23117.3,23124.4,23109.4,23177.2
403,2172.58,2163.13,2195.57,2173.08,2176.25,2187.31,2143.61,2186.86,2172.77,2170.96
404,15721.4,15696.3,15626.5,15659.3,15667.4,15717.3,15652.7,15655.7,15644.5,15659.7,15652.2,15687,15620.6,15694.3,15667.1,15638.5,15711.2,15687.2,15683.6,15654,15687.9,15621,15642.7,15636.5,15725.9,15701.9,15657.6,15621.7,15682.6,15738.3,15699.8,15670.9,15698.3,15666.6,15682,15683.1,15642.8,15695.4,15689.2,15690.4,15661,15691.3,15665.4,15671.5,15648.9,15688.1,15668.3,15684.7,15687.2,15669.5,15647,15683.2,15673.2,15705.2,15671.6,15670.4,15635.4,15717,15697.1,15696.7,15674.6,15659.5,15674.3,15666.1,15699.6,15735.2,15664.7,15670,15699
405,15366.3
406,18398.7
407,28787.6,28735.3,28769.4,28776,28769.4,28774.4,28776.3,28780.2,28726.1,28764.6,28767.1,28777.1
408,34222.8,34191.7,34200.2,34191.2,34211.9,34205.4,34189.1,34180
409,36070,36065.1,36078,36071.2,36059.9,36070.6,36068.9,36086.1,36067,36097.6,36060.5,36071.9,36069.3,36069.4,36071.3,36072,36084.1,36056.1,36071.7,36064.3,36083.4,36069.6,36097.5,36058.3,36063.5,36083,36067,36074.6,36087.3,36086.6,36063.5,36085.7,36077.5
410,27026.6,26997.6,27036.2,27047.5
411,39866.1,39863.9,39862.6,39854,39846.9,39873.3,39850.5,39866.4,39879.3,39896.8
412,18315,18268.2,18213.9,18297,18255.4,18199
413,23528.9
414,23186.1,23174.5,23167.5,23166.2,23163.1,23166.3,23163.4,23161.1,23170.4,23178.4,23169.5,23157.2,23174.5,23162.3,23172.7,23189.6,23220.7,23165.7,23170.2,23144.3,23206.6,23187.5,23160.3,23143.2
415,10119.5,10173.5,10190.5
416,38951.7,38939.9,38933.2,38956.6,38928.6,38956.3,38943.6,38950.2,38938.7,38947.3,38919.1,38934.2,38941.1,38937
417,26829.7
418,32723.9,32722.7,32712.7,32736.1,32752.3,32727.3,32728.4,32722.8,32733.9
419,1833.05,1839.36,1839.29,1851.36,1853.74,1850.7,1844.54,1859.14,1853.04,1821.3,1855.37,1860.31,1819.52,1845.85,1861.4,1828.66,1831.78,1835.55,1849.52,1882.69,1846.85,1842.44,1829.13,1874.5,1826.84,1840.82,1840.1,1876.24,1866.74,1899.17,1896.69,1861.49,1802.94,1872.94,1894.04,1836.51,1899.47,1907.99,1843.08,1857.51,1879.2,1862.34,1815.22,1858.11
420,4096.08,4077
421,1286.57,1314.78,1273.35,1273.74
422,19401.2,19402.1,19381,19415.7,19380.5,19403.2,19421.2,19408,19382.5,19396,19404.7,19386.7,19386,19396.3,19417.9,19396.8,19433.6,19393.6,19414.3,19392,19395.5
423,5107.88
424,23469.2,23508.2,23498.7,23506.1,23495.4,23517.4,23497.4,23505.8,23511.9,23500.2,23499.8,23507.1,23504,23503.7,23504.8,23503.5,23502,23514.4,23501.5,23512.3,23511.4,23526.3,23513.4,23518.6,23467.2,23519.8,23526.7,23510.2,23510.6,23517.2,23529.2,23509.4,23525.5
425,28025.6,28023.1,28062.8,28042.3,28021.4,28001.2,28059,28037.1,28035.6,28042.8,28032.5,28024.9,28044.3,28026.4,28035.1,28036.6,28028.6
426,37724.8,37730.8,37737.5,37751.7
427,34385,34408.4,34378,34375.6,34374,34374.8,34371.7,34382.2,34389.1,34374.3,34372.5,34369,34381.6,34361,34390,34377.3,34374.8,34368.7
428,27380
429,26637,26612.1,26642.3,26641.9,26620.9,26646.5,26640.6,26576.9,26642.1,26638.2,26634.2,26638.3,26651.6,26637.4,26638.7,26636.3,26640.5,26635.3,26644.7,26630.3,26642,26634.6,26634.4,26646.3,26632.1,26638.4,26632.3,26636.6,26645.5,26634.8,26634.2,26637.8,26639,26639.4,26629,26642.8,26628.7,26651.1,26633.8,26636.9
430,24122.4,24111.3,24130.1,24125.8,24107.3,24122.3,24111.2,24111.3,24111.8,24118.8,24104,24105.8,24114.5,24121.9,24132.2,24134.8,24117.8,24114.7,24113.7,24119.4,24133.2,24117.5,24129.5,24093.3,24124.2,24109.6,24119.2,24129.9,24123.8,24116.6,24118.3,24102.2
431,24340.4,24351.4
432,32041.8,32061,32039.6,32046.8,32070.5,32042.6,32040.1,32055.8,32030.1,32054.5,32038.1,32069.6,32080.5,32055.1,32045.5,32075.1,32049.7,32079.7,32043.6,32035.5,32063.3,32036.5,32081.8,32042.1,32072.7,32071
433,2050.54,2109.78,2105.35,2092.03,2110.83,2061.65,2093.73,2072.97,2087.91,2085.26,2106.91,2081.15,2060.57,2039.86
434,20181.2
435,32004.4,31959,31948.2,31988.8,31984.8,31973.5,31958,31979.4,31970.9,31991.6,31974.8,31966.3
436,30532.2,30547.7,30528
437,22190.6,22202.1,22193.9,22212.7
438,12445.2,12458,12455.1,12483.6
439,24434.1,24432.9,24434.5,24421.1,24453.2,24462.6,24422.7,24441.7,24422.6
440,14508.8,14436.9,14394.6,14479.8,14459.9,14440.6
441,28224.5,28223.6,28236,28229,28228,28223.8,28220.5,28226.5,28234.8,28225,28247.1,28223.1
442,7172.8,7199.42,7198.18,7182.48
443,28617.6,28626.5,28605.3,28613.1,28601.1,28612.6,28609.9,28610.6,28589.3,28609.9,28611.1,28612.1,28599.3,28600.6,28604.6,28585.3,28625.8,28612.2,28608.5,28612.7,28604.9,28617.3,28598.3,28610.4,28611.3,28593.6,28619.3,28597.2,28613.1,28627.2,28618.1,28606.8,28611,28599,28620.8,28619.3,28621.3,28609.4
444,29608.2,29612.2,29628.3,29610.8,29629.1,29610.3
445,34869.8,34895
446,28332.9,28307.7,28320.9,28319.3,28333.2,28337.3,28313.2,28295.7,28305.5,28359,28341.3,28322.9,28323.5
447,25952.2,25961
448,11097.8
449,39314.2,39302.8,39269.8,39273.3,39306.8,39300.8,39312.4,39322.4,39299,39310.8,39304.1,39311,39305.5,39338.1,39309.1,39263.4,39299.8,39324.7,39278.7,39310.6,39274.1,39318.7,39307.6,39309.2,39285.2,39306.4,39291.8,39296,39309.7,39301.4,39327.4,39324.5,39324.5,39316.2
450,24629.5,24633.4
451,38832.2,38849.7,38839.5,38859.9,38854.7,38863.3,38807.6,38855.5,38835.7,38845,38830.2,38822.9,38832.3
452,35914.6,35900.1,35915.9,35904.4,35869.6,35900.2,35916.2,35916.1
453,23133.5
454,37379.4,37362.7,37360.6,37352.9,37355.8,37351.2,37347.8,37341.3,37354.9,37358.7,37354.9
455,28007.3,27982.7,27990.5,27991.7,28003.7,27978.9,27986.6,27994.3,27961.8,28027.6,27981.8,28010.1
456,32164.8,32146.2,32144,32103.5,32150.9,32127.1,32139.7,32149.3,32113,32154.3,32128.3,32165.3,32152.9,32151.9,32126.4,32147,32105.7,32126,32176.8,32111,32135.3,32150.6,32136.9,32175.3,32123,32131.8,32135.2,32157.3,32152.5,32116.6,32137.7,32148.6,32166.5,32150.3,32162.5,32062.9,32130.2,32110.7,32139.6,32138.1,32139.9,32123.8,32137.8,32145.3,32130.6,32142.6,32150.4,32149.6,32146.7,32126.3,32111.4,32121.4,32145,32154.8,32153.5,32119.8,32135.9,32130.9,32145.7,32149.3,32142.6,32151.1,32157,32131.5,32144.8,32117.1,32094.8,32134.1,32116.2,32111.6
457,29897.5,29895.3,29891.3,29895.5,29884.9,29893.6,29878.3,29893.3,29889.9,29897.5,29885.7,29875.9,29886.3,29893
458,22238.9,22244.9,22250.4,22256.5,22240,22254.7,22235.4,22241.3
459,14652.7,14642.7,14635,14681.2,14620,14608.8,14663.9,14642.5,14609.5,14646.1,14607,14651.4,14634.7,14596.4,14640.9,14663.4,14642.1,14660.5,14617.2,14671.6,14641.3,14649.7,14647.1,14636,14662.9,14621.7,14624,14623.2,14658,14647,14653.7,14667.8,14611.7,14676.5,14620.3,14636.6,14673.6,14658.3,14684.5,14646.6,14636.2,14668.4,14629.9,14677.1,14629.3,14613.4,14651.3,14594,14620.8,14644.8,14625.5,14640.4,14603.3,14643.7,14635.8,14623.4,14641.5,14643.5,14654.4,14674.2,14707,14644.5,14665.2,14693.5,14622.4,14642.9,14630.4,14670.4,14623.7,14647.9,14617.1,14623.6,14623.6,14655.1,14655.3,14642.6,14622.7,14650.3,14638.2,14638.5,14644.8,14644,14645.3,14669.3,14663.5,14606.5,14624.3,14624.7,14629.9,14587.5,14627.5,14608.6,14610.9,14615,14645.4
460,5259.67,5255.07,5282.22
461,27023.1,27027.6,27032.1,27053,27065.2,27027.5,27044.7,27070.8,27057.4,27044,27041.8,27041.1,27044,27044.5,27038.8,27047.5,27033.6,27030.7,27029.4,27029.6,27058.8,27012.6,27055.1,27034.8
462,2974.48
463,32277.3,32274.8,32289,32278.1,32276.6,32279.5
464,10169.9
465,27944,27928.6
466,22642,22626.5,22722,22625.9,22630.9
467,1565.67,1574.23,1557.93,1580.65,1553.69,1569.05,1580.92,1570.73,1565.33,1579.52,1562.62,1584.26,1567.81,1575.91,1572.41,1588.49,1549.74,1570.97,1561.28,1565.66,1558.96,1564.63,1567.38,1582.91
468,17901.4,17905.5,17886.2,17868.3,17948.6,17935.4,17899.6,17908.8,17923.6,17908.6,17935.8,17928.9,17935.9,17916.4,18010,17884.2,17961.6,17900.2,17876.2,18028,17903.9,17912.9,17901.5,17917.9,17870.6,17880.8,17879.8,17858.9,17892.6,17919.5,17905.1,17893.4,17880,17907.8,17901.9,17909.2,17909,17854.8,17916,17897.7,17927,17927.3,17914.4,17920.7,17892.7,17874.6,17881.7,17906.7,17902,17875.3,17882,17917.5,17918.7,17885.9
469,17695.4,17706.8,17684
470,38106.2,38079
471,24822.7,24774.9,24807.5,24803.6,24795.3,24873.2,24785,24794,24825.3,24871.3,24823.6,24767.3,24828.2,24817.9,24820,24805.3,24838.3,24794.9,24807,24829.5,24791.7,24801.2,24839,24816.3,24841.2,24792.4,24759.1,24823.7,24801.6,24839.5,24812.7,24813.7,24828.5,24834.9,24836.6,24789.5,24829.3,24822.6,24806.5,24854.3,24898.9,24962.9,24962.3
472,1751.56,1735.96,1725.5,1751.09,1720.95,1736.76,1716.37,1755.22,1714.22,1719.44,1714.74,1724.3,1732.75,1729.47,1710.3,1747.83,1712.49,1716.56,1753.82,1744.47,1735.27,1747.03,1686.6,1746.98,1716.71,1729.76,1734.19,1719.74,1747.05,1734.33,1740.91,1762.46,1730.25,1741.79,1730.8,1743.13,1729.94,1708.69,1742.64,1739.15,1700.92
473,16374.4,16403.2,16385.8,16378.5,16351.8
474,19425.5
475,28195.4,28189.7,28191.3,28200.7,28213.1,28200.6,28158.7
476,36678.9
477,36658.1
478,35633.4
479,37583.7
480,40251.2
481,28944.2,28924.9,28940.1,28951.7,28936.1
482,34345.2
483,29313,29312.8,29315.1,29327.1,29325.5,29313.8,29325,29224.6
484,39090.6,39137.7,39129.2,39123.1,39169.8,39131.3,39142.8,39121.8
485,506.828,490.968,521.812,511.5
486,16187.8,16145.5,16179.2,16199.2,16169,16131.4,16198.6,16167.7,16137.2,16190.9,16180.8,16167.7,16189.5,16177.6,16172,16197.8,16163.2,16165.6,16199,16234.2,16228.6,16156.7,16152.4,16181.8,16154.6,16181,16210.9,16157.7,16152.1,16174.5,16177.8,16163.1,16220.2,16206.6,16160.8,16221.7,16176.1,16166.5,16162,16152.8,16169.2,16161.6,16164.9,16143.3,16168.4,16147.3,16198.4,16144.8,16163.9,16148.1,16149,16130.4,16169.1,16189.3,16172.8,16200.6,16173.6,16161,16140.6,16143.2,16172.2,16181.3,16189.3,16221.2,16210.2,16188.6,16195.3,16181.6,16154,16163.7,16184.9,16233.4,16221,16189.6,16182.7,16180.7,16239,16212.1,16186.5,16220,16162.5,16151.5,16161.4,16213.9,16214.4,16192.6,16179.1,16203.3,16216,16169.9,16157.2,16177.3,16169.4,16188.2,16138.9,16184.4,16226.8,16210.8,16198.6,16179.1,16162.9,16141.3,16193.6,16176,16187.5,16136.7,16145.8,16168.8,16193.6,16179,16168.4,16166.5,16181.4,16193.5,16204.2,16183.4,16154.9,16106.5,16179.6,16171.8,16187.7,16167.9,16156.2,16169.2,16182.5,16178.2,16183.9,16156.5,16213.4,16188.4,16162.7,16225.7,16173.2,16162.7,16171,16178.9,16156.7,16182.3,16191,16181.3,16175.3,16204.3,16183.7,16179.4,16217.3,16184.8
487,31150.6,31175.1,31142.1,31139.3,31145.4,31149.8
488,34529.5,34492.9,34503.7,34511,34510.6,34467.8,34490.8,34509.3,34496.6,34512.4,34497,34500,34505.4,34498.6,34514.2,34496.7,34530.1,34486.1,34464.5,34484,34513.9,34517.1,34521.2,34487.4,34532.1,34504.4,34513.1,34529.2,34499.4,34530.7,34495.2,34511.9,34498.4,34519.3,34499.7
489,31626.8,31607,31608.7,31615.3,31611.5,31621.2,31608.4,31602.5,31602.6,31601.9
490,33516.2,33528.2
491,2535.97,2511.75,2512.22,2491.84,2508.1,2521.7,2521.72,2500.52,2500.39,2535.07,2498.5,2523.81,2507.59,2509.95,2521.24,2513.91,2527.47,2503.73,2510.16,2506.14,2521.09,2541.73,2525.74,2499.33,2499.37
492,25705.7,25658,25661.7,25657.3,25667.3,25696.9,25688.6,25655.6,25682.1,25662.6,25674.3,25670.5,25690.3,25662.5,25655.1,25652.8,25715.4,25671.4,25677.4,25660.6,25682.5,25674,25694.9,25664.5,25667.9
493,9329.23,9350.51,9301.14,9309.5,9308.6,9304.79,9257.93,9332.85
494,26892.5,26837.6,26880.4,26872.9
495,33636.3,33633.8,33599,33609.4,33595.4,33609,33616.8,33581.3,33641.3
496,36445.1,36419.4,36395,36411.7
497,34412.6
498,6532.86,6496.21,6494.29
499,15663,15673.7,15679.6,15678.8,15646.3,15657,15670.8,15667.9,15682.6,15685.8,15669.7,15666,15692.7,15646,15646.8,15706.1,15705.2,15668.1,15672.8,15669.5,15690.9,15663.7,15676.6,15662.9,15691.8,15661.3,15647.7,15667.1,15699.7,15678.6,15678.9,15701.2,15674,15701.3,15691.3,15685,15675.7,15676.2,15696.1,15669.3,15687.6,15660.6,15654,15663.8,15707.2,15684.8,15658.7,15701.6,15663.7,15650.5,15720,15677.6,15678.3,15699.7,15694.3,15679.1,15677.4,15679.4,15699.6,15691.2,15676.8,15642.8,15677.2,15657.4,15666.7,15649.5,15643.5,15671.8,15654.9,15655.3,15661.5,15662.9,15676,15676.5,15684.1,15666,15676.2,15694.5,15665.6,15706.2,15667.4,15652.2,15665.8,15681.7,15669.4,15666.6,15643.8
500,24600.7,24650.9,24635.3,24620.2,24591.9,24646.1,24615.2,24626.3,24607.8,24633.1
501,10168.9,10186.6,10167.8,10184.4,10170.9,10174.3,10167.3,10153.6,10154,10155,10163.6,10186.7,10148.6,10173.4,10148.8,10140.2,10162.3,10160,10167.1,10171.3,10153.1,10189,10198.7,10162.5,10173,10110.8,10224.3,10157.3
502,28153,28132.7,28178.5,28166.1,28159.2
503,34632.1,34604.8,34627.4,34645,34635.9,34585,34658.2
504,17059.3,17052.3,17061.3,17059
505,33732.2,33705.8
506,22738.3,22735,22739.3
507,30328.8,30323.8,30316.7,30312.4,30301.7,30298.8,30308.9,30315.9,30325.2,30325.6
508,12023.1,12080.8,12043.7,12080,12045.8,12056.2,12084.6,12044.2,12066.1,12074.7,12033.9,12064.2,12073.6,12074,12039.1,12052.7,12038.8,12106.1,12041.7,12059.7,12083.3,12047.1,12105.2,12066.2,12038.4,12069,12062.7,12041.7,12048.5,12053.4,12065.9,12040.6,12059.1,12042.9,12057.2,12054.5,12087.1,12050.6,12040.9,12057.4,12063.7,12059.9,12055.3,12056.3,12075.7,12064,12043.3,12079.3,12040.2,12072.4,12064.3,12051.7,12053.5,12043.3,12051.6,12040.9,12065,12043.8,12050.2,12036.7,12022.6,12010.7,12103.8,12053.7,12024.2,12011.7,12001.7,12058
509,23845,23846,23824.8,23828,23831.4,23828.7,23823.3,23848.8,23821.1
510,19837.7
511,21252.6,21261.3,21253.8,21259.9
512,34012,34045.5,34038.2,34033.8,34025.2,34033.3,34028.4,34023.3,34032.1,34012.9,34021.4,34024.6,34037.1,34035.2,34019.1,34036.7,34037.8,34039.2,34042.3,34035.8,34023.6,34037.9
513,29155.7,29116.9,29123.7,29128.4,29110.6,29112.2,29148.7,29093.7,29123.7,29107.4,29202.5,29160.5,29094.6,29127.1,29112.7,29135.5,29099.3,29147.4,29119.5,29131.5,29096.2,29141.9,29173.3,29165.7,29143.2,29166,29134.9,29084.7,29188.8
514,24429.5,24448.5,24446.2,24435.2,24446.4,24443.9,24435.7,24435,24443.3,24438.9,24432.6,24404,24435.7,24426.5,24402.8,24403.2,24442.5,24397.7,24412.2,24474.3,24460.5,24458.1,24391.5,24425.4
515,11719.4
516,11349.4,11407.2,11374.3
517,5048.31,5035.87,5028.02,5048.18,5029.56,5016.45,5045.33,5010.78,5046.01
518,38586.4,38577.6,38569.9,38576.1,38569,38565.2,38554,38580.1,38568.8,38565.9,38569.6,38583,38559.1,38564.5
519,27414.9
520,29952.9,29985.5,29977.3,29980.8,29984.7,30000.2,29968.8,30006.8,29969.9,30032.4,29957.8,29973.1,30019.8,29985.1,29992.3,30007.9,29957.9,29965.9,30009.2,29990.3,30029.9,29979.1,29975.6,29965,30007.6,29989.4,29985.9,29987.1,29963.3,29970.2
521,36663.9,36693.6,36703.5,36680.3,36694.5,36703.3,36683.5
522,716.706,686.691
523,37027.4,36963.6
524,29717.9,29686.2,29731.4,29706.3,29724.9,29703.4,29713.2
525,2755.01
526,9388.64
527,17354.7,17305.6,17324.9,17308.5,17315.5,17316
528,19754.3,19770.3,19751.8,19757.9,19739.9,19759,19759.4,19757.6,19730,19787.1,19752.7,19744,19733.3,19758.4,19733.1,19731
529,35227.7,35255.1,35265.8
530,26172.4,26221,26165.9,26190.2,26178.8,26190.7,26191.2,26154.1,26171.2,26208.6,26168.7,26196.5,26207.9,26193,26194.5,26213.3,26170.1,26203.8,26168.6
531,29876.2,29877.4,29902.9
532,5269.61
533,4143.93,4127.58,4123.62,4114.45
534,28621.4,28640.6,28609.2,28612.4,28595.1
535,18633.5,18631.8,18635.6,18632.5
536,23190.5
537,25503.2,25520.8,25515.3,25522.5
538,36807.2,36818.7,36815,36816.4,36816.4,36817.6,36801.7,36811.5,36802.2,36802,36804.2,36802.5,36810.1,36794.1,36786.1,36810.5,36805.4
539,22799.2,22791.2,22766.4,22821.6,22789.6,22787.8,22767.2,22773.7,22775,22756.4,22810.9,22800.6,22776.4,22784.3
540,35407,35342.8
541,31192.4
542,25536.1,25554,25563.1,25534.8,25547.3,25544.2,25545.3,25524,25537.7,25523.1,25538.9,25519,25517,25510.9,25543.4,25529.4
543,13092.6,13095.6,13087.7,13096.6,13083.6,13087.6,13088.3,13114.8
544,33209.7
545,32276.7,32273.6
546,17096.5,17091,17044.5,17081.4,17050.1,17036.1,17042,17056,17058.2,17036.6,17081.7,17063.5
547,17504.8
548,785.08,770.867,787,754.397,754.576,786.43,801.943,771.888,754.054,777.784,760.695,745.796,744.408,745.541,755.106,743.26,766.645,752.273,755.022,772.436,749.042,777.201,756.008,761.623,779.554,757.175,762.432
549,38187.3,38177.2,38190.2,38186.4,38189.5,38198.2,38182.1,38180.3,38191.4,38180.6,38178.4,38197.6,38188.3,38181,38194.4,38174.5,38198.2,38194.5,38172.9
550,36865,36872.9,36875.4,36873.1,36869.9,36865.1,36868.2,36864.5,36870.2,36863,36870,36854.9,36869.5,36867.8,36850.9,36873.3,36860.5,36864.1,36867.8,36865.8,36866.2,36854.7,36870.8,36860.8,36848.4
551,12937.5
552,25099.8
553,28703.5,28693.2,28685.7,28703,28690.2,28700.9,28685.9,28686.7,28707.3,28682,28661.1,28684.9,28702.6,28691.6,28671.9,28686.1,28696.5,28684.3
554,2169.57,2167.72,2194.25,2220.93,2202.6,2175.23,2192.44,2204.02,2217.38
555,33295.3,33341.1,33307.9,33314.4,33322.7,33307.8,33303.4,33308.9,33307.4
556,12109.2
557,8996.09,9007.6,8997.96,8994.18,8992.18,8987.37,8993.8,8982.5,8973,8993.93,9012.46,8979.19,8999.92,8990.63,8980.14,9019.86,9021.99,8959.65,9030.09,9001.45,9000.88,8994.37,9006.92,8996.84,8984.08,8994.62,8985.65,9021.02,8971.16,8979.71,9012.07,9001.28,9003.05,8998.34,8997.38,9020.81,8996.77,8993.4,8987.95,9001.65,8999.2,9004.39,9000.67,9009.46,8995.75,8978.99,9005.84,8987.87,8987.76,9001.85,8991.9,8994.54,8977.67,8980.61,8963.05,8988.21,8996.07,8999.14,8991.48,8986.46,9003.68,9008.65,8988.99,9026.67,8985.65,9020.07
558,9378.64,9388.68,9407.81,9353.32,9380.59,9363.2
559,12907.3,12893,12908.4,12887.4,12905.8,12909.4,12874.6,12892,12900.1,12864.1,12909.7,12894.8,12957.1,12924.5,12869.8,12887.9,12882.3,12916.2,12873
560,37558.3,37558.4,37553.3
561,525.574,510.521,508.933,514.079,502.948,498.702,514.332,488.191,519.306,495.841
562,28836.8,28910.6,28817.2,28865.1
563,14062.5,14034.5
564,23951.4
565,22340.8,22326,22326.7,22336.4,22339.3,22328.4,22335.6,22305.8
566,7629.75,7645.57,7645.81,7624.66,7656.57,7615.92,7622.52,7640.59,7603.21,7582.84,7625.97,7641.21,7637.31,7604.4,7674.08,7643.74,7630.98,7648.17,7657.06,7643.39,7638.56,7645.23,7644.16,7591.63,7626.85,7604.21,7620.13,7593.35,7655.52,7660.72,7637.04,7650.41,7620.76,7618.49,7640.25,7639.34,7616.34,7643.83,7634.88,7638.87,7624.66,7668.39,7631.93,7623.11,7648.79,7634.5,7634.91,7655.47
567,21013.9,20981.4,20993.2,21031.5,21002,21024.8,21002.6
568,27274
569,25104.6,25130.2,25146.2,25117.9,25140.8,25128.5,25110.9,25147,25121.8,25095.1,25121.5
570,11374.7
571,39586.4,39618.9
572,33945.8
573,3750.25,3668.45,3678.6,3707.38
574,6497.33,6511.62,6513.26,6505.13,6498.59,6522.12,6475.94,6513.55,6534.23,6533.12,6531.43,6523.81,6511.61,6501.01,6537.58,6508.5,6515.11,6526.95,6515.47,6480.29,6513.96,6512.28,6511.3
575,15304.4,15289,15308.1,15304,15312.8,15303.8,15305.2,15325.1,15305.4,15294.6,15305.4,15314.1,15320.5,15317,15316.7,15328.4,15292.2,15322.2,15305.7,15324,15310.3,15309.8,15314.5,15316.7,15309.4,15313.4,15319.1,15315.2,15306.1,15304.8,15292.6,15312.5,15324.1
576,8977.69
577,2100.62,2074.81,2097.97,2092.19,2060.22,2119.52,2059.28,2069.99,2088.51,2065.22,2061.43,2078.02,2104.41,2063.11,2082.82,2052.4,2101.92,2078.21,2074.49,2136.78,2085.46,2095.17,2142.36,2116.6,2094.81,2096.85,2038.15,2105.06,2078.1,2037.11,2070.65,2098.14,2086.98
578,24601.7,24602.5
579,28292.1,28315.2,28304.1,28314.7,28308.6,28304.7,28311.5,28305.2,28291,28326.3,28309,28308,28314.8,28333.4,28303.1
580,33778.4,33782.4,33790,33781.6,33759.6,33774.3,33749.2,33774.6,33771,33782.6,33814
581,24592.1,24625.4,24618.4,24632.9,24628.7,24637.7,24626.7,24613,24623.2,24617,24613.6,24585.5,24629.3,24622.7,24632.7,24638,24654.1,24656.6,24573.3,24629.7,24625.3,24651.4,24668.9,24604.4,24622.8,24625.1,24612.9,24630.5,24630.9,24618.8,24646.2,24634.1,24646,24618.9,24605.5,24631.8,24628.9,24615.4,24667.3,24626.5,24620.9,24628.8,24646.3,24621.8,24623.7,24606.6,24618.7,24595.8,24593.1,24625.4,24606.2,24620.2,24640.5,24641.4,24587.3,24603.8,24623.8,24617.3
582,12823.4,12805.7,12814.1,12825.5,12795.7,12797.7,12803,12772.5,12756.4
583,33821.6,33821.8,33812.8,33819.3
584,13009.1,13016.8
585,15061.7
586,40012.7,40029.6,40030.1,40026,40007.2,40012.3,40028.2,40017.2,40016.6,40012.1,40018.2,40014,40024.4,40000.5,40008.2,40018.5,40040.4
587,10044.5,10041.6,10016.1,10002.1
588,37798.9,37786.4,37801.6,37789,37783.4,37790.5,37792.4,37780.3,37798.1
589,23169.8
590,24142.5,24164.8,24119.1,24117.9,24135.2,24115.7,24122.8,24117.9,24161,24102.9,24137.9
591,28011.3
592,22494.5
593,2765.95,2725.77,2723.71,2745.54
594,31445.3,31451.5,31439.5,31444.7,31448.7,31465.1,31441.7
595,6920.57,6971.78,6929.86,6918.39,6944.17,6906.28,7010.73,6931.15,6939.76,6953.63,6974.46,6894.04,6916.99,6961.91,6975.44
596,15690.8,15673.7,15716.7,15684,15692.6,15706.3,15676.6,15671.7,15645.3,15709.8,15694.4,15653.8,15671.1,15652.4,15690.9,15682.4,15686.6,15688.9,15684.8,15653.9,15648.4,15732.6,15649.3,15708.3,15695.4,15704.3,15680.4,15703.2,15675.3,15664.6,15684,15683.2,15702.7,15632,15672.1,15702.2,15659.1,15631.7,15605.9,15743.1,15670.6,15686.6,15690.4,15703.3,15658.5,15667.2,15737.4,15655.8,15664,15665.4,15661.5,15688.8,15678,15748.4,15649.5,15696.4,15693.7,15683.6,15698.4,15678.4,15730.4,15717.2,15678.8,15713,15698.1,15663.6,15692,15655.7,15667.6,15689.8,15674.2,15770.5,15713.6,15663.2,15672.2,15707.5,15679.9,15689.7,15700.1,15661.3,15666.9,15665,15715.3,15664.8,15721.5,15680.1,15652.4,15682.2,15657.9,15680,15691.9,15655.8,15718.8,15730.1,15693.1,15666.9,15726.5,15695.5,15664.3
597,23219.5,23245.3,23273.4,23273.1,23272,23278.8,23271.6,23265,23274.1
598,742.952,717.986,699.171,699.074
599,5396.62,5375.97,5366.78,5384.26,5414.67,5359.6,5343.68,5359.77,5431.3,5294.69,5447.03,5404.28,5392.1,5413.75,5380.61,5393.55,5363.74,5445.59,5364.99,5383.22,5378.62,5362.07,5388.46,5402.47,5365.66,5362.78
600,35101.3,35056.2
601,17515.3,17542.3,17535.5,17525.7,17524.1,17518.1,17522.5,17521.1,17521.3,17535.2,17524.9,17515.2,17550
602,28546.7,28576.1,28570.5,28604.7,28609.8,28596.3,28577.1,28635.2,28574.9,28570.7,28601.6,28600.3
603,31246.8,31204.2,31221.2,31234.3,31232.8,31188.7,31226.1,31224.4,31208.8,31189.6,31254.7,31225.2,31248.5,31210.6,31206.6,31189.9,31217.7,31194.3,31162.2
604,33298.6,33333.9,33322.4,33313.4,33301.2
605,5293.48,5293.52
606,24836.9,24783.2,24857.5,24854.8,24903,24849.9,24913.3,24843.6,24921.4,24815,24820.1,24829.4,24825.8,24788.7,24771.9,24811.5,24771.6,24795.1,24791.7,24777.1,24860,24840.9,24797.7,24816,24776.1,24837.6,24800,24798.7,24829.5,24818.1,24837.1,24804.3
607,37105.8,37107.8,37106.9,37109.5,37095.1,37090.5,37101.7
608,28479.4,28498.4,28478.2,28471.7,28461
609,34440.6,34472.1,34461.3,34459.1
610,24803.7,24763.5,24795.5,24791.3,24786.9,24797.6,24790.1,24818,24786.8
611,29898.2,29894.6,29916.4,29894.1,29923.9,29886.3,29881.8,29898.6,29875,29866.6,29856.3,29864.9
612,30316.1,30287.6
613,27932.4,27941.7,27920.9,27940.3,27932.2,27926,27950.8,27940.5,27931.7,27919.6,27909.8,27949.3,27943.2,27904.9,27929.4,27920.2,27938.7,27920.9,27918.1,27933.6,27937.4
614,34542.8
615,34119.6
616,21037.7,21042,21047.1,21037.2,21040.6,21033.3,21020.4,21034.1,21050.7,21043.6,21046.2,21064.4
617,11954.5,12056.8,12012.3,12007,11990
618,29971.6,30081,30001.2,30005.7,29996.3,29990.5,29983.6,29985.2,29958.4,30023.6,29995.4
619,40149.1,40167.1,40145.1,40180.6,40166,40134.4,40182.6,40146.1,40153.1,40148.9,40161.5,40148.2,40154.4,40192,40181.8,40169.2,40175,40165.9,40145.1,40152.6,40155.9,40184.4,40160.1,40174.9,40191.1,40134.2
620,10599.1,10609.1,10621.4
621,2461.44
622,24394.7,24376.1,24393.7,24379.2,24331.8,24357.8,24359.3,24404,24402,24371.1
623,29417.8,29417,29417.4,29437.5,29430.5
624,24677.4,24699.6,24723.9
625,31493.8
626,9081.59,8978.66,9030.75,8995.67
627,37215.5,37210.5,37193.1,37194.6,37199.5,37238.3,37234.6
628,18504.2,18564.2,18544.3
629,10142.8
630,12072.9
631,3330.16,3340.38
632,13174
633,36415.8
