1,2,3,4,5,6,7,8,9,10,11,12,13,15,24,25,26,27
2,2,3
3,3,4,14,15,21,23,34,35,36,37,45,46
4,3,7,8,9,10,11,12,13
5,4,5,6,7,8,9,10
6,5,6,7,9,10,11,12,13,14,15,16,1536,1537,1538
7,6,7,8,9
8,6,8,11,12,13,14,15,16,17,24,25,26,27,28
9,7,8,9,10,1076,1077,1078,1079
10,8,9,10,3996,3997,3998
11,10,11
12,10,11,12,13,14,15,16,18,19,20,21,22,23
13,11,12,21,22,25,28,29,30,34
14,14,15,16
15,14,15,16,17
16,14
17,15,16,24,25,26,27,28,29,30,31,32,33,34,35,36,37,38
18,15,16,20,24,39,40,41,42
19,15,16
20,17,18,19,20,21,23,24,25,26,27,28,29
21,17,20
22,19,20,21,28,30,1089
23,20,21,22,23,24
24,21,22
25,21,22,23
26,23,24,34,35,36,38,39,40,41,42,45,46,47,48,49,50,51,52,53,54
27,23,24
28,24,25,26,31,32
29,25,26,27,28,29,30,31,32,39,40,41,42,43,47,48,50,52,53,54,55
30,25,26
31,25,26,27,28,29,30,31
32,27,28,29,30
33,31,32
34,32,33,34,35,36,39,40,41,42,43,44,45,46,47,48,49,50,51,59,60,61,62,63,64,65,66,67,68,69,70,71,72,76,77,78,90,91,92,93,94,95,97,98,99,100,101,104,105,106,107
35,34,35
36,34,35,36,38
37,34,35
38,36,37,38,39,49,50,51
39,37,38,39,40,41,44,45,46
40,38,39,40,41,42,46,47,48,53
41,38,39,40,43,46,47,48,1278,1279,1280,1282,1283,1287,1288,1289,1290,1293,1294,1295,1297,1298,1299,1302,1303,1304
42,42,43,44,45,46
43,42,43,44,45,46,47
44,43,44,45,46,48,49,50,51,52,53,54,55
45,45,46,47,48
46,46,47,48,51,54,56,57,58
47,47,48,67,68,70,71,72
48,47,49
49,50,51,52,53,54,55
50,50,51
51,51,52,57,58,59,60,61,63,64
52,51,55
53,54,55,56,58,59,60,64,65,66,67,83,84,85,86
54,56
55,57,58,59,60
56,58,59,60,63,69,78,79,80,81,82
57,58,62,63,64,65,66,67,68,69,74,75,76,77,78,80,81
58,59,61,62
59,61,62
60,64,65
61,66
62,68,69
63,69,70,746,747
64,70,73,74
65,70,71,72,73,74,75,76,77,84,85,90,91,94,95,96,97,98,103,104,105,106,107
66,71,72,75
67,71,75,76,82,84,88,89,90,91,92,93,94,95,96,97,98,100
68,75,76,77,78,79,80,81,82,83,84
69,76,79,80,81,82,83
70,78,79,80,83
71,79,80
72,79,80,81,82,83,84,85,87,90,91,95,96,97,98,99,100,101,102,111,112,113,117,118,119,120,121,122,123,124,125,126
73,81,82,87,88,89,90
74,84,91,92,93,94,95
75,90,91
76,92
77,93,94,95,99,100,101,102
78,93,94
79,94,95,96,97,98,99,100
80,94,95,96,97,100,101,102,103,104,105,106
81,96,1972,1973,1974,1975,1976,1977
82,97,98,1096,1099,1100,1101,1102,1105,1106,1107,1108,1110,1112,1113,1114,1115
83,97,98,103,104,105,106,107,108,109,110,111,112,113
84,98,99,100,101,102,106,107,110,111,112,114,115,116,117,118,119,120
85,99,100,101
86,102,103
87,103,104,105,110,111,112,113,114,115
88,104,105,106,107
89,105,114,127
90,106,107,108,109
91,107,108,109,110,111,112,113
92,109,110,111,112,113,114,115,116,117
93,109,110,111,113,114,115,116,117,118,119,120,121,122,123,124,125,130,131,132,133,136,137,138,139,140,141,142,143,144,145,146
94,109,110,111,112,122,123,130,131,132,133
95,112
96,113,114,115,116,117,118,119
97,113,114,115,116,117,118,119,120,121,122,123,127,128,129,130,131,136,138
98,116,117,118,120,121,122,123,124,126
99,117,118,119,120,121,122,123,124,130,131,132,133
100,117,118,119,120,122,123,818,923,924,925,926,927,928,937,938,939
101,118,119,120,121,122,123,124,125,1356,1357,1358,1359,1360,1362,1363,1364
102,119,120,121,122,123,124
103,119,120,121,122,123,124,125,127,128,131,132
104,119,120,123,124,126,127,128,130,131,132,133,134,135,3070,3074,3075
105,121,122,123
106,121,122,126,127,128,129,130,131,132,133
107,121,122,123,124,125,126,127
108,122,123,124
109,122,123,124,125
110,123,136,137
111,124,125,126,127,128,130,131,132,133,134,135,136
112,126,127,132
113,126,127,128,129,130,131
114,127
115,127,133,134,135,136,137,138,139,140,141,142,143,144,145,146,147
116,129,130,131,132
117,130,131,132,135,138
118,130,135,136,137,153,154,155
119,131,132,133,134,135,136,138,139,140,141
120,132,133,134
121,133,134
122,133,134,135,136,688,689
123,135,136,137,138,139,140,141
124,135,136,137
125,135,136,137,138,148,149
126,135
127,136
128,136,137,753,754,755,756,763,764,765,766,767,768,769,772,773,774,775,776,779,783,784,785,786
129,140,144,145,146,148,149,150,151,152,153,154,155,156,157,158,161,162
130,140,141,142,143,144,2651,2652
131,140,141,142,143,144,146,147,148,150,151,152
132,140
133,141,142,143,144,145,152,159,160,161,165,166
134,142
135,143,144,145,2218,2219,2220,2221,2222,2223,2224,2225,2226,2227,2228,2229,2230,2231,2232
136,144,145,146,147,148,149,150,151,152,153,154,155,156,157,158,159,160,161
137,145
138,145,146,149,151
139,147,148,149,150,152,153,154,158,159,160,161,162,163,164,165,166,167,168,169,170,171,172,2252,2253,2254,2255,2256,2257,2258,2259,2260,2261,2262,2263,2264,2265,2273,2274,2275,2276,2277,2278,2279,2280,2281,2282
140,151,157,158
141,153,154,155,156,157,158,159,160,161
142,153,168
143,158
144,158,159,160,161,162,163,164
145,161,162,163,166,167,168,169,171,175,176,177,178,179,180,181,182,183,184,185,186,187,188
146,161,162,163,166,167
147,162,163,164
148,165,166,167,168,169,170,171,172,173,174,175,176,177,178,179,184,185,186,187,188
149,166
150,167,168
151,168
152,168,171,172,175,176,177
153,168,169,170,171
154,169,170,171,172,173,178,180
155,170,2137,2138,2139,2140,2142,2143,2144,2147,2151,2152,2153,2158,2159,2160,2161
156,171,172,173
157,171,172,173,174,175,176,177
158,171,175
159,172
160,173,174,175,176
161,177,178
162,177,178,182,183,187,188,189,190,191,192,193,198,199,200
163,178,179,184,185,186,187,188
164,178,179,180,182,183,186,187,188,192,193,194,195,196,200,201,202,203,204,235,236,239,240,241
165,182,183,184,185
166,182,183,190,196,197,198,199,200,201,202,203,204,205,206,207,218,219,220,221,222,223,224,225,227,228,229,230
167,183,184,185,186,187,189,190
168,185,186,187
169,187,190,191,195,196
170,188,189,193,194,195,196,197,198,200,201,202,203,204,205,206,207,208,209,210,212,213,214,215,216
171,190,191,192
172,192,193,194,195,198,199,200,203,204,207,208,209,212,213,224,226
173,195,196,202,203
174,198
175,199,200,201,202,203,204,205,208,209,210,215,219,220
176,200,201,202,205,206,207,208,209,210,211,212,213,214,215,220,221,223,224,225,226,229,230,231,232,233,234,235,236
177,202,203,204
178,202,209,210,211,223,224,225,226,227,228,229,230,231,232,233,234,235,236,237,238,250,251,252,253
179,203
180,203,204,205,4173,4175,4176,4177,4178,4179,4180
181,204,205
182,204,205,206,207,209,210
183,204,205,215,216,217,218,219,220,221
184,204,205
185,205,207,208,213,214,215,216,217,218
186,211,218,219,220,221,222,223,224,225,229,232,233,450,451
187,212,213,214,215,216,217,218,219,220,221,222,223,224
188,213
189,213,216,217,218
190,213
191,217,218,219,220,221,222,232
192,217,218,223,224,225,226,227,228,229,230,231,232,233,235,236,237,238,239,240,244,245,249,250,251,252,253,254,256,257,258,260,261,262
193,217,218,219,220
194,220,221,222,223,224,225,226,227,228,229,230,231,232,233,234,235,236,237,238,239,240,241,242,243,244,246,247,248,249,250,251,252,253,255,256,260,265,266,267,268,271,272,273,286,287,288,289,290,291,292,293,294,295,296,297,298,299,300,303,304,305,306,307
195,221,222,223,224,225,230
196,223,224,225,226
197,223
198,226,228,230
199,226,227,228,232,233
200,226,229,230
201,227,228,229,230,231,232,233,234,240,241
202,228,231,232,233,1599,1600,1603,1604,1605,1606,1607,1608,1609,1613,1614,1615,1617,1618,1622,1623,1624,1625,1626,1627,1629,1630,1631,1632,1634,1635,1638,1643,1649,1650,1652,1653
203,228,229,230,231
204,229,230,231,232,233,234,235,236,237,238,239,241,243,244,245,249
205,230,231,232,233,234,235,236,237,238,239,240,241,4419,4420,4421,4422,4423,4424
206,234,235,236,237,238,239,242,243,245
207,234,235,236,237
208,237,238
209,237,238,239,240,241,242,243,244,249,250,251
210,239,240,241,242,244,245
211,239,240,241,242,243
212,239
213,242,243,244,245,246,247,248,249,254,255,256,257,258
214,244,245,246,248
215,244
216,245
217,246,247,248,249,250,251,252
218,247,248,249,250,251,252,253,254,255,256,257
219,248,1134,1135,1136
220,249,251,261,262,263,265,266,267,271
221,250,251,252,254,255,256,258,259,260
222,251,252,254,255
223,251,252,253,254,255
224,252,253
225,254,255,256,257,258,259,260,261,262,264,265,266,267
226,254,255,256
227,254,255
228,256,257,2935,2936,2937,2938,2939,2940,2941,2942,2943,2947,2948,2950,2951,2952,2953,2954
229,257,258,259,260,261,262,263,264,266,267,268,269,270,271,272,273,274,275,276,278
230,258,259,260,261,262,263,264,265,270,271,272
231,259,260,261,2967,2968,2969,2971,2972
232,260,261,262,269,282,283
233,261,262,263,265,266,267,268,269,270,271,272,273,274,275,282,283,285,286,287,288,289
234,264,265,266,267,270,275,276,277,278,279,280,281,282,283,284
235,264
236,264,265,266,267,268,269
237,265,266,267,268,269
238,265,266,267,268,269,270,271,272,273,274,275,276,277,278,279,280,281,282,283
239,267,268
240,267,268
241,269,270,271,274
242,269,270,271,272,273,274,275,276,277,278
243,271,272
244,271,272,274,275
245,274
246,275,277,278,279,280,281,282,283,284,285,288,289,290,291,293,294
247,277,278,279
248,279,280,285,286,287,288,289,290,291,292,293,294,295,296,297,298,299,309,310,311
249,281,282,283,284
250,282,2668,2669
251,283,284
252,283,284
253,283,284,285,286,287,288,289,290,291,292,293,294,295,296,297,298,299,300,301,302,303,304,305,306,307,308,314,315,316,317,320,321
254,284,285,286,287,288,290,291,292,313,314,315,316,317,318,324,325
255,286,287,288,289,290
256,287,288,298,299,301,302,303
257,290,291
258,291,292,293,294,296,297,298,299,300
259,292,293,298,299,300,301
260,292,293
261,293,294,295,296,297,298,299,304,306,307,314,315,316,318,319,320,321,322,323,324,329,330,331
262,294
263,294,295,296,297,298,299,300,301,303,304,312
264,294,295,296,297,298,299,1765,1766,1767,1768,1769,1770,1776,1777,1778,4565
265,295,296,297,299,300
266,296,297,299,300,302,305,306,307,308
267,297,298,299
268,297,298,299,300,301,302,303,304,309,312,317,318,319,320
269,299,300,303,304,305,306,307,308
270,301,302,303,304,305,306
271,301,302
272,302,303,304
273,304,316,317,318,319
274,304,305,306,307,309
275,304,307
276,304
277,305,306,307,308
278,306,307,310,311,312,313,314,315,316,317,319,320,321,330,331,332,333,335,338,339,340,341,342
279,307,308,309,310,311,312,313,316,317,318,319,320,321,322,323,324,325,326,327,328,329,330,331,340,345,346,347,348,349,350,354,355,362
280,307,308,309,310,313,315
281,308,309,310,315,316,317,318,319,320,321,323,324,345,346,347,348,349
282,309,311,312,317,318,319,320,321,322,323,324,325,326,327,328,330
283,310,311,315,316,320,324,325,326,330,331,332,333
284,311
285,317,318,319
286,323,324,325
287,324,325,326,327,328
288,324,325,327,328
289,325,326,327,329,330,331,332,333,334,337,338
290,326,327,328,329
291,328,329,330,331,332,333,334,335,336,341,342
292,331,332,333,334,335,336,337
293,333,334,335,336,337,338,339,340,344,345,346,348,349,350,351,354,356,357,358,359,360,361,362,366,367,368,369,376,377,378,384,385
294,335,338,339,340,341,342
295,336,337,338,339,340,341,342,345,346,347,348
296,336,337,338,339,340,341,342,343,344,345,346,349
297,339,340,346,347,348,349,350,351,352,353,354,355,356,357,358,359,360,361
298,339,341,342,348,349,350
299,339,340,341,342,343,348,349,350,351
300,340,341,342,343,344,345,346
301,344,345,346,349,350
302,344,345,346,347,348,349,350,351,352,353,354,355,356,357,358,359,372,373,374,375,376,377,378,379,380,381,382,383,384,385
303,344
304,345,346,347,348,349,350
305,351,352,355,356,357,358,359,361,362,363,364
306,353,356,357,358,359,360,361,362,363,364
307,353,354,355
308,356,1253
309,356,357,358,359,360,361,362,2846
310,358,359,360,363,364,365,366
311,360,361,362,369,734,735,747,749,750,751,752,753,755,756,757,758,759,767,768,769,770,771,772,773
312,361,362
313,361,362,363,367,368,372,373,375,376,377,378,379,380,381,382
314,361,362,363,364,365,366,368,369,370,372,373,375,376
315,362,363,365,366,367,368,369,370,371,372,4695,4696,4697,4698,4699,4700,4705,4706,4707,4712,4713
316,362,363,366
317,363,364,365
318,364,365,366,367,368,369,372,373
319,366,367,368,369
320,366,368
321,366,367,368,369,370,371,372,373,374
322,366,367,368,369,370,371,372,373,374,375,376,377,378,379
323,367,368
324,367,371,372,373,374,375,385,386,387,388,389,390,391,392,393,395,396,397,398,399,400
325,371
326,372,373,374,375,376,377,378
327,372,377,378,379,380,381,382,383
328,373,374,385,386,387,389,390,391,392,393,394,395,396,397,398,399,400,401,402,403,404,405,406,407,408,409,410,411,416,417,418
329,373,374
330,373,374,375,379,380,381,389,390,391,392,393,396,397
331,375,376,377,380,381,385,386,387
332,375,376,379,380,382,383,388,389,390,391,392,393,395,404
333,376,377,378,379,380,381,382,383,384,386,387,388,389,390,391,393,394,395,396,397,400
334,380,381,382,383,387,388,389,390,391,392
335,381,382
336,382,383,384,385,386,393,394,399,400,401,402,403,404,405,412,413,414,416,417,418,419,420,424,425,426,427,428,429,430,431,432,433,434,435,436,437,438,439,440,443,444,445
337,382
338,382,383,384,385
339,383,384,385
340,384,385,386,387,388,389,393
341,389,390,391,392,393
342,395,396,401,402,403
343,397,399,400,403,404
344,398,399,400,403,404,405,408,414,416,417,418,424,425,426
345,399,400
346,399,400,401,403
347,401,402,406,407,408,409,410,411,412,413,414,415,416,418,419,420,421,430
348,405,406,407,2822,2823,2824,2825,2826
349,405,406
350,405,407,409,411,412,3851,3852
351,405,406,407,408,409
352,405,406,407,408,409,410,411,412,413,414,415,416,429,433
353,406,407,408,409,410,411,412,413,414,415,416,418,419,420,421,422,423,424,425,426,427,428,429,430,431,432
354,406,407
355,407,408,409,410,411
356,407,408,409,410,411,412,413,414,415,416,417,418,419,420,421,422,423,424,425,426,427,428,429,430,435,436,437,438,439,442,443,444
357,408,410,411,412
358,408,409,410,413,414,415,418,419,423,424,425,427,428,429
359,409,410,411,413,414,415,416,417,418,419,421,422,423,424,425,426,427,428,429,430
360,411,416,417,428,430,431,432,433,434,435
361,414,415,416,417,421,422
362,415,416,417,418,419,420,421,422
363,415,416,418,419,422,423,424,425,426
364,416,417,418,419,425,428
365,417,419,420,421,422,424,425,2282,2283,2284,2285,2286,2290,2291,2292,2293,2294,2295,2296,2297,2298
366,421,422,423,424,425,426,427
367,421,424,425,426,427,428,429
368,421,422,423,424,431,432
369,421,422,423,424
370,424,425,426,427,428,429
371,424,426,427,428,433,434,435,436,437,438,439
372,426,427,428,429,430,433,439,440,441,442,443,444
373,427
374,428,429,434,438,4486,4487,4488,4489,4490,4491,4492,4493,4494,4495,4496,4500,4501,4502,4503,4504,4505,4506,4507,4508,4509,4510,4511,4512,4513,4514,4515,4518,4519,4520,4521,4522
375,433,434,435,436,437
376,436,437,438,439,440,441,442,443,444,446,447,449,450,453,454,455
377,437,438,439,440,441,442,443,444,445,446,448,449,450,451,460,461,463,464,465,466,467,468,473,474
378,438,439,440,441
379,440,441,442,443,444,445,447,448,449
380,441,447,448,449,450,451,452,453,454,455
381,441,442,443,444,445,450,451
382,442
383,443,445,446,447,449,450,451,452,453,454,455,456
384,445,446,447,449,450,451
385,447,448,451,452,453,455,460,461,462,463
386,447,448,452,453,454,455,456,457,458,459,460,461,464,465
387,448,449,455
388,449,450,451,452
389,449
390,451
391,454
392,455,456,457,458,462,463,464,465,466
393,457,458,459,460,461,462
394,459,461,462,463,464,465,466,467,468,469,470,475,477,478,479,480,481,482
395,462,463
396,464,465,466,467,468,469,470,471,472,473,474,475,476,477,479,480,481,482,483,485,486,487,488,489,493,494,495,496,497,498,501,502,503,504,505,507,508,509,510,513,514,515,516,517,518,519,520,524,530,531,532,533,535,536,537,538,539,540
397,464,465,468,469,470,471
398,468,469,470,471,474,475,476,484,485,486,487,488,489,490,491,492,493
399,468
400,470,471,474,475
401,476,477,479,480,481,483,489
402,478,479
403,481,482,483,488,489,490,491,3304,3305
404,482
405,490,491,492,493,494
406,491,492,493,494,495,496,497,498,500,501,2426,2427,2428,2429,2430,2431,2435,2436,2437,2438
407,492,493,494,495
408,492,493
409,497,498,499,500,501,502,503,504,505
410,501,502,503,504,507,508,509,510,511,512,513,514,515
411,502,503,504
412,504,505,506,507,509,510
413,506,507,508,509,510,511,512,513,514,518,519,520,526,527,530,531,532,535,538
414,507,508,509,510,511,512,513
415,507,511,512,513,514,858,859,861
416,508,509,510,511,512,513,514,516,517
417,508,509,510
418,512,513,514
419,514,515
420,515,524,525,527,531
421,521,522,523,525
422,522,523,524,525,526,527
423,522,523,524,525,531,532,533,534
424,523,524,525,526,536,537,538,541
425,524,525,526
426,524,525,537,538,539,540,541,542,543,544,545,546
427,527,528,530,531,536,537,538,539,546,547,548,549,550,551,552,553,554,555,556,557,558,559,560,561,562,564,565,566,567,568,569,570,571,572,573,578,579
428,527
429,527,528,529
430,528,533,534,535
431,530,541,543
432,533,534,542,544,545,546,547,548,549,550,551,552,553,554,555,556,557,558,559,560,561,562,563,564,565,566,568,569,570,571,572,573,574,575,576,577,578,579,580,581,582,583,584,586,587,595,596,597,598,600,611,612,613,614,615,616,623,624,625,629,630,631,632,634,635,636,639,640,641
433,533,534,535,536,537,538,539,540,541,2002,2003,2004
434,534,535,536,537,540,541,542,543,544,545,546,547,548,551,552,553,554,555,556,557,558
435,535,536,537,538,539
436,536,537,538,539,540,541,542
437,537,538,541
438,537
439,538,539,540,541,542,543
440,538,539,540,541
441,539,540,541,544,545,546,547,549,551
442,539
443,540,541,542,543,544,545,552,553,554,555,557,558
444,542,543,544,545,550,555,556,558,559,560,561,562,563,564,568,569,570,571,574,575,578,579,580,581,582,585,586,587
445,545,546
446,545,546,551,552,553,554,556,557,558,559,560,561,562,563,564,565,566,567,568,569,571,3778,3782,3783,3784,3790,3791,3792,3793,3794,3795,3796,3802
447,549
448,551
449,555
450,555,556,557,559,568,569,977,978,979,994,995,996,997,998,999,1000,1001
451,558,559,560,561,562
452,559,560,561,562,563,564,565,571,573,574,575,576,1522,1523,1524,1525,1526,1527
453,560,561
454,560,561,562,563,564,565,567,568,569,574,575,576
455,561,562,563,564,565,566
456,561,562,566,567,569,570,571,575,579,580,581,582
457,562,565
458,566,567,568,569
459,567,568,569,570,571,572,573,574,575,576,578,579,580,581,582,583,586,587,588,589
460,568,569,570,571,572
461,569,570,571
462,571,572,576,577,578,579
463,572,574,575,577,578,579,580,581,582,584
464,575,576,577,578,579,580,581
465,575,576,577
466,576,577,582,583,584,585
467,579,580,581,582,585,586,587,588,589,590,591,592,597
468,579,580,581,582,583,584,585,586,587,588,589,595,596,597,598,599,600,601,602,603
469,584,585,586,587,588,589,590,595,599,604
470,586,587,588,589,594,605,606,607,608,609,610,611,612,614,615,616,617,618,619,620,621,622,623,624,630,631,632,633,642,643,644
471,586,587
472,588
473,591,592
474,592,593,594,595,596
475,595,596
476,598,599,600,601
477,599
478,602,603,606,607,608,609,610,611,612,615,616
479,604,605,606,607,608,609,610,611
480,605
481,607,608,609,610,611,612,613,614,627,628,629
482,609,612,613
483,613
484,615,616,620,621,622,623,624,625,626,627,628,629,630,633,634,635,636,637,643,644,645
485,616,617
486,616,617,621,622,623,624,625,626,627,628,629,630,631,632,636,637,639,640,641,642,643,644,645,647,648,651,652,653,654,655,656,657,661,662,663
487,618,619,620,621,622,624,625,626,627
488,620
489,620,621,622
490,621,622,623,624,625,626,627,2663
491,624,625
492,627,1064
493,632,633,634,635,636,637,638,639
494,634
495,635,638
496,637,638,639
497,637,638,641,642,643,644,645,649,650,653,659,661,662,663,664,665,671,676,677,678,679,680
498,641,642,643,644
499,642
500,643,644,645,646,647,648,652,653,654,655,658,673,674,675,676,677,678,687,688
501,646,647,648
502,647,652,653,654,655,656,658,660,661,662,674,675,676,685,694
503,649,650,651,652,653,663,664,665,666,670
504,649,650,651,652
505,649,651,652,653,654
506,651,652,653,654,655,656,657,658,659,662,663,664,665,666
507,652,653,657
508,653,654
509,654,655,656
510,655
511,657,658,659,660,661,662,663
512,657,658,660,661,662,663,667,668,669,670,671,672,673,674,675,676,677
513,660,663,664,669
514,664,665,666,667,668
515,665,666,667,668,669,670,677
516,665,666,667,668,674,675,676,677,678,679,680,683,688,689,690,691
517,666,667,668
518,666,667
519,666,667,669,670,674,676,677
520,666,667
521,669,679
522,669,670,671,672
523,669,670,671,672,673,674,675,676,677,684,685,686,687,688,689,690,691,692,693
524,671,672,673,674
525,672,677,678,682,683,684,687,688,689,690,691,692
526,676
527,677,678
528,679,681,682,683,684,685,686,691,692,695,696,697,698,699,700,701,702,703
529,679,680,681,682,683,685,686
530,680
531,680,681,682,683,684,686
532,682
533,683,684
534,684,687,689,690,691,692
535,684
536,685,686,687
537,686,689,691,694,702
538,686,687
539,687,688,689,690,692,695,702,703,704
540,687,688,689,694,695,696,697,698,699,700,701
541,689,690,691
542,690,691,692,693,694,695,696,697,698,699,700,701,702
543,693
544,693,694,695,696,697,698,699,700,701,702
545,695
546,699,700,703,704
547,703,709,710,711,712,713,718,719,720,721,726,727,728,744,745,746,747,748,749,750,1934,1935,1936,1937,1938,1939,1940,1941,1942,1955,1956,1957,1958,1959,1960
548,703,705,706,707,708,709,710,711,712,723
549,703,3403,3404,3405,3406,3407,3408,3409,3410
550,708,709,710,711,712,714,715,3692,3693,3694,3698,3699,3700,3701,3702,3703,3704,3705
551,708
552,709,710,711
553,710,711,716,717,718,719,720,721,722,723,729,730,738,739,740,741,742,743,744,745,748,749
554,712,714,717,718,719,720,721,722,723,727,728,730,731,732,733,734
555,715
556,718,719,720,721,724
557,718,719
558,719,720,721,722
559,719,720,721,727,728
560,720,721,727,728,729,735,736,737,738,739
561,722,723
562,724,725,726
563,726,727,728,729,733,739,740,741
564,727,739,740
565,727,728,729
566,730
567,733,735
568,736,737,738,739,740,742,743
569,737,738,739,740,741
570,738,739,740,741,742,743,744,745
571,741,742,743,745,761,762,763,764,765,766,767,769,771,772,773,775,776,777,778,779,780,781,782,783,784,790,791,792,793,794,795
572,741,742
573,741,743,744,745,746,747
574,741,742
575,742,743,744,745,750,757,771
576,744,745
577,744,751,752,753,754,755
578,746,747
579,746,747
580,746,747,748
581,749,750,751,759,760,761,762,763
582,750,751,752,753,754,755,763,764,765
583,750,751,752,753
584,752,755,756,758,759
585,752,753,754
586,759,760,761,762,763,764,765,766,767,768,769,771,772
587,759,760,761,762,763,764,765
588,759,760,761,762,763,764,768,769,770,771,772,773
589,760,761
590,761
591,761,764,765,766,768,769,770,771,772,773,774,775,777,778,779,780,781,782,783,784,785,786,787,788,791,792,793,794,795,796
592,762,763,764,770,771,772,773,774,776,777,778,779,780
593,764,765,766,767,768
594,764,765,766,767,768,769,770,772,775,776
595,766,767,768,769
596,766,768
597,769,770,771,772,773
598,770,771,779,780,781,782,783
599,774,775,776,777,778,779,780,781
600,774,775,779,780
601,774,775,776,777
602,775,776,777,778,779
603,776,777,778,779,780,781,782,783,784,785
604,777,778,781,782,783,784,785
605,778,779,780,789,790,791,792,793,794,795,796
606,778,779
607,782,783,792,793
608,782,788,790,791,792,793,796,797,798,799,800,801,802,803,804,805,806,807,808,809,810,811,812,813,814,815,816,817,818,819
609,786,787,788,789,790
610,786,787
611,787
612,787,788,789,791,792,793,794,795,796,797,798,809,813,814,817,818,819
613,789
614,789,790,791,794,795,796,797,798,799,800,801,802,803,804,806,810,811,812,813,825,827,828,834,835,836,837,838,839,840,841,842,843,850,851,852,859,860,861,862,863,864,868,869,870
615,792
616,794,795,796,797,798,816,817,818,819,820,821,822,823,824,825,826,827,828,829
617,794,795,796,797,798,799,800,801,802
618,798,799,810,811
619,799,800,801
620,799
621,802,803,804,805,806,807,808,811,812,813,814,818
622,806,807,808,809,810,811,812,813
623,806,807
624,806
625,815,816,817,818,819,820,821,826
626,816,817,818,819,2166,2167,2168,2169,2173,2174,2175,2176,2177
627,819,820,940,941,950,951,952,953,963,964,965,966,967,968,969,970,971,972,973,974
628,820,821,825,826,827,828,829
629,822,823,824,825,826,829
630,823,824,825
631,826,827,828,829,831,832,837,838,839,840,841,842,843,844,845,846,847,857,858,859,861,862,863,864,865,866,870,871,872,873
632,829,830,831
633,832,833
634,837,838
635,837
636,837,838,839,840,841,842,843,844,845,846,847
637,839
638,840,841,842,843,844,845,846,847,858,859,860
639,844,847
640,847,848,849,855,856,857
641,849,851,852,853,854,855,856,857,860
642,854
643,855,856,857,858,859,861,862,863,864,865,866,874,883,884
644,855,856,857,858,859,860,2197,2198,2199,2200,2201,2202,2203,2204,2205
645,856,857,858,871,872
646,863,864,865
647,864,865,866
648,865,868,869,870,1123
649,869,870,871,872,873,874,875,876,877,879,880,882,883,886,887,888
650,869,877,878,879,880,885,886,887,888,889,893,894,895,896,897
651,871,872,873,874,877,881,882,883,884,885,887,888,889
652,872,873,874
653,872,873,880,881,882,885
654,873
655,875,876,877,878,879,882,883,884,885,886,893,894
656,875,876,878,879,885,886,887,888,889,890
657,876
658,877,878,879,880,881,882,883,889,890
659,879,880,883,884,885,886,887,888,889,890,891,892,893,894,895,896,898,899
660,879,880,881,882,883
661,883,889,894,895,896,897,898
662,884
663,885,888,889,890
664,892,893,902,911,912,913
665,892,893,895,898,899,900,901,908,910,911,916,917,918,919,920,921,922,923,927
666,895,896,897,900,901,902,903,904,905,906,907,916,917,918,919,920,921,922,923,924,926,927,928,933,935,936,937,938,939,940,941,942,943,944,947,948,950,951,952,953,954,955,956,957
667,899,900,901,902,903
668,903,904,905,906
669,903,904
670,908,909,910,911
671,908,909,912
672,910,911,912,913,914,920,921,922,923,924
673,910,911,912,913,914,917,918,919
674,910,911,912,913,914,915
675,911,912
676,912
677,916,917,918,919,920,921,922
678,917,918,919,920,921
679,921,922,923,924,925,926,927,928,929,931,932,933,934,935,936,937,938,939,940
680,921,922,928,929,930,931,932,935,939,940,941
681,922,931,933,934,949,958,959,963,964,965,966,967,968,977,978,979,980,981
682,924,925,926,927,928,929
683,924,925,926,927,928,929,930
684,925
685,925,926,929
686,928,929
687,928
688,928,929,930,931,932
689,928,929,933
690,929,933,934,935,936,937
691,930,931,933,934,939,940,941,942,943,944,949,950,951,952,953,954,955,956,959,960,961,962
692,934
693,942,943,951,2269,2270
694,943,944,945,946,947,948,949,950,951,952,956,957,958,959,960
695,943,947,949,950,953,959,960,963,964,965,966,969,970,971,972,973,974,975,978,1100,1101,1102
696,951,953
697,952,953,954,957,958,959,960,961,962,963,964,965,966,967,970,973,974,975
698,956,959,964,965,966,968,969,970,971,972,973,974,975,976,977,978,979,980,981,982,983,989
699,956
700,958,959,960,961,962,963,964,965,966,967,968,969,970,971,972,973,974,976,987,988,989,990,992,993,998,1000,1001,1002,1003,1014
701,958,959,960,961,962,963,964,965,966,967
702,959,960,961,962,965,966,967,968
703,962
704,965,966,967,968,970,971
705,965,966,968,969,970,981,982,983,984,988,989,990
706,966,967,972,973,974,975,976,977,978,979
707,967,977,979
708,967,968
709,971,972
710,973
711,974,975,976,977,978,979,980,981,982,983,984,985
712,975,976,977,3526,3527,3528,3534,3535,3536,3537,3538,3540
713,977,978,979,990,991
714,978,979,984,985,986
715,981,982,983,984
716,982,983,984
717,986,987,988,989,990,991,992,993,1001,1002,1003,1004,1005,1006,1007
718,987,988,989,990,991,992,994,995,997,998
719,988,989,990,991,992,993
720,988,989,990,991,992,993,2014
721,988,989,990,995,998,999,1004
722,997,998,999,1000
723,998,1001,1002
724,1000,1001,1007,1008,1009,1010,1011,1012,1013,1014
725,1006,1007,1008
726,1008,1009,4787,4788,4789,4790,4792,4793
727,1014,1015,1016,1017,1018,1019
728,1015,1016,1017,1018,1019
729,1015,1016
730,1026,2522,2523,2525,2526
731,1028,1032,1033
732,1029,1030,1031,1032,1033,1034,1035,1036,1037,1038,1039,1040,1043,1044,1050,1051,1052,1053,1058
733,1030,1031,1032,1033,1034,1035,1036,1037
734,1034,1035,1036
735,1036
736,1036,1037,1039,1041,1042,1043,1044,1047,1048,1049
737,1037,1040,1041,1044,1045,1046,1047
738,1039
739,1045,1046,1047
740,1047,1048,1049,1050,1054,1066,1067,1073
741,1049,1050,1061,1062,1066,1067,1076,1077,1080
742,1050,1051,1054,1055,1056,1057,1058,1059
743,1053,1054,1055
744,1057,1064,1074,1075
745,1057
746,1059,1060
747,1059
748,1063,1064,1065,1066,1067,1068,1069
749,1065,1066,1067,1079,1080,1081,1082,1087,1089
750,1069,1070,1071,1072,1073,1074,1075,1076,1077,1078,1079,1080,1081
751,1070,1071,1072
752,1070,1071,1072,1073,1075
753,1071,1074
754,1074
755,1076,1077,1078,1079,1080,1082,1083,1084,1085,1086,1087,1088,1092,1093
756,1076
757,1076,1077,1078,1079,1080,1081
758,1079,1080,1081,1082,1085
759,1082,1083,1084,1085,1086
760,1082,1083
761,1082,1083,1084,1085,1086,1087,1088,1089
762,1083
763,1084,1085,1086,1087,1088,1089,1090
764,1084,1085,1086,1087,1088,1090,1099,1100,1101,1102,1103
765,1085,1086,1087,1088,1090,1093,1094,1095,1102
766,1086,1087,1088,1089,1096,1097,1098,1099,1100
767,1087,1088,1089,1090,1091,1092,1093,1094,1095,1096,1097
768,1090,1091
769,1091,1092,1093,1100,1105,1106,1107,1108,1109,1110,1111,1112,1138,1139,1140
770,1092,1093,1094,1095,1096,1097,1098,1100,1104,1106,1107,1108
771,1092,1093,1094,1102,1103,1104,1105,1106,1107,1108,1111,1113
772,1095,1096,1109,1110,1111,1113,1114,1116,1117
773,1096,1097,1098,1101,1102,1103
774,1097,1098,1103,1104
775,1098,1104,1105,1111,1112,1113,1114,1699,1700,1701,1702
776,1099,1100,1101,1102
777,1099
778,1100,1101,1102,1103,1104,1105,1106,1107,1108,1109,1110,1111,1115,1116,1117,1118,1119,1120,1121,1124,1125
779,1100,1101,1102,1103,1104,1105,1106,1108,1109,1110,1111,1112,1113,1114,1115,1116,1117,1118,1119,1120,1121,1122,1125
780,1103,1104,1105,1106,2651,2652,2653,2654,2655,2656,2657,2660,2661,2662,2677,2678,2679,2680,2681,2682,2683,2684,2685,2687,2688,2689,2702,2703,2704,2709,2713,2714,2715,2724,2725,2726
781,1103,1104,1108
782,1105,1106
783,1107,1108
784,1110,1111,1112,1114,1115,1116,1119,1120,1121,1122
785,1112,1114,1115,1116,1117,1118,1119
786,1113
787,1117,1118
788,1117,1118,1119,1120,1121,1122
789,1117,1118,1119,1120,1122,1125,1126,1127,1128
790,1121,1122,1123,1124
791,1122,1123,1124,1125,1126,1127,1128,1129,1130,1134,1138,1139,1140,1141,1147,1149,1150,1151,1152,1153
792,1124,1125
793,1125,1126,1127,1128,1129,1130,1131,1132,1133,1134,1135,1136
794,1126,1127,1128,1133
795,1126,1137
796,1126,1127,1128,1129,1130,1131,1132
797,1129,1130,1135
798,1131,1132,1133,1134,1135,1138,1139,1142,1143
799,1131,1132,1133,1134
800,1131
801,1132,1133,1134,1135,1137,1138,1139,1140
802,1135,1136,1137,1138,1139,1140,1143,1144,1145,1146,1147,1148,1149,1150,1151,1152,1154,1159,1161,1162
803,1135,1136,1137,1138,1139,1140,1141
804,1135,1136
805,1140,1141,1142,1143
806,1142,1143,1145,1146,1147
807,1143,1144,1146,1147,1150,1153,1154
808,1147,1148
809,1148,1149,1150,1151,1154,1155,1156,1157,1158,1159,1165,1166,1167,1168,1169
810,1152,1153,1156,1157,1158,1159,1160,1161,1162,1163,1165,1166,1167,1172,1173,1177,1178,1179
811,1152,1153,1154,1163,1164,1165,1166,1167,1168,1169,1171,1172,1173
812,1152,1153,1154,1155,1156
813,1154,1156,1157,1158,1159,1160,1161,1162,1163,1164,1165,1166
814,1155,1156,1157
815,1157,1160
816,1157,1158
817,1160,1161,1162,1163,1171,1172,1173,1174,1175,1176,1177,1178,1179,1180,1181,1182,1185,1186,1187,1188,1189,1192,1193
818,1170,1171,1174,1175,1176
819,1173,1174,1175,1176,1177,1178,1181,1182,1183
820,1176,1177,1180,1181,1182,1183,1184,1185,1186,1199,1200,1203,1206,1207
821,1180,1181,1182,1183,1184,1185,1186,1187,1189,1190,1191,1192,1196,1197,1199,1200,1201,1202,1204,1205,1206,1207,1208,1209,1211,1212
822,1181,1182,1188
823,1183,1184,1185
824,1184,1185,1188,1190,1191,1193,1194
825,1184,1185,1186,1187,1188,1193,1194
826,1192,1193,1194,1200,1201,1202
827,1192,1193,1199,1200,1201,1202
828,1193,1194,1195,1197,1198
829,1196,1197,1198,1199,1200,1201,1202,1203,1204,1205,1206,1207,2396,2397,2398,2399,2400,2401,2402,2404,2405,2406,2409,2410,2411,2412,2413,2414,2415,2416
830,1201,1202,1203,1204,1205,1206,1207,1208,1209,1210
831,1202,1203,1204,1205,1206,1207,1208,1209,1210,1212,1213,1214
832,1205
833,1206,1207,1208,1209,1211,1212,1213,1215
834,1206,1207
835,1207,1208,1209,1210,1211
836,1211,1212,1215,1216,1217,1218,1219,1220,1221,1222,1230,1231,1232
837,1212,1213,1214,1223,1224,1225,1226,1227,1228,1236,1237,1238,1239,1248,1249,1250,1251,1252,1253,1254,1255,1256,1259,1263,1264,1266,1267
838,1219,1220,1221
839,1219
840,1219,1220,1221
841,1223
842,1223,1224,1225,1226,1227,1228
843,1226,1227,1228,1240,1241,1242
844,1228,1229,1230,1231,1232,1233,1234,1235,1236,1237,1238,1239,1240,1241,1242,1243,1244,1245,1246
845,1228,1229,1230,1231,1232,1233,1234
846,1230,1231,1232,1233,1234
847,1234,1235,1236
848,1238
849,1243,1244,1245,1246,1247,1248
850,1246,1247,1256,1257,1266,1276,1277
851,1250,1252
852,1250,1251,1252,1253,1258,1259,1446,1447,1448,1449,1450,1454,1455,1456,1457,1458,1466,1467,1468,1943,1944,1950,1951,1952,1953,1959,1960,1961,1962,1963,1964,1965
853,1256
854,1257,1258,1262,1263,1264,1266,1267,1268,1269,1271,1272,1275,1276,1278,1286,1287,1288,1289,1290,1291,1292,1293
855,1257,1258
856,1258,1259,1260,1261,1262,1263,1264,1265
857,1260,1261,1262,1263,1264
858,1268
859,1268,1271,1272,1273,1274,1275,1277,1278,1279,1280
860,1272,1273,1277,1284,1285
861,1272,1273,1274,1275
862,1273,1274,1278,1279,1280,1281,1282,1283,1284,1285,1286,1287,1288,1289,1290,1293,1294,1295,1296,1297,1298,1299,1300,1301,1302
863,1273,1274,1275
864,1275,1276,1277,1278,1279,1280,1281,1282,1288,1289,1290,1294
865,1277,1278,1279,1280,1281,1282,1283,1284,1285
866,1279,1280,1281,1282,1283,1284,1285,1286
867,1279,1280,1281,1282,1283,1285
868,1283,1284,1287,1288,1289,1290,1291,1292,1293,1294,1295,1296,1297,1298,1299,1300,1301,1302,1303,1304,1305,1312,1313,1314,1315
869,1286,1287,1288,1289,1290,1291,1292,1293,1296,1297,1298,1299,1300,1301,1302,1304,1305
870,1289,1290,1291,1292,1293,1294,1295,1296,1297,1305,1306
871,1295,1306,1307,1308,1309,1310,1311,1319,1320,1321,1322,1323,1325,1326,1327,1328,1329
872,1298,1299
873,1299
874,1301,1302,1303,1304,1305
875,1305,1306,1307,1308,1309,1310,1311,1312,1313,1314,1316,1317,1318,1319,1323,1324,1325,1326
876,1310,1311,1312,1313,1317,1318,1319,1320
877,1311,1312,1313,1314,1315,1316,1317,1318,1319,1322,1324,1325,1326
878,1314,1315,1320,1321,1322
879,1315,1316
880,1316,1317,1318,1319,1320,1321,1322,1323,1324,1328,1329,1330,1334,1335,1336,1337
881,1318,1319,1320,1321
882,1320,1321
883,1324,1325,1333,1334,1335,1336,1346
884,1327,1328,1329,1330,1332,1333,1334,1335,1336,1337,1338,1339,1340,1341,1342,1343,1345
885,1330,1331,1332,1335,1336,1337,1338,1341,1342
886,1331
887,1332,1333,1334,1335,1336,1337,1338,1345,1346,1347,1348,1349,1354
888,1335,1336,1337
889,1335,1342,1343,1346,1347,1348,1349,1350,1351,1352,1354,1357,1360,1361,1362,1363,1364,1365,1366,1367,1368
890,1335,1336
891,1336,1340,1341
892,1338,1339,1340,1352,1353,1355,1356
893,1339,1340,1341,1342,1343,1344,1345,1346
894,1343,1344
895,1346,1347,1348,1355,1356,1357,1358
896,1347,1348,1349,1352,1353,1354,1355
897,1353,1354,1355
898,1353,1354,1355,1356,1357,1358,1359,1369,1372,1373,1374,1375,1382,1383,1384,1385
899,1354,1355,1356,1357
900,1358,1359,1360,1361,1364,1366,1367,1368,1369,1374,1375,1378,1379,1380,1381,1385,1386,1393,1394,1395,1396,1397,1398
901,1367,1373,1374,1382,1383,1387,1388,1389,1390,1391,1392,1395,1396,1397,1398,1403
902,1371,1372
903,1371,1372,1373,1374
904,1378,1379,1380,1381,1382,1386,1387,1388,1389,1390,1391,1392,4692,4693
905,1379,1380,1381,1384,1385,1388,1389,1393,1394,1395
906,1379,1380,1384,1385,1387,1388,1396,1397,1398
907,1382,1383,1384,1385,1386,1393,1394,1395
908,1382,1383,1387,1389,1390,1393
909,1387,1388,1389
910,1390
911,1390,1391,1392,1393,1396
912,1393,1394,1395,1396,1400
913,1394,1395,1396,1397,1398,1399,1400,1401,1402,1403,1404,1405,1406
914,1396
915,1396
916,1400,1407,1408,1415,1416,1417,1418,1419,1420,1421,1422,1423
917,1400,1401,1402,1405,1406
918,1400,1401,1427,1428,1429,1430,1433,1434,1435,1436,1437,1438,1439,1441
919,1400,1401,1402,1403,1404,1405
920,1403,1404,1405,1408,1409,1410
921,1410,1411,1412
922,1415,1418,1419,1420
923,1417,1418,1419
924,1418,1426,1427,1428,1429,1432
925,1419,1420,1421,1424,1425,1426
926,1420,1421,1422,1425,1427,1428
927,1422,1423,1424,1425,1430,1431,1433,1434,1435,1440,1441,1442,1443,1444,1453,1454,1455,1456,1457,1458,1459,1460,1461,1462,1463,1464,1466,1467,1468,1469
928,1422,1423,1424,1428,1429,1430,1431,1432,1433,1434,1435
929,1423,1424,1425,1426,1427
930,1424
931,1425,1428,1429,1430,1431
932,1427,1430,1431,1433,1434,1435,1436,1437,1438,1439,1443
933,1428,1429,1430,1431,1432,1433,1434,1436,1437,1438,1439,1440,1441,1442
934,1432
935,1432,1438,1439,1440,1441,1442
936,1433,1434,1435,1436,1437
937,1433,1434,1435,2363,2364,2365
938,1433,1434,1435,1436,1437,1438
939,1435,1436,1437,1438,1439,1440,1441
940,1438,1439,1440,1441,1444,1445,1446,1447,1448,1449,1450,1451,1452,1453,1454,1455,1456
941,1438,1439,1440,1441,1442,1443,1444,1445,1446,1447,1451,1452
942,1438,1439,1440
943,1445,1446,1447,1450,1451,1453,1454,1455,1456,1457
944,1451,1452
945,1455,1456,1457,1461,1462,1463,1464,1465,1466,1467,1472,1473,1477,1478,1479
946,1457,1458,1459,1460,1461,1462,1463,1464,1465,1466
947,1458,1459,1460,1461,1470,1471,1474,1475,1476,1477
948,1460,1468,1469
949,1460,1461,1462,1463,1464,1465
950,1461,1462,1463
951,1468,1469,1470,1471
952,1469,1476,1477,1478,1489,1490,1491,1492,1493,1494
953,1470,1471
954,1470,1471,1472,1473,1474,1475,1477,1478
955,1475,1476,1477,1478,1479,1480,1481,1482,1483,1484,1510,1511,1512,1513,1514,1516,1517,1518,1519,1520,1521,1522,1536
956,1479,1480,1485,1486
957,1484,1485,1486,1487,1488,1491,1492,1493,1494,1495,1496,1499,1865,1866,1867,1868,1869,1870,1871,1872,1873,1874,1875,1876,1877,1878,1879,1880,1881,1882,1883,1888,1893,1895,1896,1897
958,1487,1488,1489
959,1489,1490,1491,1492,1493,1494,1495,1496,1497,1499,1502
960,1492,1493,1494,1495,1496,1497
961,1492,1494,1500,1509,1510,1511,1512,1513,1517,1518,1525,1526,1527,1528,1529,1530,1531
962,1493,1494,1495,1496,1497,1498
963,1500,1501,1502,1503,1504
964,1501,1502,1503,1505
965,1501,1502,1503,1504,1505,1506,1507,1509,1510,1518,1519,1523,1524,1525,1526
966,1501,1502,1503,1504,1505,1506,1507,1508
967,1506,1507,1513,1514,1524,1525,1526,1527,1528,1529,1530,1531,1537,1538,1539,1540,1541,1542,1543,1546,1547,1548,1549,1550,1551
968,1508,1509,1510,1513,1514,1515,1516,1517,1518
969,1509
970,1511,1512,1513,1514,1515,1516,1517,1518,1519,1520,1521,1522
971,1512
972,1513,1514,1515
973,1514,1515,1516,1517,1518,1519,1520,1521,1522,1523,1529,1530,1531,1532,1533,1534,1535,1536,1537,1544,1545
974,1514,1515
975,1520,1527,1532,1533,1538,1539,1540,1541,1542,1543
976,1521
977,1527,1528,1529,1530,1531,1532,1538,1539
978,1530,1531,1534,1535
979,1531,1532,1537,1538,1539,1545,1546
980,1538
981,1539,1540,1541,1544,1545,1546,1547,1548,1549
982,1540,1541,1543
983,1541,1542,1543,1544,1545,1546,1547,1548,1549,1550
984,1545,1546,1547,1548,1551,1552
985,1546,1547,1549,1550,1551,1552,1553
986,1547,1548,1549,1550,1551,1552,1553,1554,1555,1556,1557,1558,1559,1560,1561,1562,1568,1569,1570,1571,1572,1574,1575,1580,1581,1582,1583,1584,1585,1586,1589,1590
987,1548,1550,1551,1554,1555,1556,1559,1560,1561
988,1550,1556,1557,1558,1560,1562,1563
989,1551,1552,1557,1558,1559,1560,1561,1562,1563,1564,1565
990,1554
991,1556,1557,1558,1559,1560,1561,1562,1564,1565
992,1557
993,1559,1560,1561,1562,1563,1565,1566,1567,1568,1569,1570
994,1560,1561,1562,1563,1564,1566,1567,1568,1569,1570,1572
995,1562,1563
996,1567,1568,1569
997,1572,1573,1574
998,1575,1576,1577,1578,1579,1583,1584,1585,1586,1587,1588,1591
999,1576,1577,1578
1000,1586,1587,1588,1589,1590,1591,1592,1594,1595,1596
1001,1587
1002,1589,1593,1594,1602,1603,1604
1003,1592,1593,1594,1595,1596,1598,1599,1609,1617,1618,1619,1620,1621,1622,1623,1624,1625
1004,1599
1005,1602,1604,1605,1607
1006,1604,1605,1610,1611,1612
1007,1605,1608
1008,1609,1610,1611,1618,1619
1009,1617,1618,1621,1622
1010,1617,1618,1619,1620,1621,1629,1630,1631,1632,1633,1637,1638,1639,1640,1641,1642,1643,1644,1645,1646,1648
1011,1621,1622,1623,1625,1627,1628,1629,1630,1631,1632,1633,1634,1635
1012,1621
1013,1625
1014,1625,1626,1627,1628,1629
1015,1627,1628,1630,1631,1632,1633,1643,1644,1649,1650
1016,1631,1632,1633,1634,1635,1636,1637,1639,1640,1641,1642,1643
1017,1632,1633
1018,1640,1641,1642,1643,1644,1645,1646,1647,1648,1649
1019,1643,1644,1645,1646,1647,1648,1651,1652,1659
1020,1644,1645,1646,1648,1660,1661,1668,1669,1670,1671,1672,1673,1674
1021,1645,1646,1647
1022,1646,1647,1648,1649,1650,1651,1652,1653,1654,1655,1656,1657,1658,1659,1660,1661,1662,1663,1664
1023,1651,1652,1653,1654,1655,1656,1657,1658,1659,1660,1661
1024,1652,1653,1654,1655,1656,1657,1658,1659,1660,1661,1662,1666,1667,1669,1673
1025,1656,1657,1658,1659,1660,1661,1662,1663,1664,1665,1666,1667,1668,1669,1670
1026,1657,1662,1663
1027,1658,1659,1660,1661,1665
1028,1659,1660,1661,1662,1663
1029,1659,1660,1661,1662,1666,1667,1668,1669,1670,1671,1673,1674,1675,1676,1684,1686,1687,1690
1030,1661,1662,1663,1664,1665,1666,1671,1672,1677,1678,1679,1680,1684,1685,1686,1687,1688,1689,1690,1691,1693,1694
1031,1664,1665,1666,1667,1668
1032,1666,1667,1668,1670,1671,1672,1673,1674,1675
1033,1669,1670,1671,1672,1673,1674
1034,1679,1680,1681,1683,1687,1688,1691
1035,1679,1680,1681,1682,1683
1036,1684,1685,1686
1037,1685,1686
1038,1686,1687,1688,1689,1690,1691,1692,1693,1694,1697,1698,1699
1039,1687,1688,1689,1690,1691,1692,1693,1694,1695,1696,1697
1040,1688,1689,1690,1699,1700,1701,1702,1703,1708,1709,1710,1711,1712,2291,2292,2293,2294,2295,2296,2297,2298,2299,2300,2308,2309,2310,2311,2312,2313,2314,2315,2319,2602,2608,2609,2610,2611
1041,1689,1690
1042,1690,1691,1692,1693,1694,1695
1043,1690,1691,1692,1693,1694,1695,1696,1697,1699,1700,1701,1702,1703,1704,1705,1706,1714,1715,1716,1719,1720,1726,1727
1044,1691,1692,1693,1695,1696,1697,1698,1699,1702,1703
1045,1692,1693,1694
1046,1692,1693,1694,1695,1696,1697,1698,1699,1700,1701,1702,1703,1704,1705,1706,1707,1708,1710,1711
1047,1695,1696,1697,1702,1706,1718,1723,1730,1731
1048,1697,1698,1704,1705,1706,1707,1708,1709,1710,1718,1719,1720
1049,1697,1698,1699,1702,1703,1704,1705,1706
1050,1700,1701,1702,1703,1704,1705,1706,1707,1708,1713
1051,1705,1706,1707,1712,1714
1052,1708,1709,1710,1711,1712,1716,1717,1718,1719,1721,1722,1723
1053,1710,1711
1054,1712,1713,1714,1715,1716,1718,1719
1055,1713,1716
1056,1717,1718,1720,1721,1722,1723,1724,1725,1726,1727,1728,1730
1057,1722,1723,1724,1725,1726
1058,1724,1725,1726,1727
1059,1724,1725,1726,1727,1728,1729,1730,1731,1732,1733,1734,1737,1738,1739,1740,1741,1744,1745,1746,1747
1060,1727
1061,1728,1734
1062,1730,1731
1063,1731,1732,1733,1734,1735
1064,1735,1736,1737,1738
1065,1738,1739,1740,1741,1744,1745,1746,1747,1748,1749
1066,1738,1745,1746,1747,1748,1749,1750,1751,1752
1067,1739,1740,1741,1742,1743
1068,1743,1744
1069,1746,1747,1751,1752,1753,1754,1755,1762,1764,1768,1769,1770,1771,1772,1773,1774,1775,1776,1777,1778,1779,1780,1781,1782,1783,1784,1785,1786,1787,1788,1789,1790,1791
1070,1746,1747,1748,1749,1750,1751,1752
1071,1747,1748,1749,1750,1751,1752
1072,1748,1749,1750,1751,1752
1073,1754,1760,1761,1762,1763
1074,1757,1758
1075,1761,1769,1770,1771,1772,1773
1076,1761,1762
1077,1764,1765,1767,1768,1769,1770,1771,1772,1773,1774
1078,1766,1767,1768,1769,1770,1771,1772,1773,1774,1775,1776,1778,1779,1780,1781
1079,1770
1080,1772
1081,1775,1776,1777,1778,1780,1781,1782,1783,1784,3853,3854,3855,3856,3858,3859,3860
1082,1775,1779,1780
1083,1777
1084,1782,1783,1786,1787,1788,1796,1797,1798,1799,1800
1085,1783,1784
1086,1786,1787,1788,1791,1792,1793,1796
1087,1786,1787,1788,1789,1793,1795,1807,1808,1809,1810,1811,1812,1813,1814,1815,1817,1818,1819,1820,1821,1822,1823,1824,1825,1826,1827,1828,1829,1830,1836,1837,1838,1839,1840,1841,1842,1843,1844,1845,1846,1847,1848,1861,1864,1865,1866
1088,1787,1788,1791,1792,1793,1795,1796,1797,1798
1089,1788,1790,1794,1795,1796,1797,1798
1090,1788,1789,1790
1091,1788,1789,1790,1791,1796,1800,1803,1804,1805,1806,1811,1812,1813,1814,1816,1826
1092,1791,1792,1793,1794,1796
1093,1791,1792,1794,1795,1796
1094,1800,1801,1802,1803,1804
1095,1803,1804,1805,1806,1807,1808,1818,1819,1820,1822,1823,1824,1825,1826,1827,1828,1829,1830,1831,1832,1834
1096,1806
1097,1807,1808,1820
1098,1809,1810,1811,1812,1813,1814,1815,1816,1821,1822,1826,1827,1828,1829,1831,1832,1833,1834,1835,1836,1837,1839,1840,1841,1842,1843,1844,1846,1847,1848,1849,1850,1851
1099,1810,1811,1812,1813,1814,1815,1816
1100,1814
1101,1829,1830,1831,1832,1835,1836
1102,1831,1832,1833,1834,1836,1838,1839,1840,1841,1842,1843,1844,1845,1846,1847,1848,1849,1851,1852
1103,1833,1834,1835,1837,1838,1839
1104,1837,1838,1839,1840,1841,1842,1843,1846,1847
1105,1842,1843,1844,1845,1846
1106,1844,1845,1846,1847,1848,1849,1850,1851,1852,1853,1856,1857,1858
1107,1845,1846,1848
1108,1845
1109,1849,1850,1851,1853,1854,1855,1856,1859,1860,1861,1862
1110,1853,1854
1111,1862,1869,1870,1871,1872,1873,1874,1875,1881,1882,1883,1884,1885,1886,1887,1888,1889,1890,1891,1892,1893,1894,1895,1896,1897,1898
1112,1866,1867,1868,1869,1875,1876,1878,1879,1880,1886,1887,1888,1889,1890,1894,1895,1896,1897
1113,1870,1872,1873
1114,1873,4825
1115,1876,1877,1878,1879
1116,1878,1879
1117,1879,1880,1881,1882,1883,1884
1118,1885,1887,1888,1889,1890,1891
1119,1889,1890,1891,1892,1893,1894,1895,1896,1897,3837,3838,3839
1120,1890,1897,1898,1899,1900,1901
1121,1890,1891,1892,1893,1894,1895,1896,1902,1903,1904,1905,1906,1914,1915,1916,1917,1923,1924,1925,1926,1927,1928
1122,1890,1891,1892,1893,1894,1895,1902,1905,1906
1123,1893,1894,1914,1919,1920,1921,1922,1923,1924,1925,1930,1931,1932
1124,1894,1898,1899
1125,1904,1905,1906,1907,1909,1910,1911,1912,1913,1914,1915
1126,1905,1906,1907,1908,1909,1910,1911
1127,1907
1128,1908,1909,1910
1129,1909,1910,1914,1915,1916,1917,1918,1919,1920,1921,1922,1923
1130,1910,1911,1912,1913,1919,1920,1923,1924,1925,1926,1927,1928,1929,1930,1931
1131,1912
1132,1912
1133,1914,1915,1916,1920,1921
1134,1916,1917,1918,1922,1923,1925,1926,1927,1928,1929,1932,1936,1937,1939,1940,1941,1943,1951,1956,1957,1958,1959
1135,1919
1136,1921,1922,1923,1924,1925,1926,1929,1930,1931,1932,1933,1934,1935,1936,3720
1137,1924,1925,1926
1138,1925,1926,1927,1928,1929,1930,1931,1932
1139,1935,1936
1140,1937,1938,1939,1948,1953,1954,1955,1957,1958
1141,1942,1943
1142,1946
1143,1947,1948,1949,1950,1960,1966,1967,1968,1969,1973,1974,1975,1976,1977,1978,1980,1983
1144,1957,1958,1959,1966,1967,1968,1969,1970
1145,1959,1960,1961,1962,1963
1146,1962,1963,1964,1965,1969,1972,1973,1974,1975,1976
1147,1965,1966,1967,1968
1148,1978,1979,1980,1988,1989,1990,1991,1992,1994,1995
1149,1986
1150,1987
1151,1987,1988,1990,1991,1992,1993,1994,1995,1996
1152,1987,1988,1989,1990,1991,1992,1993,1994,1995,1996,1997,1998,2001,2002
1153,1989
1154,1991,1992,1993,1994,1995,2002,2003,2004,2005,2006,2009,2010,2011,2014,2015
1155,2003,2004,2007,2008,2009,2010,2011,2012
1156,2004,2005,2006,2007,2008
1157,2007,2008
1158,2007,2008
1159,2012,2013
1160,2012,2019
1161,2021,2022,2023,2024,2025
1162,2027,2028,2029
1163,2029,2030,2031,2032,2033,2034,2035,2036,2037,2038,2039
1164,2032,2033,2034,2036,2037,2038,2039,2043,2046,2047,2048,2049,2050,2051,2052,2059,2060,2061,2062,2076,2081,2082
1165,2033,2034,2035,2036,2037,2038,2039,2040,2041,2042,2043,2044,2045,2047,2048,2049,2052,2067,2068,2069,2070,2071,2072,2078,2079,2085,2086,2087,2088
1166,2036,2037,2038,2039,2044,2045,2046,2047,2048,2049
1167,2038,2039,2040,2041,2042
1168,2045,2046,2047,2048,2049,2051,2052,2053,2054,2055,2056,2057,2058
1169,2047,2048,2049
1170,2052,2053,2054,2055,2056
1171,2060,2061
1172,2060,2061,2062,2064,2065,2066,2067,2068,2069,2070,2071
1173,2063,2064,2065
1174,2063,2064,2065,2066,2082,2085,2086,2096,2097,2098,2099,2100
1175,2066,2067,2068,2069,2070,2071,2072,2073,2074,2075,2078,2079,2080,2081,2082,2083,2084
1176,2067,2068,2069,2070,2072,2074,2075,2076,2077,2078
1177,2069,2070,2071,2072,2073,2074,2075,2076,2077,2078,2079,2080,2081,2082,2083,2084,2085,2091,2092,2093,2094,2095
1178,2070,2074,2076,2077,2078,2079,2096,2097,2098,2099,2100,2101,2102,2103,2105,2106,2107,2108,2109,2110,2111,2112
1179,2071,2072,2073,2074,2077
1180,2073,2074,2075,2076,2079,2080,2081,2082,2083,2084,2085,2086,2087,2088,2089
1181,2074,2076,2077,2078,2079,2080,2081,2082,2083,2084,2085,2086,2087,2091,2092,2093
1182,2075,2079,2080,2081,2082,2083,2084,2085,2086,2087,2088,2097,2110,2111,2112
1183,2080,2081,2083,2084,2085,2086,2087,2088,2089,2090,2091,2092,2095,2099,2100,2101,2102,2103,2104
1184,2083,2249,2250,2252,2253,2254,2258,2259,2260,2261,2263,2264
1185,2088,2091,2093,2094
1186,2095,2096
1187,2096,2097,2098,2099,2100
1188,2114,2119,2120,2121,2122
1189,2114,2115,2116,2117,2118
1190,2115,2116,2117,2118,2123,2124,2125,2126,2127,2135,2136,2137,2140,2143,2144,2145,2148,2150,2151,2152,2153,2154,2155,2156,2157,2158,2159,2160,2161,2162,2164
1191,2115,4954,4955,4957
1192,2116,2117,2128,2130,2131,2133,2134,2138,2139,2140,2143
1193,2117,2118,2119,2120,2131,2135,2136,2137,2138,2139,2140,2141,2153,2154
1194,2120,2125,2126,2129,2130,2131
1195,2124,2131,2132,2133,2142,2143,2144,2145,2146,2148,2149
1196,2128
1197,2132,2133,2134,2136,2137,2139,2140,2141,2142,2143
1198,2132,2133,2134,2145,2153,2154,2155,2156,2157,2164,2165,2174,2176,2177,2178,2179,2181
1199,2143,2144,2145
1200,2145,2146,2147,2148,2149,2150,2151,2152,2153,2154,2155,2156,2157
1201,2146,2147,2148,2149,2150,2151,2152,2153
1202,2149,2150,2156,2157,2158,2165,2166,2167,2170,2171,2172,2173,2182,2183,2189,2190,2193,2194,2195,2202,2203,2204,2205,2206,2207,2208,2209,2214,2215,2216,2217,2218,2219
1203,2156,2157,2161,2162,2163,2164,2165
1204,2169,2170,2171,2172,2173,2174,2175,2177,2178,2179,2180,2181,2182,2183,2184,2186
1205,2178,2179,2180,2182,2183,2184
1206,2178,2179,2180,2181,2182,2183,2184,2185,2186,4335,4336,4337,4338,4339
1207,2181
1208,2185,2186
1209,2186,2187,2191
1210,2188,2189,2192,2193,2194
1211,2189,2190,2193,2199,2200,2201,2202,2203,2204,2205,2208,2209
1212,2195,2196,2202,2203,2204,2205,2206,2207,2208,2209,2210,2211,2212,2217,2218,2219,2220
1213,2197,2198,2199,2200,2201,2202,2203,2208,2209,2211,2216,2217,2218,2219,2220,2221,2222,2223,2224,2225,2226,2229,2237,2240,2241,2242,2243,2244,2245,2246,2247,2248,2249,2250,2251,2252,2254,2255,2258,2259,2260,2261,2263
1214,2198,2203,2204,2205
1215,2206,2207,2208
1216,2207,2208,2209,2210,2211,2212,2213,2214
1217,2207
1218,2207,2208,2209,2210,2211,2212,2213,2214,2215
1219,2208,2209,2210,2211,2212,2213
1220,2221
1221,2222,2223
1222,2225
1223,2227,2228,2229
1224,2231,2232,2233,2234,2235,2236,2237,2238,2239,2240,2241,2242,2243,2256
1225,2237,2238,2241,2242,2245,2246,2247,2248,2249,2257,2258,2259,2260,2261
1226,2245
1227,2245,2246,2249,2250,2251,2252,2253,2259
1228,2249,2250,2254,2255,2256,2257,2259,2260
1229,2255,2256,2257
1230,2255
1231,2256,2257,2258,2259,2260,2261
1232,2258,2259,2260,2273,2274,2281
1233,2258,2259
1234,2259,2261,2267,2268
1235,2271
1236,2272,2279,2280,2281
1237,2273,2274
1238,2273
1239,2279,2280,2281,2282,2283,2284,2285,2286,2287,2288,2289,2290,2291
1240,2281
1241,2282,2283,2284,2285,2286
1242,2284,2285
1243,2284,2285,2286,2287,2289,2290,2291,2292,2293,2294,2295,2296,2297,2298,2300
1244,2287,2288,2289,2290,2291,2292,2293,2294,2298
1245,2289,2290
1246,2292,2293,2294,2295,2296,2297,2298
1247,2298,2299,2300,2301
1248,2303,2304,2305,2307,2308,2309,2310,2311,2312,2313,2314
1249,2310,2317,2320,2321,2322,2323,2324
1250,2320,2321,2322
1251,2322,2323,2324,2325,2326,2327,2328,2329,2330,2331,2333
1252,2328,2329,2330,2331,2332,2333,2334,2336,2337,2338,2339,2340,2341,2342,2345,2346,2347,2348
1253,2328,2329,2330,2331,2332,2334,2335,2336,2337,2339
1254,2340,2342,2343,2344
1255,2347,2348,2349,2350,2351,2352,2353,2354,2359,2360,2361,2362,2363
1256,2353,2354,2355,2356,2357,2358
1257,2354,2355,2356,2357
1258,2362
1259,2363,2364,2370
1260,2372,2373,2374,2375,2377
1261,2373,2374
1262,2376,2377,2378,2379
1263,2380,2381,2382,2383,2384,2385,2386,2387,2388,2389,2390,2392,2393,2394,2395,2396,2397,2398,2399,2400,2401,2402
1264,2381
1265,2382,2385,2386,2391,2392
1266,2388,2389,2390,2391
1267,2392,2393,2394,2398,2399,2401,2402,2403
1268,2398,2399,2401,2402
1269,2400
1270,2403
1271,2404,2405,2406,2407,2408,2409,2410,2412
1272,2408,2410,2411,2412,2413,2414,2415
1273,2414,2416,2421,2422,2423,4253,4254,4255,4256,4258,4263,4264,4266,4268,4271,4272,4274,4275,4278,4279,4280,4281,4282
1274,2418,2419,2420,2423,2424,2425,2426,2427,2428,2429,2431
1275,2421,2422,2424,2428,2437,2438,2439,2443,2444
1276,2422,2423,2424,2428,2431,2432
1277,2425,2426
1278,2431,2432,2433,2434
1279,2435
1280,2435,2444,2445,2446,2447,2448,2449,2450
1281,2435,2436
1282,2437,2438,2439,2443,2444,2445,2446,2447,2448,2449,2453,2454,2455,2456,2457,2458,2469,2470,2471,2473,2479,2480,2481
1283,2440
1284,2442,2443,2444,2445
1285,2447,2448,2449
1286,2460,2464,2465
1287,2462,2463,2464,2465,2466,2467,2468,2469,2470,2471,2472
1288,2462,2464,2465,2469,2470,2471,2472,2473,2474
1289,2465,2466,2467,2468,2469,2470
1290,2475,2476,2477,2478,2479,2481,2482,2483
1291,2488,2489
1292,2505,2506
1293,2510,2511,2512,2513,2514,2515,2521,2522,2523,2525,2526,2527,2528,2529,2530,2531,2532,2535,2536,2540,2541,2554,2555,2556,2557,2558,2559,2560,2561,2568,2569,2570,2575,2576,2578,2579,2585,2586,2587
1294,2513,2514,2515,2516,2517,2518,2519,2520,2521
1295,2515,2518,2519,2521,2524,2525,2528,2529,2530,2536,2537
1296,2516,2517,2518,2519,2520,2521,2522,2523,2525,2527,2528
1297,2517
1298,2524,2533
1299,2527,2528,2529,2531
1300,2530,2531,2532,2533,2534,2535,2537,2538,2539
1301,2531,2536,2537
1302,2534,2535,2536,2537,2538
1303,2548,2549,2550,2551,2553,2556
1304,2549,2550,2554,2555,2556,2557,2559,2560,2561
1305,2555,2561,2562,2563,2564,2565,2566,2567,2568,2569
1306,2557,2558,2559,2560
1307,2562
1308,2570
1309,2572,2573
1310,2578,2579,2580,2581,2582,2583,2584,2585,2586,2591,2592,2593,2594,2595,2600,2601,2602,2603,2604,2605,2606,2607,2608,2609,2610,2618,2619,2620,2621,2622
1311,2581,2582,2583
1312,2584,2585,2586,2588,2589,2590
1313,2584,2585,2586,2587
1314,2588,2589,2590,2591,2592,2593,2595,2596,2597,2598,2599,2600,2601,2603,2604,2610,2611,2612,2613,2620,2622,2623,2624,2625,2626,2627,2629
1315,2596,2597,2598,2599,2605,2608,2622,2625,2626,2628,2629,2630
1316,2601,2602,2603,2604,2606,2607,2608,2609,2610,2611,2612,2613,2614,2616,2617
1317,2603,2605,2609,2610,2614,2615,2626,2627,2628,2634
1318,2613,2614,2616,2617,2618,2619,2623,2624,2626,2627,2628,2629,2630,2631,2632,2633,2634,2635,2636,2637,2638,2639,2640,2641,2642,2643
1319,2619,2620
1320,2622,2623,2624,2625,2626
1321,2626,2627,2628,2633,2634,2636,2637,2639,2647,2648,2650
1322,2632,2633,2634,2635
1323,2635,2636,2637
1324,2636,2640,2641,2646,2647,2651,2652
1325,2637,2638,2639,2640,2641
1326,2640,2641,2643,2645,2646,2647,2654,2655,2656,2657,2658,2659,2660,2666,2669,2679
1327,2642,2643,2644,2645,2646,2647,2648,2649,2650,2651
1328,2644
1329,2650
1330,2658,2659
1331,2673,2674,2675,2676,2677,2679,2680,2681,2682,2683
1332,2680
1333,2683,2685,2686
1334,2687,2688,2689,2691,2692,2693,2694,2696,2697,2698,2699,2700,2701,2702
1335,2688,2689
1336,2695,2696
1337,2698,2699,2700,2701,2702,2707,2708,2709,2710,2711,2716,2717,2719,2726,2727,2728
1338,2699,2700,2703
1339,2700,2701,2702,2703,2704,2705,2706,2707,2708,2709
1340,2714,2715,2716,2717,2718,2719,2720,2721,2722,2723,2724,2728,2729,2730,2731,2732,2733,2734
1341,2717,2718,2719,2720,2721,2722,2723,2724,2725,2733
1342,2727,2728,2729,2730,2731,2738,2739,2740,2742,2747,2748,2749,2750,2754,2760,2761,2764,2765
1343,2737,2738,2739,2740,2742,2743
1344,2737,2738,2739,2740,2742
1345,2739,2740,2741,2742,2743,2744
1346,2774,2775,2776,2777,2778,2779,2780,2781,2782
1347,2780,2781,2782,2783
1348,2782,2783,2784,2786,2787,2788,2789,2790,2791,2792,2793,2794,2803,2804,2805,2808,2809,2810,2813,2814,2815,2817,2818,2819,2820,2821,2823,2824,2826
1349,2783,2784
1350,2784,2785
1351,2791,2792,2793,2794,2795,2805,2806,2807,2808,2809,2810
1352,2797,2798,2801,2802,2803,2804,2805,2806
1353,2806
1354,2806,2807,2808,2809,2810,2811,2812,2813,2814,2815
1355,2807,2808,2809,2810,2812,2813,2814
1356,2814,2824,2825
1357,2817,2818
1358,2820,2821,2822,2823,2824,2826,2827,2833,2837,2838
1359,2821,2822,2825,2826,2827,2828,2829,2833,2842,2848,2849,2850,2851,2852,2853,2854,2855,2856,2858,2859,2860,2861,2864,2865,2866,2867,2868,2869,2870,2871
1360,2823,2824,2825,2826,2827,2828,2829
1361,2831,2832,2834
1362,2835,2839,2840,2845,2846,2847,2848,2849,2850,2851,2852,2853,2856,2857,2858,2859,2860,2861,2862,2863,2864,2865
1363,2846,2847,2862,2867,2868,2869,2870,2872,2873,2874,2875,2876,2877,2878,2879,2880,2881,2882,2883
1364,2854,2855,2856
1365,2855
1366,2865
1367,2876,2877,2879,2880,2882,2883,2884,2885,2886
1368,2877,2878,2879,2880,2883,2884,2887,2890
1369,2879,2880
1370,2879,2880,2881,2882,2883,2884,2885
1371,2883,2884,2885,2886,2887
1372,2898,2899
1373,2899
1374,2909
1375,2920,2921,2922,2924,2925,2926,2927,2928,2929,2930,2931,2932,2933,2934,2935
1376,2922,2923,2924,2925,2926,2930,2931,2932,2933,2934,2935,2936,2942
1377,2927,2928
1378,2928,2929,2936,2937,2938,2941,2942,2943,2944,2945,2946,2949,2959,2960,2961,2962
1379,2947,2948,2949
1380,2959,2960,2961
1381,2973,2974,2975,2976,2979,2980,2981
1382,2973,2974,2975,2981,2982,2983,2984,2985,2986,2987,2988,2989,2990,2991,2992,2993,2994,2995,2996,2998,2999,3000
1383,2974,2975,2976,2983,2984,2985,2988,2990,2991,2993,2996,2997,2998,2999,3000,3001,3002,3003,3004,3005,3006,3007,3008,3009,3010,3014,3015,3016
1384,2979,2980,2981,2982,2983,2984,2985,2986,2990,2991,2992,2993,2994,2995,2996,2997,3002,3003,3007,3011,3012,3013,3014,3015,3016
1385,2980,3009,3010
1386,2984,2985,2986
1387,2984,2985
1388,2996,3003,3004,3005,3006,3007,3008,3009,3010,3011,3017,3018,3019,3020,3021,3022,3023,3024,3025
1389,3006
1390,3015,3016
1391,3042,3043,3044,3046,3047,3048,3049,3050,3051
1392,3056,3057,3058,3059
1393,3058,3059,3060,3061
1394,3060,3061,3062,3063
1395,3071,3072,3073,3074,3075,3076,3077,3078,3079,3080,3081
1396,3071,3072,3073,3074,3075,3080
1397,3077,3078,3079
1398,3080,3081,3082
1399,3082,3083,3084,3085
1400,3111,3112,3113,3114,3115,3119,3120,3121,3122,3123,3124,3125,3134,3135,3136
1401,3115,3116,3117,3124,3125,3126,3127,3128,3129,3130,3131
1402,3131,3132,3133,3134,3136,3139,3140,3141
1403,3132,3149,3150,3151,3152
1404,3135,3137,3138,3141,3142,3143,3144,3148,3149,3150,3151,3152,3153,3154,3155,3156,3159,3160,3161,3162,3163,3164,3165,3166,3167,3168,3169,3170,3171,3172,3173,3174,3175,3176,3177,3178,3179,3180,3181,3182,3184,3185
1405,3138,3139,3140,3141
1406,3143,3144,3145,3146,3147,3148
1407,3161,3163,3164
1408,3165,3172,3173,3174,3175
1409,3182,3183,3184,3185
1410,3185,3186,3187,3188
1411,3192,3193,3194,3195,3204,3205,3206,3207,3208,3209,3210,3211,3212,3213,3215,3216,3217,3218
1412,3193
1413,3195,3196,3197,3205,3206,3207,3221,3222,3223
1414,3195
1415,3202,3203,3204,3205,3206,3207,3208,3209,3210
1416,3207,3208,3210,3211,3217
1417,3210,3213,3214,3215,3216
1418,3211,3212,3213,3214,3215,3219,3220,3222,3223,3224,3228,3229
1419,3213,3214,3215,3216,3217,3218,3219,3220,3221,3222,3223,3224,3228,3229,3230
1420,3227,3228,3229,3235,3236,3241
1421,3236,3237,3238,3248,3249,3250,3251,3252,3253
1422,3253
1423,3257
1424,3260,3261,3262,3263,3264,3265,3266,3267,3268
1425,3262,3264,3268
1426,3265,3271,3272,3273,3274,3275,3280,3281,3282,3285,3286,3287,3289,3290,3291,3296,3302,3303,3304,3311,3312,3313,3314
1427,3275,3276,3288
1428,3279,3280,3283,3292
1429,3280
1430,3288,3518,3519
1431,3300,3301,3303,3306,3310
1432,3305,3306,3307
1433,3305,3306,3307,3308,3309,3311,3312
1434,3311,3312
1435,3312,3313
1436,3316
1437,3322
1438,3323,3326,3327
1439,3323,3324,3325,3326,3327,3331,3334,3335,3337,3338,3339,3342,3343,3344,3345,3346,3347,3348,3349
1440,3342,3343,3344,3345,3346,3347,3348,3349,3350,3351,3352,3353,3354,3355,3356,3357,3359
1441,3346,3347
1442,3350,3351,3352,3353,3354,3355,3356,3357,3358,3359,3360,3368,3369,3370,3371,3372,3373,3374,3375,3376,3382,3383,3387,3388
1443,3351,3353
1444,3352
1445,3356,3357,3360,3361
1446,3376,3377,3378,3379,3380,3381
1447,3380,3381
1448,3382,3383,3384,3387,3389,3390,3391,3392,3393,3394,3401,3402,3403,3404,3412,3413,3414,3415,3416,3427,3428,3429,3437,3438,3439,3444,3445,3457,3458,3459,3461,3462,3463,3464,3465,3466,3467,3468,3469
1449,3387,3388,3389,3390
1450,3389,3390,3391,3392,3393
1451,3396,3397,3398,3399,3400,3401,3402,3403,3404,3405,3406,3407,3408,3409
1452,3405,3406,3407,3408,3409
1453,3406,3410,3411,3412,3413,3414,3415,3416,3417
1454,3410,3411,3412,3413,3414,3415,3416,3417,3418,3419,3420,3421,3422,3423,3424,3425,3426,3427,3428,3429,3431,3432
1455,3411,3412,3413
1456,3413,3414,3415,3416,3417,3419,3420,3421
1457,3416,3417
1458,3418,3419,3425,3440,3441,3442,3443,3451,3453,3454
1459,3433,3434
1460,3441,3442,3443,3444,3447,3448,3449,3451,3452,3453,3454,3455,3457,3458,3459
1461,3446,3447
1462,3449,3450
1463,3455,3457,3461
1464,3456,3457
1465,3457,3460,3461,3462,3463,3464,3465,3466
1466,3470,3472,3473,3474,3475,3476
1467,3489,3490,3492,3493,3494,3496,3497,3498,3500,3501,3502,3503,3506,3507,3508,3509,3510,3511,3521,3524,3525
1468,3493,3494,3495,3496,3497,3500,3501,3502
1469,3507,3508
1470,3523,3524,3525
1471,3528,3530,3531,3532,3535,3536,3537,3538,3539,3540,3541
1472,3531,3532,3533,3534,3535,3536,3537,3538,3539,3540,3541,3545,3546,3547,3553,3554,3555,3556,3557,3558,3559,3560
1473,3534,3535
1474,3546,3547,3548,3549,3550
1475,3562,3563
1476,3562,3563,3564,3565,3566
1477,3567,3577,3578,3579,3585,3588,3589,3592,3593,3594,3595,3596,3597,3598,3599,3600
1478,3568,3569,3570,3571,3572,3573,3574,3946,3947,3948,3949
1479,3572,3573,3574,3575,3576,3577,3578,3581,3582,3583,3584
1480,3586
1481,3598
1482,3599,3600,3601
1483,3602,3603,3607,3608,3609
1484,3603,3604,3605,3606,3611,3613
1485,3611,3612
1486,3639,3644,3645,3649,3654,3655,3656,3657,3658
1487,3653,3654,3655,3656,3662,3667,3668,3669,3670,3671,3672,3675,3676,3677,3679,3680,3683
1488,3654,3655,3656
1489,3658,3659,3660,3661,3662,3663,3664,3665,3666,3667,3668
1490,3660,3661,3662
1491,3661
1492,3667,3669,3670,3671,3672,3673,3674,3675,3676,3677,3678,3684,3685,3686,3687,3688,3689,3690,3691,3692,3693,3694,3695,3696,3697,3698,3699,3700,3701,3702,3706,3707
1493,3682,3683,3684,3685,3687,3688,3689
1494,3699,3700,3701,3702,3703,3704
1495,3702,3703,3704,3705,3706,3707
1496,3708,3709,3710,3711,3712,3713,3714,3715,3716,3717,3720,3721,3728
1497,3714,3715
1498,3715,3716,3717,3718
1499,3715,3719
1500,3732,3733,3736,3737,3738
1501,3735
1502,3736,3737,3739,3740,3741,3742,3743,3744,3745,3746,3747
1503,3746,3747
1504,3759
1505,3762
1506,3773,3774,3775,3776,3777
1507,3777
1508,3800,3801
1509,3808,3809,3810,3811
1510,3819,3820
1511,3828,3829
1512,3839,3840,3841,3843,3844
1513,3845,3846,3847,3848,3849,3850,3851,3852,3854,3855,3857,3860,3861,3862,3863,3864,3865,3866,3867
1514,3854,3855,3860,3861,3862,3863,3864,3865,3866,3867,3868,3869,3870,3876,3877,3881,3882,3883,3884,3885,3886,3887,3889,3890,3891,3892,3893
1515,3862,3863,3871,3872,3873,3874,3875,3877,3878,3881,3882,3883
1516,3874,3876
1517,3877,3878,3879,3884,3885,3888,3889,3890
1518,3883,3885,3886
1519,3888,3891
1520,3892,3893,3898,3899,3900,3901,3902,3903,3909,3910,3912,3913,3914,3915,3916,3917,3918,3919,3920
1521,3897,4457,4458,4459,4460,4461
1522,3913,3916,3917,3918,3919,3920,3921,3922,3923,3924,3925,3926,3927,3939
1523,3920,3921,3922
1524,3922,3923,3925,3926,3927,3931,3932,3933,3934
1525,3942,3943,3945,3946,3947,3949,3950,3951,3952,3953
1526,3947,3948,3949,3955,3956,3957
1527,3962,3963,3964,3966
1528,3975,3976,3977,3978,3979,3980,3981,3982,3983,3984,3986,3987,3988,3990,3994,3995,3996,3997
1529,3991,3992,3993,3994
1530,4009
1531,4013,4014,4015,4016,4020,4022
1532,4014,4016,4017,4018
1533,4018,4019,4020,4021,4022,4025,4026,4029,4031,4032,4033,4034,4035,4036,4037,4038,4039,4040,4041
1534,4020,4021,4023,4024,4025,4028
1535,4027,4028,4029,4030,4032,4033,4034,4035,4036,4037,4038,4039,4040,4041
1536,4030
1537,4034
1538,4045,4046,4047
1539,4065,4066,4070,4071,4072
1540,4075,4076
1541,4102,4103,4104,4105
1542,4111,4112,4113
1543,4114,4115,4116,4117,4122
1544,4125,4126,4128,4129,4130,4131,4132
1545,4161,4162,4163,4164,4165,4166
1546,4165,4166
1547,4167,4168,4169,4170,4179,4182,4188,4196,4197,4198,4199,4201,4202,4204
1548,4170,4175,4176,4177,4178,4186,4187,4189,4190,4191,4192,4193,4194,4195,4197,4198,4199
1549,4172,4173,4174,4175,4176,4177,4178
1550,4172,4173
1551,4178,4179,4180,4181,4182,4183,4184,4185,4186
1552,4188,4189,4190
1553,4200,4203,4204,4205,4206,4207,4208,4209
1554,4203,4204,4205,4206,4207,4208,4209,4210,4211,4215,4216,4217,4219,4220,4221
1555,4216,4217,4218
1556,4241,4242,4243,4244
1557,4261,4262,4263,4271,4272
1558,4268,4269,4270,4274,4275,4276,4277
1559,4291,4292,4293,4294,4295,4296,4303,4308,4310,4311
1560,4310,4311,4312,4313
1561,4360,4361,4362
1562,4370
1563,4383,4384,4385,4388,4389,4390,4395,4396,4397,4398,4399,4400
1564,4385,4386
1565,4399,4400,4404,4405,4406,4407,4408,4411,4412,4413,4414,4415,4416,4417
1566,4416
1567,4426,4427,4431,4432,4433,4434,4435,4436,4437,4440,4441,4442,4443,4444,4445,4446,4447
1568,4429,4431,4432,4433,4436,4437,4438,4440
1569,4440,4441,4442,4443
1570,4441
1571,4458,4459,4460,4461,4462,4465
1572,4459,4460,4468,4469
1573,4470,4472,4473,4475,4476,4477,4478,4479
1574,4476,4477
1575,4504,4505,4506,4508,4509,4510,4511
1576,4518,4519,4520,4521,4522,4523,4524,4525,4526,4527,4528,4529,4533,4534,4544,4545,4546,4547,4548,4549,4550,4551,4552,4553,4554,4555,4557,4558,4559,4560,4561,4562,4570
1577,4527,4528,4529,4530,4531,4532
1578,4551,4552,4553,4556
1579,4587,4588,4589,4590,4591
1580,4626,4627,4628,4631,4632,4633,4634,4635,4636,4637,4638,4639,4640,4641,4642,4643,4644,4645,4646,4647,4650
1581,4627,4628,4629
1582,4627
1583,4639,4640,4641
1584,4646
1585,4667,4668,4669,4670,4671,4672,4673,4679,4680,4692,4693,4694,4695,4696
1586,4695
1587,4720,4721,4722,4723,4724,4725,4726,4728,4729
1588,4728,4729,4732,4733
1589,4744,4745,4746,4747,4748,4749,4750,4751,4752,4757
1590,4750,4751,4752,4768,4769,4773,4775,4776,4777
1591,4754,4755
1592,4766,4767,4768,4771
1593,4773
1594,4782
1595,4784,4785,4786,4787
1596,4810,4812,4813,4814,4815,4816,4817,4818,4819
1597,4844,4845
1598,4852,4856,4857,4858,4859,4860
1599,4855,4856,4858,4859,4860,4871,4880,4881,4882
1600,4861
1601,4862,4863,4864,4865,4866,4873,4874,4878,4879
1602,4870,4871,4872,4873,4874,4880,4881,4882,4883,4885,4886,4893,4894,4895
1603,4882,4883,4884,4885,4886,4887,4888,4889,4892,4893,4894,4895,4899,4900,4901,4902,4903,4904,4905,4907,4908,4909,4910,4911,4912,4913,4914,4915,4916,4917,4918,4919,4920
1604,4885,4886,4893,4894,4895,4901,4902,4903,4905,4906,4908,4909
1605,4886,4887,4897,4898,4899,4900,4901,4902,4903,4904,4905,4906,4907,4914,4915,4916,4917,4918,4920,4921,4922,4924,4925,4926
1606,4887,4888,4889,4890,4892,4893
1607,4903
1608,4905,4906,4907,4908,4909,4910,4911,4917,4918,4919,4920,4921,4922
1609,4936,4937,4938,4939,4940,4941,4942
1610,4938,4939,4940,4941,4944,4945,4948,4949,4950,4951,4952,4953,4954,4955,4956
1611,4953,4954,4955,4956,4957,4958,4959,4960,4962,4963,4967,4968,4969,4973,4974,4975,4977,4981
1612,4953
1613,4953,4954,4955,4956,4957,4958
1614,4987,4988,4989,4992,4993,4994,4995,4999,5000
