1,44143.6,47121.3,43374.3,45011.8,41367.3,45401.4,41802.4,44545.7,44431.5,46204.6,42838.6,41128.3,40332.1,44360.9,41952.9,49743.5,43939.7,44503.1,44535,46258.4,38449.6,43111.8,39826.6,53592.4,40288.6,51654.3,41372.2,46022.9,41524.5,41551.1,44288.7,42948.1,42322.6,43141,47221.2,44241.6,46344.8,40991.4,41336.6,49522.8,43764.8,45475.1,46163.6,49487.8,43915.9,43875.6,42312.2,40675.1,41613.8,40606.3,46189.5,37428.2,48639.2,46338.2,47878,38385.6,42965.8,51455.5,45415,46494.9,45215.7,38706.1,51945.3,47965.5,42967.1,45100.5,39332,45644.9,47366.3,45379.9,43406.7,43241.7,40284.4,46561,42115.9,44054.6,42000.4,40006.8,46341.8,40422.5,43616.2,41661.3,40754.4,44617.8,44963.9,41126.5,40951.6,47491.9,45155.3,45720.9,42418.9,43390.7,42830.8,43191,51859,43279.6,45388.3,48485.7,45014.9,44803.4,45751.5,49511,43196.8,44170.4,47769.4,41132.2,42316.5,47315.2,44673.8,45931.1,39398,43024.6,41202.1,45655.9,41774,41325,39262.9,45088.7,41901,52362.9,42195.9,50044.3,40170.2,44451,49937.6,45771.6,46085.4,43674.8,42035.2,43746.2,44264.6,44761.7,45252.2,41090.2,46229.3,40260.1,47598.3,44494.8,43732,44202,43983.3,46570.5,44406.2,37226.1,45644.2,42115.1,38703.2,44645.8,39901.4,45586.4,45382.7,45160.1,42304.4,47886.8,42538.9,44726.3,46052.7,44342,41121.5,45523.8,42954.7,41258,42380.8,43703.4,41833.9,45646.9,39562.7,42320.5,38739.4,45789.3,47105.1,44531.9,46128.4,44986,36821.2,45788.2,40002.2,42332.6,44126.1,41386.7,43023.1,45708.7,48116.2,45984.6,45623.8,43783.7,43160.8,44483.9,45980.2,45418.9,43908.8,50371.8,41786.9,46454.8,46349.4,47315.9,42243.7,54991.4,43444.6,46193.2,44648.2,44086.3,39530.5,44266.4,42873,44417.6,45106,44957.1,47380.2,40206,43929.3,42123.1,43642,42780.1,45126.8,53128.4,41808.7,49529.1,45583,45249.5,48063.6,42514.7,45412.6,40272,44657.7,48603.7,38910.1,50017.1,46399.9,44220.6,50978,46015.2,42533.7,42411.4,44972.1,42564.1,43503.7,48070.1,47051,45196,44238.4,47377.5,46956.1,45519,49052.6,43667.6,45141.5,49863.9,48300.9,47563.4,43749.8,45131.7,49286.3,43886.5,44047,45691.3,41437.9,44044.4,44985.1,45615.1,41334.8,42200.7,46696.6,48570.6,47599.6,45201.1,43297.3,39750.1,42389.5,46872.4,44280.5,44184.4,39239.4,44044.7,41361.6,44620.7,46374.7,40490.4,43915.6,49914.5,48761.2,42225.3,45557.7,43254.9,43816.4,42988.7,46497.4,48152.9,44789.1,45788.1,44299.9,42878.2,39337.7,40693.9,39612.9,41735.8,44560.4,36797.6,45901.9,45650.5,43717.4,46522.8,44354.4,41933.3,44441.7,50984,47342.3,43578.2,48109.6,45462.2,39497.5,43153.7,46297.5,45531.1,52724.3,45643.4,48173.4,45033.3,48295.8,42704.2,44510.9,39471.6,41665.5,44532.8,44426.1,48686.3,42148.3,39705.6,36209.4,47641.6,38017,41631.9,43488.5,45967.4,47999.1,43525.1,41257.9,45477.5,43849.2,44450.9,49283.1,45717.7,42683.5,45338.3,42669.5,45010.2,47157.4,46557.5,46617.2,52539.8,45140.5,43439.7,44636.2,44872.5,43014,46087.8,45589.5,46831.9,49140.3,44822.2,45935.9,44454.8,41810.4,45519.2,41865.4,45905.7,44395.7,45795.2,48658,41896.6,41818.6,41561.5,47343.4,46150.9,50342.1,43728.6,40038.1,47574.2,41159.2,45167.9,46350.3,41988.4,50864,48276.6,50198.8,45208,40427.8,42633.3,46735,41811,40537.7,43311.9,46722,37843.2,39867,44752.3,46799.8,45604.9,40249.2,43521,47963.4,47630.5,44220.8,41585,44909,46161,47184.8,49423.2,47685.8,42533.8,45647.7,44752.3,45379.6,46624.1,43286.1,46455.5,37893.4,47697.7,42048.1,49578.5,49162.8,45442.2,46371.8,42627,43525.9,48657,50004.9,44498.2,47032.6,44777.5,46279.8,41144.6,42063.1,50396.4,40008.7,47767.7,44083.6,43634.5,42886,51797.3,41918.7,47312.3,47290.6,43289.1,37814.6,43536.8,43111.3,41149.8,44808.2,45363,47461,40550.3,47466,43954.5,42248,49661.5,45265.3,42146.6,41482.6,45086.9,43543.4,44474.7,45543.2,48499.3,37269.8,43177.8,40262.9,51545.8,41720.2,43859.1,42105.6,47850.7,41044,42310.7,47110.2,47569.3,50302.8,43746.2,41964.6,43080.2,44859.4,45194,47013.7,46780.4,48004.5,46975,40865.1,43996.6,43649.7,43752.7,44817.2,39220,48728.5,46606,49377.2,45234.9,44808.1,46804.9,47149.9,40363.2,43909.5,44424,47550.5,43888.1,45226.7,42975.2,40968.7,45302.5,43592.5,44983.6,42614.2,39054.3,37694.7,46518.6,47029.2,44484.8,47655.7,44975.6,46627.6,43955.4,46906.4,47626.3,37541,46987.8,38973.4,45727.9,45892.8,46150.7,39988.7,42684.9,40026.6,37998.4,37017.9,45087.1,41122.1,43253.5,38367.5,43376.1,47114.8,49537.8,39769.3,45205.2,46704.3,46159.2,42409.2,43486.4,46984.3,48927.7,42966.6,42623.3,47297.1,47153.4,42668.7,41680.2,45899.7,51414.2,44569,43366.4,43460,46360.3,42438.8,45738.9,46268.4,40626.7,38322.5,47681.7,42130.4,44545.1,36130,41619.8,39791.6,49460.9,44171.7,42233.7,53820.9,41648.1,44834.1,44278,38810.3,44816.9,47233.8,43480.1,49068.1,41624.5,41319.5,44034.9,44639.3,47163.6,45671.7,39289.9,47301.4,44641.5,49776,50670.7,43362.8,41886.8,43025.2,44565.2,42862.6,39949.6,39671.7,48572,39819.4,45130.5,45244.4,44482.4,42993.3,46860.5,39798.7,44713,45201.7,46767.4,39906.7,40824.7,44109.8,43619.5,41115.8,42094,45047,46576.6,42035.1,43791.5,45234.6,43204.4,43825.1,39988.8,48821.9,41953,41534.5,41390.4,40768,40743.2,39922,48857.1,43058.5,43924.3,43770.7,44140.7,44292.8,43530.5,43105.7,47955.3,40315,47519.5,46884.9,44818,38619.7,45713.2,45244.4,45171.4,41532.2,47478.1,37349.9,41122.7,44620.5,40263.6,45824,38654.2,48675.5,44049.8,42943.9,45095.9,46454.7,40916.3,42707.1,49691,40097.5,41957.4,40016.8,51208.6,43939.2,43690,38498.6,48138.7,45116,44005.5,45772.5,41056.7,43937.4,43157.1,43331.5,48257.2,40486.2,45274.4,41019.2,44813.1,46492.9,42963.3,42179,46483.4,47391.7,46979.7,43508.9,47072.8,42328.6,45916.6,41667.2,43267.3,51231.6,45597.9,42606.7,47622.9,39762.3,42052.2,41523.9,46326.9,43117.2,45503.8,39688.3,44397.6,47906.7,50842.6,40845.4,39529.9,45242.9,45153.6,43940.9,44381.9,48177.2,42868.4,45696.9,48470.3,46952.6,40895.4,39906.2,41358.5,45176.2,39709.2,42330.2,38997.5,44692.8,48656.6,45991,41923.4,42454.9,43087.2,37878.6,38208,45859.2,45225.2,46148,37652.5,40635.8,42759.4,42791.4,42920.3,52230,42110.5,48156.4,36482.3,42708.3,45930.3,39061.5,44831.1,40987.4,44574.7,46812,44747.8,41811.9,45245.1,46294.8,49906.7,44465,46231.1,45463.2,46770.4,43940.4,43300.8,43162.2,45280,39990.9,40089.3,40570.8,44456.3,43860.7,45988.4,44131.7,48612.4,41261,43630.7,37084.6,43528,45993.4,42291.5,38657.8,45557.8,41815.9,37710.5,41880.5,40950.2,39992.6,49161.4,41250.6,40882.8,41132.7,45408.5,43458.3,51840.7,42169.9,51074.3,50037.6,44692.5,37807.2,45161.7,39335.7,37236.8,41671.6,38341.5,41558.1,41890.9,38999.1,49563,47825.8,40428.3,42754.4,45522.4,44738.9,50704.5,43535.4,43134,40222.6,47933.1,38364.8,41871.5,43278.6,38209.7,43813.3,35865.1,45211.5,43833.5,50666.8,40222.6,45312.7,41452.6,41183,40520.2,42970.6,40109.4,46748.1,44555.2,54210.1,38932.2,44275.7,42742.9,51831.7,40868.9,44979,48803.1,44069.9,43449.7,37890.9,41910.1,40801.6,40098.1,44112.9,50905.3,43203.1,46036.6,38016.1,45087.6,38747,36837.5,49473.9,52670.6,44093.5,45853.9,41337,42169.2,46527.8,40610.9,44925.8,47344.6,45396.4,43047.9,47722.4,46065.9,46311,42159.7,52844.3,43643,45467.2,49662.9,44795.1,41383.3,41913.6,48610.3,40906.9,47629,44845.9,47619.4,44111.9,40812,45636.7,44612.2,48467.3,41350.4,48174.2,46793.9,45733.7,42823,42606.8,47062.5,48899.6,45376.7,44106.3,46963.1,39956.9,41620.1,41816.2,40666.2,40938.1,50209.7,43896.3,44331.3,41454.2,40156.1,38846.7,44472.4,41401.9,42548.4,44234,40448.2,38955.5,50758.2,42786.1,43394.8,43450.6,39980.4,39916.2,40568.4,41821.8,38958.9,41688.6,44196.4,43240.4,46652.2,43645.5,46195.4,41590.6,43804.2,38535.8,46222.8,42889.8,43436.8,43436.4,46304.7,46811.8,39484.6,48792.3,42513.6,44216.6,48399,38275,52254.2,43227.6,49044,48699.3,44208.5,43687.8,44868.5,41673,45490.3,41843.4,50021.3,46896.8,48311.7,39832.5,45798.3,45699,41525.3,39655.3,45770.1,48273.7,49156.6,44722.5,40924.5,37211.8,36032.5,44247.7,44701.1,46616.9,43542.7,44084.9,43241.7,43208.3,45005.9,36276.3,45331.5,44214.1,42859.5,41808.3,53323.4,46861.9,39866.1,45940.3,42828.2,42987.2,41634.3,43422.6,45012.2,45348.9,39945.3,43168,41904.2,39890,43358.4,48188.7,43567.8,40209.7,44947.6,44462.9,43630.7,41806.8,40585.6,43450.3,41422.1,42203.7,43712.2,46688.2,40801.4,45239,42850.9,41477.4,46479,45656.9,45709.9,50764.8,42425.4,41114.4,46917.4,46418,43639,44166.1,42782.7,44191.2,43198.3,51831.9,40054,47904.3,40466.3,43617,43613.7,46347.4,45114.6,48767.1,45389.8,39350.1,41895.4,37899.8,41915.1,48088.7,47096.7,42211.5,45990.5,42730.4,44930.7,47686.5,43808.6,43999.1,47089,42605.6,43905.6,41180.5,45086.8,43764.7,47048.6,45991.6,42711.5,38854.1,43273.2,45333.7,43756.6,46094.8,41831.3,43752.2,41114.5,49192.3,44141.8,43454,45056.4,46699.2,44327,47340.6,47125.9,47895.3,44905.2,39396.1,45503.8,50318.2,43766.5,43504.6,41364.3,46540.8,46300.8,50390.5,48757.7,47766.2,42914.4,43125.3,45657.3,46043,42131.2,42319.1,37581.2,50278.2,43165.1,44059.2,39901.7,43976.3,45023.5,40803.3,43834.1,40938.5,45534.2,49176.6,42990.7,38586,41531.8,40458.5,44801.9,39501.5,37873.6,45584.7,43369,42536.4,39280.1,47039.2,46244.2,44541.9,46442.6,41962.7,44207.1,40216.4,51203.2,40765.1,40935.8,42441.3,47822.6,42562.7,38181.7,42658.9,43770.3,40915.9,45802.7,44032.4,51068.3,40241.9,45421.5,42485.7,45864.5,42553.9,40358.1,43587.6,46328.9,48932.3,46357,42180.2,42955.2,44849.8,44670.4,43857.4,45139.6,47817.8,41097.7,43640.1,42532,45594.7,39123.8,46706.5,45144.4,43650.8,38000.9,43780.2,45788.6,48579.6,42325.2,44055.6,43537.1,43445.2,42273.1,46332.7,41387.2,39822.7,45324.2,39647.6,44690.5,42179,44561.7,44451.8,42275.2,45496.1,47795.3,48004.4,44403.9,43085.7,38083.4,42191.4,41542.2,45476.5,40908.2,44242.9,38806,40131.8,40566.1,41763.7,42608.2,42670.4,38765.8,42390,43443.8,45354.4,43022,48661.6,47358.6,41318.5,47569.1,42594,44598.7,39506.9,38814.2,41785.5,40579.2,44690,47020.9,42224.6,44867.5,42664.3,40352.1,43995.5,44463.1,42529.7,47033.9,41481.2,40127.9,42297.6,43943.3,38852.6,44383.2,41619.1,45414.3,49107.5,38969.1,43826.8,40087.1,43748,49043.4,47273,39153.9,42932.7,38472.7,37542.7,39387.2,42181.9,43066.4,44281.5,40301.9,42392.1,40999,40821,43449.9,43806,42002.9,44518.6,45322.9,43241.3,43359.4,41984.7,38521.4,49173.6,42440.2,45117.7,45649.2,42918.4,48265.9,42303.1,46613.7,42916.2,48088.3,44873.2,42358.8,40347.9,44795.6,46563.1,41977,46514.7,41203.7,39769.4,44627.4,41221.2,45659.7,45353.9,41435.3,43694.3,45594.1,42152.2,46328.5,42270.4,46855.2,48524.9,42696,43536.7,40742.5,43915.7,44110.2,41619,38469,43991.2,48063.1,47227.1,44993.5,40324.8,45446.7,43181.8,44060.5,45159.6,45505.4,43550.7,43732,40904,44860.4,38695.7,42470.6,45888.7,37987.8,44861.9,38761.4,46930.7,40352.5,38656.1,44908.9,43079.7,51420.9,42980.9,44347.4,38511.9,39010.2,40770.9,41039.6,40297.8,44516.5,44481.1,41742.8,41328.7,41361.7,45473.3,41506,45228.8,46620.6,44356.6,40274.9,36789.2,49381.9,41716.3,40165.8,45763.2,38786.2,39199.7,41457.3,44575.5,45637.6,40536.6,39554.8,45100.1,45847,43864,40115,40074,40202.2,40945.5,43372.4,45868.7,44152.5,45741.6,44379.6,45439.9,45759.4,46272.2,43830.5,43714.8,47819.3,40257.6,41281.9,46049.3,42358,44885.4,46246.3,45453.8,43325.4,39964.2,37878.7,43429.5,42761.9,43091.3,40299.5,44730.8,46807.6,41353,45229.3,43178.8,42112.2,46738,47437.6,44271.1,39739.5,40687.2,45955,43980.8,44683.3,43002.9,44684,43120.7,45118.1,46167.4,39553.6,41706.6,42521.2,40780.3,45887.3,48828.7,36118.6,44928.9,47915.4,44766.1,43012.3,47615.8,37927.5,46593.6,37697.6,40132.9,49519.6,40096.7,39889.9,38788.6,40512.8,46546.7,45042.6,47011,43592.4,42785.7,40344.6,44999.9,37848.8,42428.2,49192.3,44881,43367,43783.9,42898.7,48259.2,43920.2,43716.9,50534,45179.3,47751.6,42497.1,39247.5,46413.4,43963.6,38920.7,40077.3,39045.2,41260.1,40605.8,36299.5,40245.3,44964,45718.6,38917.4,44173.8,43110.6,44230.6,43963,49640.2,41755.9,41199.2,41098.2,41261.7,46445.6,42154.2,44282.5,42952.1,40339.3,43596.7,46065.5,42677.4,43311.4,41528.6,46086,42603,42366.1,39432.1,43855.1,50681.1,45823.8,48104.4,41344.4,42552.2,43125.3,38632.3,46419.7,38646.9,47457,42810.1,44172,40872.2,40596.1,43936.1,40110.7,38172,45549.7,46920.6,44360.4,49515.7,42646.7,41865.4,43629.9,46028.7,39900.9,44154.3,47947.1,44003.7,47015.4,39643,41453.9,46315.5,42716.3,45075.4,46233,44175.9,49911.4,38922.7,43958.1,45012.4,42645.6,39338.9,41194.7,39979.8,42738.8,43503.7,39474.2,41859.4,45001.7,44875.1,41565.7,36373,40591.2,42072.8,46274.8,43137.3,38257.6,37710.5,43587.4,43313.5,43188.5,49533.9,42949.1,38529.2,46714.6,44289,41677.6,38790.6,46804.2,36845.5,44608.2,38313.1,38858.7,41930.6,38011.7,38842.3,42318.9,41266.1,45389.2,46730.9,41982.1,44507.4,46336.7,45292.9,40915.5,41444.2,39817,43062.6,39531.2,37235.2,46829.4,38804.3,41655.5,42153.2,38295,41985.5,44308.2,46462.5,42349.4,39621.8,43360.9,45844.8,40301,41918.4,40808.8,41870.7,44434.8,45461,43692.1,43564.2,39586.4,52287.7,46583.3,43326.8,45670.8,38289.7,41749.1,47083.9,47555.6,42799.1,39809.3,44432.6,41329.2,45325.5,40377.6,42543,41329,43690,41908.4,43941.5,43377.1,39185.3,38075.1,43679.8,47408.6,41197.2,41868.4,40649,40589.7,41132.7,42522.1,37150,44680.1,41072.3,38957.5,46967.3,41911,48113.1,42774.8,44646.4,47321.2,43891.2,43729.3,44306.6,45850.3,44935.7,43463.4,36443.9,39514.1,44324.1,47674,43774.3,42216.1,42036.3,44429.5,45633.9,46209.5,43832.4,43117.5,42865,42156.6,38755.1,43898.3,44041.4,44975.4,43665.5,44271.4,40965.2,43998.4,42541.2,44712.7,46314.7,43552.6,44471.2,41894.1,43927.6,40203.7,43721.3,47320.1,42089.7,43115.7,42707.8,42025.8,47298.1,36993.7,38516.6,40879,41821.2,45143.2,41617.2,45678.2,45850.6,41508.5,45775.9,40245.7,42139.1,37780,40650.8,42248.1,41648,42895.5,45422.2,46184.5,40630.9,42278.4,41713.2,47676.5,41900.3,44790.1,48811.4,42378.8,40293,45550.4,42319.2,47375.6,45029.8,43144.9,43968.6,41147.5,40778.2,41970.4,41494.3,44863,40204.8,45403.3,46525.4,39869.4,46844.1,49336.6,48660.9,42528.1,44601,44782.2,42012.2,41890.2,43307.1,44282.5,42654.9,40108.4,42201.3,38007.2,42756.3,41620.9,45453.5,42958.6,47220,49607.4,43567.8,47041.8,40097.2,40465.5,43993.8,41172.3,44974.3,46947,41076.1,41356.2,41047.1,45800.2,43714.6,44958.3,43424.6,41266.5,46152.6,38522.9,40113.2,44139.4,42469,41838.4,39059,45981.5,45063.4,40730.7,47359.4,42509.4,42288.4,49044.8,41166.4,39849.2,38027.2,40205.8,43505.4,43146.9,42299.2,40809.4,41983.6,41643.5,41069.5,40331.4,45180.3,44264.6,38918.5,40898.7,41057.7,42961.1,46667.4,41068.8,46520,43670,42852.5,45248,40444.8,48790.7,45394,44896.2,43812.5,41818.4,45187.4,41075.9,39210.1,50052.7,47570.6,46003,38583.8,45905.2,43057.1,34063.1,43701.6,40343.9,45053.2,45166,42637.9,43181.3,45059.8,43175.2,44881.6,41638.7,38499.1,43578.8,46413.2,43559.2,40147.6,43325.4,40988.8,49779.4,39356.9,42818.5,46351.8,41438,39731.8,45104.7,38359.2,43559.9,45922.9,49515.6,40084.9,40168.2,39605.3,38122.3,41527,40045.3,44301.9,47866.9,47860.8,41769.6,45930,43949.4,48133.5,39666.5,45718,41374.2,39928.9,47760.3,44334.9,40554.6,40385.7,46375.7,40342,44595.3,42363.3,38161.8,44493.5,45445.5,40828.9,43759.8,41919.1,37696.3,41636.1,39971.2,39179.6,39529.5,39872.4,44234.3,37146.6,45727.8,48054.5,44119,43326.8,38727.5,40015.6,42966.7,41876.3,36422.5,41916.1,43001.6,44610.6,44854.1,45212.6,45662.9,41709.4,44597,46214.9,49119.9,39396.8,42562.4,42047.9,48448.3,46821.3,44327.4,42530.8,46577.8,43266.4,45559.3,43082,45875.2,41993.4,46554.9,42871.6,43710.7,42612.2,47308.2,52136.6,46261.1,49125.9,43817.8,45901.1,47729,45436.8,41317.9,43109.1,43083.2,45402.8,42843,37555.6,43122.4,47284.7,44019.6,38905.6,44522.4,40642.7,44566.9,48286.6,43858.6,39701,38688.8,42101.9,40941,40747.1,42620.1,42592,42113.7,38954,43987.1,39315.7,37727.2,50368.1,43856.6,40560.4,46876.8,42047.9,37270,45169.1,48513.3,52360.7,40435.2,44001.9,42790.2,45118.3,49506.5,36736.9,43952.7,41991.6,42518.4,43069.6,42053.9,42411.6,41872.9,41806.7,41534,41079.2,38176.9,47278.4,38370.2,43610,41374.5,40100.5,45956.2,45996.7,44645.8,46374.1,42151.5,40845.5,44396.1,36732.6,47247.9,34645.6,47832.6,41379.9,47147.4,41411.7,47694.8,46062,51700.3,44203.2,42812.2,40361.8,36031.2,38348.2,45268.6,43933.9,45720.4,52149.7,41994.3,40477.6,42042.1,43965.6,42794.6,44979.7,38594.8,43197.7,46709.1,45459.1,35594.5,42657.4,42770.8,37439.2,40802.4,42888.4,47184.8,45008.9,43075.6,43544,45924.8,41228,42061.2,43314.4,44778.1,38055,42661.7,47842.9,44588.4,44238.7,42650.3,42867.9,44220.1,35457.8,45274.1,39939.7,39020.4,42348.8,46316.7,46257.3,46086.9,40047.4,46816.7,37236.7,39454.3,39275.8,43964.2,44001,44733.8,45756.2,40824.4,43484.9,46464.8,44521.9,45827.3,40143,44031.2,40536.9,41466.2,46184.7,41615.6,40556.1,45870.9,44438.7,39814.2,44209.7,39126.1,45393.7,41499.5,36697,42543.4,39783.6,44139.8,43080.2,38766.4,43580.5,43769.7,47078.8,40094.2,43196.5,40659.5,41706,44799.7,46521.9,44474.8,47407.4,40006.2,41893.6,47789.9,43051.1,36372.9,43992.4,37302.9,48188.2,40442.7,43193.1,39005.5,44964.9,35072,37688.5,44531.4,40580.1,46011.6,45779.5,46723.1,44767.4,50424.1,41658.5,36270.6,42677,44816.2,44135.3,44153.3,42456.7,41681.7,45976.1,38343.7,41597.4,48408.9,45318.9,42086.1,44295,41889.5,42298.8,48271.1,40358.2,41772.6,42616.7,37553.5,44318.3,44542.2,41164.3,41853.3,40512.1,39590.1,40048.4,38842.6,49542.4,40967.6,43914.1,42495.4,41707.1,37690.2,43132.9,45596.1,35273.9,42712.3,46183.7,47003.7,42675.4,39313.3,42054.8,34378.9,44944.3,44116.3,41539,46445.5,38525.7,39454.7,38603.2,36430.2,43235.3,39034.7,40716.9,47067.1,41627.9,42714.9,44401.8,47886.4,40994,38736.5,47873.2,40670.3,43824.4,42138.6,39817.7,42299.6,48938.4,40836,39509.5,47600.3,39849.9,38527.9,46664,40741.5,41254,37842.2,41515.1,43408.2,35654.7,39404.1,41022.5,45853.5,41451.6,43027.1,43682.1,38190.9,38284.9,42571.9,38943.6,40377.8,36467.1,42992,39544.7,41748.9,36726.3,37721.3,40545.7,36527.4,39061,33104.2,42906.3,38290.1,41155.5,44512.3,43922.8,40124.9,43114.4,43991.1,41843.3,48292.8,43362.2,42089.8,49031.2,36769.4,40681,38898.3,40692.4,43290.7,38913.3,42874.2,42605.8,40548.7,34606.7,41815.8,38296,41736.9,38577.9,37513,37606.1,45274.8,41569.9,46305.3,45240.3,47817.7,43777.5,41073,37982.3,44766,38093.8,37344.1,33380.3,41037.6,36810.4,38919,46919.1,46137.8,41933.4,47263.9,42540.8,46872.8,45143.3,39155.8,45546.1,38797.2,37439.5,45131,42438.5,47467.6,41022.3,38071.8,40646.5,38725.9,44937.2,46653.9,46065.7,44238.2,43527.2,39637.9,46173.1,46452.2,45528,41622.7,40101.5,37708.7,43091.1,43907,48478.7,43346.9,42183.1,32970.9,36218.1,43642.7,42395.6,38451.9,39738.8,44425.2,46897.4,44814.2,38482.8,43393.4,39943.1,39207.1,38779.4,38466.5,40407.7,45269,40871.2,47690.6,46114.4,46332.2,43062.2,42208.7,41914.2,41721.9,38778.5,45187.9,40262.7,48855.6,43278.1,40605.5,43691.8,36883.7,44405.7,42575.9,38604.9,45993.7,41375.3,40710.5,43340.5,44551.8,41669.4,43289.3,42520.2,47037.3,42581.7,43711.8,44911.2,34730.9,39046.2,40312.1,40122.2,47510.6,35630.3,47080,44204.3,38620.2,45198.4,39577.5,46789,40972,38480,37160.8,39194.6,43607.5,45899.3,42842.2,46349.3,43332,39143,48893.1,41464.9,42433.9,38434.1,44549.9,41277,38968.7,41408.3,38978.9,39181.2,38822.9,42400,40646.4,37718.3,42394.4,43386.9,38859.6,42690.8,45318.4,39112.2,40674.3,36667.8,43511,38000.6,40843.4,42211.8,42573.6,42111.3,44102.4,42096.1,41301.7,45255.2,41233,39306.1,47010.4,42843.6,39742,43790.7,47104.9,41426.1,43007.3,44008.8,39170.8,44817,41658.8,40401.2,46108.8,43102.9,43719.4,40825.6,40731.1,44587.2,40434.9,46816.5,40398.2,42727.9,39622.7,41739.9,40473,45930.9,43155.2,49347.6,40296.6,38982.8,44388.2,45974.9,44383.4,37705,42566.7,47211.1,37851.8,43677.6,38678,39768.6,41039.4,42443.8,44441.1,39855.6,44619.1,42825.5,39658.2,40010.9,42589.8,37661.1,37138.2,47323.4,45058.9,42817.4,38600.5,42490.9,46521.4,40419.6,34173.4,42154.4,42617.8,42041.6,39481.7,46240.2,38103.7,40483.7,39970.7,41477.2,38459.5,41328.9,39444.9,44333.9,36071.4,40587.8,46560,41497.2,41777.7,41111.7,43384.2,41349.5,33112.1,40940.4,42418.5,43784.6,45776.5,45905.3,44911.5,37206,39756.6,44484.2,44348.9,42473.4,42288.2,45200.3,38502.5,44057,45430,42050.5,42931.6,39261.6,42495.9,42270,34825.9,40020.5,41585.1,46758.9,43349,41423.7,42601.8,43371.2,37186.4,41384.2,43090.2,39653.9,40965.9,42063.8,41068.2,41359.7,46569.6,42121.5,43202.8,41733.9,49063.2,51692.1,43865.8,48401.7,39835.6,46280.7,40840,40105,44284.6,44512.8,44755.6,46765.3,42200.4,39175.8,43237.4,38371.3,41999.9,43403.7,43583.4,40982.9,46655.6,37964,41720.5,40441.2,36123.7,36114.1,42856.3,49351.2,40311.5,47661.7,38769.6,43816.8,37080.6,46334.2,45183.2,36993.2,42143,39881.1,45995.9,36279.3,44477.9,41301.8,48400.4,46563.7,42726.2,44529.6,42248.7,47333.8,40766.5,42244.5,46414.5,41981.2,39195.5,45120.2,39453.8,44169.7,41746.3,43795.6,44063,40929.7,38204.7,38916.2,40544,43508.5,41115.6,43716.4,39680.7,39828.2,38100.1,41750.7,50780.8,49563.3,38449.6,49471.9,41838.8,41972.3,39453.1,47576.9,44185.7,41514.4,46037.6,44520.2,46360.7,38730.6,39897.2,45704.7,43630.3,40303.7,44706.8,43740.7,44241.1,44927.4,39251.5,40707.7,41615,43008,44052.2,42844.6,40722,42328.2,40392.8,42196.6,41138.9,44489.6,44008.9,40178.6,44905.8,39816,39593.7,40372.9,49026.3,39584.6,46699,43853.1,41785.2,38962.3,41259.6,39563.5,44803.6,45684.6,37035.1,43105,42592.8,41902.9,43203.3,43071.4,44080.5,40475.8,42741.3,40014.2,41367.1,36673.3,46218.6,41427.7,41239.6,44206,43810.5,40667.3,45682.2,44783.8,45845.7,37740.6,36385.6,48297.7,40407.1,46565.7,43073.8,42085.7,50627.2,45841.3,42000.8,42748.1,38914.1,42493.3,40993.9,46592.1,37394.7,39958.9,40925.6,42399.7,41639,44991.2,46560.9,39141.9,43954.7,44169.3,40524.7,42026.6,42468.5,43290.9,43336.3,39504.1,41673.6,42831.3,44507,44090.2,48158.1,42160.9,48233.6,43953.3,44437.4,42251.2,40042,41275.3,42630.8,41421.1,46025.4,41692.7,42267.4,39080.9,42711.9,39364.4,46951.4,41192.4,42078.2,41497.7,41619,46289.5,43044.3,39671,44504.8,39542.8,48491,44007.6,42856.6,44365.3,39850.7,45215.6,41342.5,44522.5,39221.5,37296.1,45063.3,36154.2,44897.1,44661.9,37071,42992.4,41961,47693.7,36394.5,39149.3,44625.1,41541,46044.1,40736.8,40075.4,37943.5,35638.4,40346,39867,41385.1,38324,40405.2,38622.2,39917.3,41780.8,45568.8,41734.1,42840.6,43511.9,39236,40099.4,43996.4,43434,40855.4,48442.2,48648.1,43298.9,45026.9,44944.3,44033.4,40712.3,44072.7,44542.1,40641.5,39034.1,41532.4,41900.5,39494.4,39246.3,51463.7,46090.1,37755.1,44347,36069.2,47573.6,43666.8,40817.5,42581.7,45422.8,39229.3,45851.6,45826.3,47501.6,37703.9,44555.7,47531.9,39407.7,37518.2,42331,39737.8,38421.3,40673.6,47058.2,40634.7,47505.6,42511,49033.3,45080.8,43237.5,40688,41561.9,40547.7,46285.8,42299.4,38125,43499.9,40549.7,44267,41825.8,41194.5,41455.4,40739,43984.1,39392.1,51367.4,40656.7,46095.4,41638.3,35160.7,42881.6,39697.9,46133.2,44103.8,39018.7,44358.8,41028,38006.4,44998.1,38590.9,47088,48935.5,47351.5,45292,44614.3,40109.7,36503.8,44257.4,46866.1,39454.7,42106,41923.3,41061.4,32994.1,46828.4,43122.9,42486.8,39642.8,44946.7,40420.5,36963.4,37671.5,44922.9,44679.2,39247.6,44042,43682.5,42828.4,40192,39616.9,37700.3,38651.5,44335.7,44896.8,45546.6,42065,38666.1,44162.1,41372,44830.1,44566.6,48594.7,42438.2,39905.2,43754.8,40525.1,50505.9,43499,45825.7,40765.8,46341.4,36770.8,47535,46924.8,40647.2,40106.4,43579.2,41286.3,43059.1,44792.2,43790.4,43752.6,40959.7,43258.1,39284.8,39725.7,40327.6,44831.7,41207.4,40802.9,44981.3,41898.5,38688.1,48800.9,41331.5,41024,39144.2,47134.7,45357,43457.6,46794,46035.6,40819.6,43192.1,37133.1,37837.6,38869.5,39250.9,45597.7,38757.6,38970.1,41103.4,44525,48096.2,42225.6,41749.7,43982.3,48816.8,39029.9,38322.1,45327.7,41536.2,43248.6,40878.5,42115.7,40970.8,43356.5,47167.2,48322.4,40343.2,41836,43267.6,46562.9,45584.2,44573.2,39779.4,31549.9,42062.3,41826.7,38476.8,42511.8,46484.7,39791.6,51881.1,45747.3,43672.8,43918.9,41590.8,41544.1,43571,41690.4,44955.4,45292.4,40614.3,40494,40431.1,41766.8,40860.4,39158,48582.9,45050.2,38203.2,43322.4,45279.7,36294.5,39559.3,45534.6,43523.7,39828.6,45270.3,41800.5,42213.8,45644.7,42920,43911.9,43351.1,42049,44214.7,50538.5,43420.8,43473.7,38172.7,45078.3,44978.5,42609.6,47158.8,42432.2,35165.7,45901.6,39908.7,38513.2,42229.5,44036.5,43152.5,46249.8,37843.9,51140.2,40765.4,40034.3,47316.8,34114.8,39370.6,42944.2,43923.3,39221.1,42710.2,36961.9,39321.3,37231.5,39430.3,41243.2,45608.1,39495.5,40480.1,37195.7,42677.9,41174.3,43470.8,43200.8,44358.8,40290.6,39099.6,46321.9,38754,40522,44426.7,41773.2,41950.9,39874,42285.5,36963.3,46048.5,42251.1,41676.7,44861.2,42268.3,45626.6,41410,42818.5,45582.4,37975.6,39284.2,41464.2,44591.2,40476.9,43683.9,32414.6,47647.7,41799.5,40149.3,43602.4,40152.7,45591.1,42143,39884.5,43935.1,40854.1,38607.2,38277.6,44252.7,45645,38032,46360.6,41327.1,41140.6,37116.7,37681.2,45419.6,43333.5,42399.7,39664.9,42237.3,43665.7,37752,38276.9,45027.7,39245,43028.4,37797.5,42661.2,40778.8,41918.8,43426.8,37943.5,41546.8,45618.7,48023.7,40982.4,42753.9,32583.9,37198.2,38391.7,38272.7,46054.3,42271.3,42353.7,41663.1,40775.7,44989.7,43493.3,39193.2,45923.6,43283.4,47825.9,39481.2,40844.2,40208.1,37422.3,45682.3,43115.2,41769,39966.4,41240.8,45122.3,45132.4,43215.2,38513.4,38507.1,39751.5,37445.5,39908.3,49343.8,44116.3,41010.6,38055.9,42767.3,37655.3,44084.4,38184.4,38950.3,45231.8,45096.5,40269.7,46263.1,43108.6,42012.1,42021.2,46377.7,44217.7,42954,35977.5,36408.6,47861.6,47137,38567.7,45024.9,35349.5,38036.1,38256.3,37961.8,45440.3,43459.1,44394.5,40582.4,40033,37180.7,40569.8,44564.1,39622.8,49966.7,43614.9,37598.8,42485.1,43890.4,44254.7,46743.2,43807.4,44327,41033.8,38271.3,39848.9,42402.9,45795.7,36474.1,43227,41920.6,45902.9,40918.9,38061.4,42510.1,45950.9,42238.8,43473.9,44117.8,36046.2,39528,40276.1,36401.1,39199.4,40893.8,44284.9,36961.6,40803,40252.4,38856.5,42128.7,49741.6,41110.5,51174.1,38630.2,38229.4,40648.7,33256.9,40178.2,39794.5,42963.9,38430.4,41444.1,42899.2,39914.8,43523.2,43643.1,43618.4,39697.1,48741.8,41202.8,40485.5,36800.3,48972.2,38813,43881.2,43115.3,44322,42612.8,44036.2,49231.1,42565.2,43204.3,41641.1,45528.3,42008.5,42550.8,39230.6,43766.6,42401.8,38817.3,39826.5,45862.1,46689.6,47165.8,35755.8,41020.9,39867.5,41102.8,49164.8,42050.7,44525.6,42278.1,46024.6,43194.6,39900.1,46321.5,37219.3,42900.9,41423.3,41931.2,48701.5,42444.4,42975.7,44401.5,41610.1,42626.1,42362,44514,40917.7,43972.3,48313.8,43621.2,40185.4,41251.2,43042.2,38847.4,40914.7,44672,44568,38644.5,45082.1,46431.8,43353,44598.9,34533.8,38243.8,45637,37674.6,44017.4,45941.4,40526.1,43064.9,42676.7,43972.7,42228.3,42830.4,42230.4,44020.6,43445.6,42092,38785.4,44316.9,48233.4,46020.3,45294.4,46918.7,37781.2,41334,41731.3,41033.9,41163.8,43754.3,41110.3,42474.6,40275.1,42888.5,38248.9,39582.9,44049.1,41741.8,42761.3,36842.1,40654.2,41520.4,43975.5,43869.9,40411.1,47909.2,42110.7,43771.1,45619,37835,45322.8,40864.3,43174.4,38310.5,42492.4,46692.7,44988,42030.5,43567.9,48920,48220.7,45365.3,38859.7,43051.4,39560.6,47818.4,40422.5,34613.6,40898.2,46625,42854.3,45556.8,37896.6,49845.2,47005.3,42868.6,40050.4,41216.7,44612.3,36742.4,46921.9,41456.1,45271.3,39797.5,42865.1,38905.6,39390.3,39744.6,47759.1,41067.2,45760.2,43689,37328.3,42392.8,42551.7,43871.4,45106.6,45903.5,44786.4,46788.6,38060.5,38677.8,45279.6,46941.7,37504,40401.6,33889.2,38936.2,38714.6,49058.3,42234.1,45284.4,41555.7,41994.1,38504,42316.4,43245.3,46165.9,41857.3,45492.6,38203.8,41494.6,45380.9,44359.7,40270.3,48074.4,48304.3,42658,41116.8,44483.7,42145.4,42718.3,40656.8,45184.4,46010.8,42013.3,43512.5,43862.2,40013.3,39370.8,45882.4,36339.4,42832.4,40605.3,38849.2,40899.5,38591.5,42173.3,38052.9,48097.3,46468.1,45154.3,43073.7,41797.5,44528.1,42346.9,42230.9,47449.5,38253.7,39478.6,43376.6,46948.2,47296.3,40565.3,39504.1,48486.7,42130.7,44409.3,41484.3,47759.3,42470.1,38566.6,40267,42562.7,40233.4,41736.4,44627.4,42464.6,40096.2,46448.3,43997.8,39363.2,37739.1,46082.7,42836.2,39103,40888,40952.9,43930.8,40289.1,40528.8,46924.4,42871.5,39912,40079.4,45887.2,40119,39047.8,47251.4,45167.6,39062.1,45620.3,44968.7,45526.1,44660.8,43874.7,41009,37445.6,47886.6,47690.6,46144.9,43600.6,50529.4,43462.2,41682.9,41872.5,43080.6,44323.1,42267.8,44960.6,42194.6,45480.4,38412.8,38776.5,38060,39670.7,41102.6,43886.5,34919.6,44124.9,44965.5,41907.7,42388.3,44413.5,42614.8,41066.4,44381.2,45753.3,42124.1,43457.2,45190.6,42677,37944.8,41839.4,39416.8,42081.2,48011.7,37957.3,45669.8,41053.2,40318,38579.8,44189,42725.9,41491.1,43676.6,47793,43012.3,41518.3,45382,40905.6,44713.2,41344.4,42439.4,42502.5,45538.9,39488.6,40147.4,41886.2,38792.9,40624.5,47063.9,51108.8,40835.4,41674.5,40373,39853.1,45055,39029,47652.6,45650.1,46363.6,46979.9,43378.6,40066.9,40774.2,47287.2,42504.5,41984.9,45365.7,45013.5,46594.6,45455.7,41596.4,43844,43529,37864.8,47755.2,42418.5,41561.6,36399.4,45061.3,46572.6,38583.1,47653.1,44484.6,44675.3,42582.8,46314.6,43313.3,40726.5,40232.1,41761.4,43020.5,40264.5,41552.4,38435.3,44185.6,43601.8,44920.6,43951.6,42361.8,48906.9,40273.5,39678.5,45436.4,42538.4,37624.2,45903.7,37534.1,40981.8,46947.8,46176.6,43909.8,37648,49021.7,40012,40904.9,37845.9,45540.2,40397.5,38501.9,41916.1,45920.5,36809,43612.5,43712.7,37141.5,46671.1,47829.8,39769.8,41973.9,42916.4,41448.7,42228.6,41281.2,41433.7,40253,42080.2,39233.4,42168.4,39064.3,46387.1,38709.3,42838.9,34947.9,40523.3,41543.5,37024.4,47402.5,43539.2,43138.3,37580,42256.9,40228.8,39490.7,42138.9,39452,41115.3,45698.9,41073.9,40748.4,46671.6,40614.3,40700.2,38299.9,38692,39043.9,44074,42286.3,43335.8,39742,42398.7,43980.4,40815.9,42725.8,45484.1,44800.1,45630.2,43043.3,40500.5,40738.4,42826.8,41275.1,45066.7,49194.4,48420.2,36771.3,44858.1,47468.2,41988.3,42667.9,48979.1,47520.8,34919.6,40943.4,43054.8,42213.1,41447.6,43099.1,39735.9,43439.6,43810.3,37428.1,38723.4,36508.5,44393.2,43159.4,47026.1,41567.7,44101.1,43037.3,51393.7,44409.5,43327.9,39634.6,42878.4,42316.5,44871.4,43541.4,38656.3,42825,37837.9,41656.3,40462.8,38094.6,45277.6,45323.8,44767.4,50293.8,45962.9,38774.3,43288.3,42151.3,40394.5,43208.7,41285.3,43508.6,39591,38856.1,45363.5,42789.6,44963.5,42035.2,38204.6,43096.5,46315.3,35761.8,41409.1,44116.5,39831.7,43505.6,47167.3,37292.7,38585.4,40674.3,41083,37982,40713.3,48082.5,43446.9,36178.7,41612.2,41663,39770.9,42986.9,42283.2,45269.7,43041.1,43122.9,37913.2,39633.6,40452.1,45362.3,40922.5,46174.4,43564.4,45386,42670.4,44739.6,44148.9,38250.2,42361.5,45811.3,43694,37384.7,42164.5,41154.5,41006.5,44542.6,42427,40607.8,40280.6,44651.4,44960.2,41846.6,44858.7,45052.6,40966.1,46118.1,41017.2,43103.8,46294.5,44591.1,44271.8,38838,39006,47011.9,35199.7,46826.3,39434.9,48551.7,45376.9,48706.9,41459.4,45611.3,42348.5,49613.7,46225.1,45072.6,47019.4,35255.2,42814.2,42002.1,40362.1,42663.3,38796.1,40043.5,50848.7,36251.2,44084.3,43220.3,42440,36564.7,42291.6,45153.7,44086.6,39902.1,44018.7,39772.6,44773.7,42767.5,42050,41199.4,42240.2,41992.5,40020.8,45866.9,36865.1,42875.8,38023.8,35659.1,42003.7,46168.2,47059.8,42944.5,36943,47563.3,40077.6,39546.2,47325.9,36743.7,44300,37149.1,39457.3,35886.8,44936.8,34180,36435.4,43819.7,35382.3,47983.4,36770.8,38640.7,41347.7,36591.7,41814.1,41803,44961.5,42801.7,38598,39542.5,42025.9,43999.7,42541.9,41308,39578.4,46931.7,46846.6,40116.4,37295,44178.9,37296.8,40139.4,36056.1,40150.7,39707.1,48492.3,39778.3,39547.7,41541.6,40706.8,41182.7,37288,45549,40939.6,43436.2,41184.2,46059.6,47987.6,42076.1,41340,40479.4,40917.5,45257.4,38611.8,39691.8,44128.1,41880.2,40946.9,41813.8,42866.9,37109,37326.7,44170.7,47127,38298.9,44850.9,43422.8,43789.1,41595.4,38075.6,38345.8,41694.2,35956.2,37585.8,41833.1,37458,40642,45260,38513.8,40045.3,40796.4,44541.8,39449,42001.2,41055.5,41641,42195,46546.3,37895,41497.4,42836.9,41264.6,45835.5,46020.2,48275.6,43591.8,38543.5,46124.8,43654.6,40818,44712.9,43326.2,38785.3,37893.8,39171.1,39324.5,44347.6,44055.7
2,9790.61
3,11547.7
4,9386.21,10286.1,6213.69,10349,12012.5,8994.22,11260.5,6680.26,10852.6
5,9825.91,13060.3,15835.9,15715.2,10191.4
6,14765.6,13466.8,9864.17,11716.6
7,7741.34
8,11420.6,9438.05,13701.6,9255.39,12560.1,12311,10846.8,7231.46,9233.22,9720.59,11081.1,14972.6,11257.7,12628.4,10524.1,10168.4,10081.8,7807.36,12957.6,15082.3,10845
9,13687.4,11449.6,10054.1,9159.4
10,8877.14,10473.4,10870.1
11,7170.64,8466.51,14613.7,10169.5
12,11252.2,11451.9
13,12418.5,11354.8,10637.7,8121.2,12077.7,11194.8,13754.5,14935.5,10148.2,10703.8,7255.41,12581.6,11440.5,12457.4,9008.57,10816.5,13948.4
14,48030.3
15,6093.75,9921.75,11591,11463.5
16,13495.3
17,9142.25
18,10562.2,13045.1,9381.42,10976.3,10936.3,12461.8,11436.4,10240.2,13038.6,8550.42,14719.2,14324.3,12329.5,13420,13540.5,13328.7,12122.6,10847.3,17894.6,10894.9,9876.48,7749,11551.4,14860.7,8139.49,11061.2,13841.3,12688,11663.1,12974.7,12935.7,11909.5,10470,12282.5,11013.5,11162.1,13055.8,12488.6,10643,12008.4,11590.8,8369.46,14008.6,12552.5,13591.3,13142.3,14231.9,12461.7,11326.7,11029.8,17494.6,10400.6,11474.6,8826.64,17599.8,11125.1,9324.4,12425.6,9166.57,13147.5,11088,11777.4,13711.7,10038.7,11185.7,14525.4,15019.3,11511.6,13684.5,9557.23,15145.8,8731.48,11825.7,15028.5,11630,13164.2,13176,11602.4,12938,14379,11156.7,14356,14557.1,9708.81,9477.33,15366,12378.1,14124,11695.5,11944.6,13983.4
19,8883.59,8541.82,11357.6,9676.61
20,11101.7,9685.13,10007.7
21,9769.3,9865.56,9243.47
22,10814.2,14502.7,10885.1,9774.63,10492.9,10263,9809.68,10669.4,12363,9909.36,10629.2,10834.4,8023.06,7515.92,6845.32,8155.51,13082.6,8783.02,9900.89,9092.65,11536.1,8065.24,11050.8
23,13729.8,10068.4,11584,7685.82
24,13075,9188.88,8185.36,8497.54,8769.41,6723.35,10655.7,6085.63,9634.35
25,10748.6,9605.96
26,5683.93,8239.85,12966.6,7029.83,8476.19,9935.41
27,7566.16,11580.3,9074.61,7852.49,11009.4,11995.9,18863.7
28,9225.88,8266.99
29,11817.8,11968.6,14342.9,9708.72,11255.3,13804.3,11719,12777.6,11083.8,11844.3,8957.07,12545.9,7830.58,13855.5,7030.54,12846.6,9112.96,10951.3,10018.9,9962.17,11628.5,9336.59,12006.4,11586.6,15745
30,9027.58,8851.45,11480.5,6640.81,9552.54,10330,7449.83
31,8911.98,10329.1,10056.5,12285.9,11572.2,6918.26
32,9028.27,11509.8,13756.3
33,9355.79,7476.73,8158.52
34,11999.2,8689.99,9535.8,10773.1
35,16171.7
36,12805.5
37,14874.9,14423.2,9168.19
38,9384.5,15215.2,10495,11516.1,9044.18
39,15741.1,15686.8,12608.5,9851.89,11150.9,11399.1,15592.7,13034.3,8000.1,12158.9,14229.4,10899.3,17594.7,9170.54,8908.87,11694.4,12096.9,10154.8,10098,9515.16,11375.7,9079.62,11517.8,10383.4,12521.3,12299.6,9580.1,17064.3,12703.2,11729.5,12553.5,9626.63,10100.6,8290.08
40,12134.2
41,8043.22,10521,9118.84,12029.7
42,7466.01
43,8216.24
44,7990.15,4266.58,11001.9,10187.1,9042.89,12434,8330.36,11049,10584.7,11992.6,11107.3,15152.1,10890.3,10260,9676.05,11721.6,11437,8952.14,12189.6,9838.32,10211.8
45,8601.1,10084.1
46,15467.8,11291.8,7855.22,8618.97,9359.84,11253.9,6683.35,8226.26,8914.45
47,7697.84
48,14650,8852.09,8294.01,9946.19,7959.72,9838.22,10351.7
49,11343.9,10922.1,12890.1,6711.99,6170.18,9155.14,22582.3,8757.22,10762.5,12464.5,8790.2,10230.9,8815.6,9829.21
50,11248.4,5775.97
51,8115.72,12100.6,14075.2,12046.7,9915.66
52,8977.28,9012.27,11257.8,17613.7,12980.1,13447.4,11482.9,11819.5,17179.6,21148.6,17889.1,11031.8,7439.35
53,8543.01,10328.1
54,7692.16,14928.3,7641.94,10296.2,7570.35,12387.3
55,8919.06,10131.8
56,12233.1,11134.2,12345.5,8975.26,9623.71,6653.61,9730.97,12638.9,10956.5,10511,13685.4,16500.4,10117.4,10277.8,12948.6
57,8295.95,12834.6,16822.5,9283.03,12064.7,12208.4,10981.7,12246.8,10072.2,8977.97,8850.8
58,6325.89,8955.39,10177.4
59,10201.4,9909.64
60,13212.5,10108.6,15338.1
61,8882.86,9344.28
62,9945.98,8290.08
63,8225.96,9627.03,8658.77
64,7046.43,8767.51,12394.2,10803.1
65,10130.5
66,9288.08,11172,16072.9
67,9854.45,18097.8,10700,13104.4,10993.3,7492.25,10258.1
68,14352.3,16469.4,14165.9
69,8253.17,10650.8,10534.5,9708.23,11036.4,8881.57,13638.9,7522.39,9220.49,7330.47
70,11635.7,9319.76
71,9658.82
72,9566.9,10224.8
73,12792.9,14987.5,11477.2,9402.41,11659,9870.2,15418.8,12607.6,6893.43,9489.77,10649.7,9225.65
74,17222.5
75,11159.2,12776.3,10030.9,9819.08,14271.6,13222.7,8322.54,12637
76,10114.6,12339.2,10723.9
77,9601.52,9100.88,11758,8530.74,11680.2,9142.88,15357.2,7787.29,14912.4,11439,8912.74
78,16300,19203.5,22412.3,12923.5,18597.6,11481,11214.5,18965.6,24197.7,17870.6,20655.1,20652.3,20451.4,21598.7,22196.9,20884.4,15244.1,11692.7,6197.83,16724.8,24139.6,13171.4,20992.9,19088.4,16309.2,19273.2,20973.9,11437.5
79,11236.8,7656.85,8596.87,10627.3,7031.64
80,18256.2
81,10093.5,10404.9,10565.6,8686.23,11126.2,9893.77,8158.58,11581.2,13872.8,10832,10506,13710.5,13536.2,9685.81,13897.4,8243.56
82,12876.8,11576.7
83,14886,17720.6,16358.7,15944.5
84,6819.63,13390.6,11414.3,10971.3,7442.49,8390.96,6596.55
85,13574,25270.2,33784.2,32585.8,29005.5,7846.06,14304.2
86,12135.8,13328.6,6738.87,16241.5,7688.85,13127.3,11593.5,10958.6,12616.8,10030,9055.93,11805.4,9769.88
87,8922.97,8394.05,6990.86,14987,13538.3,10541.9,8600.99
88,9393.67,8233.35,10505.9,9966.35,7393.53
89,11140.5,11778,10598.7,10399,10368.1,10562.7,7879.78
90,11130.6,12059.2,10742.4,9412.44,10357.2,8637.73,9730.71,14362.9,13718.9,10924.9,8772.24,11281.6,10960.6,15460.7,12359.7
91,8698.35
92,10842.9,11750.4,9432.72,12248.8,13587.6,11240.7,9217.19,7253.56,10646.3,10221.7,8866.51,12406,13141.1,10291.4,11872.7,12542.4,8530.97,9955.05,10004.6,12482.1,7668.08
93,9311.13,9268.77,12134.3,9049.99,6749.78,10021.2,9105.53,7383.62,6807.13,9796,11720.9,11517.3,9796.31,12540.5
94,16349.3,11785.2,9338.97
95,13446.8,7062.92,9640.79
96,11953.9
97,12064.8
98,11798.2,11856.9
99,12893.9,12055.5,10706.6,13902.4,8509.39,11534.6,11477.2,11620.5,8374.38,10113.5,8876.61,10311.5,13965,11558.1,8255.36,11456.4,11110.8
100,10816,8241.73
101,7951.88,10574.1,7653.87,9702.02,10090.8,12042.2,11363.2,6955.86,6392.69
102,10010.6,11167.9,10178.1
103,9594.11,10399,7937.27,8429.17,7695.73,10553.7,9373.69,7919.75,9565.66
104,8180.31,10769.2,18061.6,12436.8,7137.29,16629.9,9704.63,10641.6
105,9736.84
106,41056.6
107,24219.3
108,119984
109,9720.4
110,10449.1,12661.7,13604.4,9860.53,12765.4,11027.3,11734.4
111,19443.2,11017.5,10308.6,8426.42,11145.7,9046.48,9737.41,11282.8,11241.2,11321.9,10240.5,8852.85,11037.3,16349.5
112,9501.55,8718.2,10734.3,9152.31,10067.1,10592.8,9178.36,11984.3,9788.36,10409.2,10665.9,9530.63,8256.83,13488.3,9670.89,10884.4,7093.72,8474.83,10011.7,10806,9136.06,11236.5,10110.9,8538.82,9283.74,10370.3,9870.58,6388.36,8567.2,10830.4,11425
113,8401.93,9405.49,9421.56,10733,8765.61,9154.19,9433.51
114,9682.9,14063.5,13099.1,12751.3,8722.9,10365.9,10711,6706.04,10110.8,6613.11,9694.8,9950.55,12225.7,11916.9,11018.7,11166.9,10913.1,11923.9,9006.6,10656.9,13125.2,10810.5,13974.7,11086.7,12940.2,18899.9,11086.7,13331.4,14109,12757.1,10561.5,15694.8,15084.1,10632.1,13049.3,14799.9,8528.17,9992.53,12803.5,10909.2,8357.8,12320.8,6097.49,11437.7,10855.5
115,7780.81,9229.07,9869.06
116,10764.3,10386.7,7257.56,9725.65,11892.8,10648.8,15068.7,13801,12730.8,10961.8,7652.57,8487.4,13504.7,12116.3,9203.1,11825.7,12520.6,13225.4,16469.1,11753.9,15781,11474.6,13282.2,11814.4
117,7069.67,9435.95
118,11880.9,12460.3,14373.4,10470.1,12387,6854.89,10391.6,8485.5,10518.1,14621.5,13885,14797.8,10607.3,11968.6,10664.3,11331.5,11334.3,11331.1,12684.7,14785.1,10471.6,13196.1
119,15590.4,10300,14211.7,10321.6,16871.2,12154.9,11176.4,13514.8,10586.5,11198.3,14141.9,11509.9
120,10922.9,10878.7,11605.3
121,24661.9
122,9551.93,5940.36,6840.83,11987.8,9877.53,12295.9,9846.68,12009.3,8551.63,10302.1
123,12229.4,14100.6
124,12570.2,33964.9,28289.4,38982.6,32195.9,25030
125,9704.13,8374.08
126,7843.03
127,12805
128,15903.2,9291.92,12624.5,9026.1
129,13006,12118,11859.2,7585.98,15028.1,11241,9333.08,9487.23,8825.12,14997.7,10795.9,11498.7,16476.5,8653.84,8189.56,10199.4,16176.9,11245.4,8444.23
130,7829.26,8784.41,9946.44,9934.58
131,9797.71,11041.5,11339.5,8342.28,8097.61,11723.7,9758.15,9944.71,7992.93,9414.58,10079.9,8919.69,11440.8
132,12744.3,8139.22,13327.5,8353.21,12253.3,11018.4,8994.06
133,7818.35,11231.4,9044.89
134,9678.52,10058
135,10094.1
136,11971.9,10268.8,11823.4,11048.3,7058.76,8584.39,12240.8,10364.6,11082.8,10409.5,9010.91,7323.51
137,11801.1,11446.1,9158.08,11160.1
138,11648.2,10014.4,9040.77,9969.18
139,8202.25
140,8289.55
141,8522.23
142,8640.29,10871.5,13191.7,10254.3
143,9957.4,10356.6,8674.37
144,9788.57,10135.5,8657.52,9649.06,11834.5,7309.18,9940.21
145,11579.4
146,8611.07,8981.01,11035.8,10000
147,12808.4,13893.2,10615.1,12484.9
148,10641.3,9916.05
