1,6471.58,6464.17,6469.15,6455.64,6474.8,6458.94,6472.5,6476.83,6467.47,6461.26,6492.68,6467.15,6470.54,6471.68,6484.22,6476.33,6471.5,6457.01,6475.48,6478.58,6489.26,6484.64,6484.3,6461.27,6473.77,6472.32,6465.17,6473.55,6468.02,6478.09,6458.15,6467.9,6472.19,6473.96,6474.11,6484.2,6470.54,6460.29,6464.78,6476.46,6472.38,6479.33,6465.1,6468.79,6474.62,6474.34,6489.76,6483.97,6477.06,6493.71,6471.45,6475.65,6464.21,6478.57,6480.8,6461.91,6458.33,6470.9,6463.12,6465.26,6474.28,6479.9,6483.99,6473.9,6469.43,6482.99,6465.91,6486.37,6471.45,6477,6479.76,6474.23,6470.75,6465.78,6453.13,6479.5,6479.09,6467.19,6459.01,6463.66,6466.43,6474.57,6481.15,6473.41,6477.44,6498.02,6454.38,6477.76,6484.33,6471.81,6450.97,6479.92,6473.19,6488.59,6461.91,6458.82,6468.87,6470.75,6472.16,6479.48,6465.49,6465.22,6475.39,6470.25,6480.83,6478.62,6471.41,6477.24,6482.48,6463.02,6462.47,6473.86,6472.68,6478.95,6478.7,6482.34,6468.15,6462.55,6465.26,6468.61,6476.33,6473.91,6471.16,6489.24,6454.75,6481.45,6457.48,6485.07,6483.99,6476.14,6483.45,6475.1,6485.88,6470.95,6469.97,6468.4,6486.28,6467.81,6469.4,6475.18,6468.52,6473.88,6471.55,6446.82,6468.73,6465.26,6473.98,6472.81,6458.36,6458.22,6468.97,6475.16,6457.22,6480.21,6472.97,6485.62,6500.02,6477.2,6465.26,6475.81,6468.7,6474.95,6483.52,6477.81,6475.49,6474.86,6474.41,6484.61,6480.79,6467.86,6468.43,6455.71,6502.08,6459.26,6468.74,6486.64,6473.18,6470.34,6468.32,6460.28,6473.87,6487.29,6464.11,6478.27,6488.37,6482.28,6469.18,6463.23,6465.37,6485.3,6479.57,6476.56,6456.96,6470.73,6462.07,6473.49,6474.56,6466.96,6481.42,6453.09,6460.73,6472.23,6461.07,6472.5,6453.38,6480,6461.06,6448.43,6460.73,6472.42,6469.68,6485.32,6456.45,6478.51,6475.47,6477.33,6469.07,6471.17,6445.68,6475.85,6468.64,6469.33,6476.5,6491.3,6482.83,6454.64,6479.06,6463.26,6478.18,6468.98,6465.99,6476.15,6451.3,6469.66,6457.54,6474.52,6464.46,6464.69,6473.96,6464.62,6464.12,6460.44,6472.39,6463.77,6474.81,6475.36,6478.05,6463.01,6483.77,6481.76,6472.19,6480.17,6487.35,6464.33,6480.28,6454.16,6478.41,6467.41,6461.17,6483.13,6479.18,6465.35,6470.45,6470.01,6483.76,6467.63,6470.11,6476.38,6460.8,6470.42,6483.36,6453.3,6475.69,6472.78,6485.56,6463.01,6470.29,6463.34,6459.02,6484.6,6471.77,6473.75,6477.46,6453.37,6466.66,6465.41,6470.08,6462.39,6483.31,6476.86,6446.64,6467.75,6462.36,6456.79,6457.81,6495.17,6484.72,6474.65,6467.13,6486.23,6477.52,6483.02,6473.89,6472.02,6474.79,6465.1,6466.35,6458.82,6471.83,6471.01,6455.33,6477.52,6469.08,6482.18,6456.03,6472.65,6468.97,6458.89,6476.13,6465.94,6480.47,6473.7,6452.13,6464.02,6460.48,6471.3,6464.67,6462.73,6456.95,6464.07,6474.88,6457.48,6467.61,6487.89,6467.48,6483.62,6457.6,6463.96,6467.98,6461.11,6452.34,6476.15,6475.27,6466.89,6459.9,6475.05,6472.03,6459.5,6458.23,6461.54,6452.28,6468.11,6477.3,6462.98,6464.37,6481.35,6483.09,6465.16,6460.73,6477.92,6467.42,6473.45,6464.38,6456.06,6473.67,6477.56,6473.98,6463.81,6468.62,6477.95,6471.81,6467.6,6470.55,6477.21,6464.91,6483.23,6472.67,6476.06,6454.3,6469.26,6485.62,6461.5,6466.03,6465.17,6469.96,6462.61,6464.43,6454.16,6481.21,6474.71,6453.85,6465.28,6459.17,6450.78,6485.04,6458.18,6472.42,6484.86,6453.51,6475.96,6459.69,6470.84,6464.96,6463.32,6480.78,6468.72,6467.72,6474.17,6463.64,6469.48,6458.46,6481.53,6453.35,6464.33,6465.87,6458.97,6468.87,6466.72,6479.88,6467.1,6476.09,6467.97,6480.48,6480.18,6481.3,6476.24,6468.74,6449.66,6469.19,6462.74,6475.77,6451.15,6467.04,6465.85,6462.41,6454.81,6468.09,6451.99,6480.77,6467.03,6466.36,6460.5,6459.35,6461.52,6460.78,6453.7,6476.74,6456.44,6479.16,6466.41,6470,6468.47,6468.01,6461.65,6478.94,6444.74,6467.95,6463.3,6473.44,6452.53,6476.87,6465.34,6458.68,6464.52,6471.51,6450.71,6457.27,6460.37,6461.86,6462.71,6462.81,6482.88,6447.9,6458.46,6478.77,6448.46,6458.33,6461.95,6472.23,6480.36,6468.55,6461.03,6468.86,6456.16,6460.17,6440.96,6469.06,6463.02,6459.63,6460.59,6460.15,6458.54,6459.63,6457.84,6453.6,6471.5,6470.59,6467.97,6441.74,6465.25,6457.11,6461.02,6474.48,6450.54,6475.78,6484.78,6469.85,6451.04,6452.74,6476.61,6461.1,6468.89,6471.74,6451.39,6473.86,6464.47,6463.21,6458.51,6455.02,6470.34,6445.69,6465.43,6443.22,6472.3,6458.09,6453.84,6467.71,6470.66,6447.42,6463.42,6462.16,6455.8,6465.97,6473.46,6456.87,6449.62,6458.49,6471.16,6468,6471.1,6466.74,6462.85,6474.83,6473.85,6460.01,6476.45,6462.93,6460.23,6468.83,6459.12,6461.28,6452.11,6465.92,6462.94,6449.19,6454.44,6465.35,6457.21,6450.44,6463.2,6451.55,6461.81,6469.45,6471.28,6472.61,6471.61,6458.79,6431.66,6459.14,6442.44,6443.77,6458.72,6461.37,6455.65,6447.67,6481.08,6448.7,6462.2,6460.24,6459.7,6457.13,6451.52,6457.88,6448.44,6462.88,6446.49,6459.74,6462.47,6460.76,6467.42,6461.85,6450.86,6457.76,6454.1,6452.85,6462.64,6454.84,6453.06,6461.25,6443.8,6466.87,6461.6,6439.58,6464.1,6473.47,6451.55,6459.72,6458.99,6452.03,6449.12,6450.07,6457.08,6446.9,6470.26,6462.47,6485.68,6455.64,6450.52,6459.11,6474.73,6458.25,6463.16,6445.25,6459.33,6461.75,6452.02,6454.41,6453.56,6454.88,6443.75,6452.71,6462.61,6451.42,6458.68,6450.91,6474.66,6456.06,6469.73,6455.34,6471.68,6471.45,6463.53,6461.63,6454.1,6455.59,6462.02,6464.25,6459.41,6460.6,6456.89,6435.82,6466.29,6478.22,6458.94,6460.6,6480.51,6449.15,6453.91,6460.82,6451.25,6438.8,6465.11,6437.67,6452.78,6475.72,6469.15,6469.04,6448.11,6450.35,6460.2,6432.05,6468.29,6445.16,6461.05,6437.52,6462.65,6454.51,6446.28,6450.32,6469.52,6453.94,6453.28,6452.64,6439.09,6442.17,6460.08,6463.58,6456.46,6437.37,6455.75,6450.94,6451.8,6443.92,6456.86,6445.02,6464.16,6438.75,6451.68,6471.71,6460.97,6439.85,6469.85,6463.6,6485.25,6459.66,6449.64,6450.71,6454.15,6461.27,6442.22,6455.16,6455.52,6458.36,6462.18,6440.7,6453.33,6464.25,6456.95,6461.53,6460.4,6455.09,6459.81,6456.68,6464.51,6446.51,6469.18,6457.08,6464.03,6439.96,6453.31,6456.04,6466.27,6448.14,6455.31,6455.78,6450.39,6453.55,6458.33,6442.14,6450.47,6470.2,6468.64,6442.5,6440.79,6452.52,6442.08,6460.12,6464.28,6457.23,6461.2,6454.74,6444.35,6456.19,6459.97,6459.95,6451.92,6455.45,6458.3,6454.48,6458.79,6468.8,6456.58,6465.25,6449.86,6454.36,6468.43,6470.19,6475.81,6459.22,6458.77,6448.74,6452.48,6453.92,6448.28,6456.74,6453.64,6454.59,6442.72,6446.97,6459.19,6461.72,6472.26,6473.38,6449.92,6467.46,6460.24,6470.84,6470.85,6439.67,6438.75,6443.59,6443.52,6453.61,6444.19,6446.25,6468.24,6459.96,6458.35,6453.03,6443.94,6461.54,6455.92,6438.73,6469.42,6470.68,6445.76,6441.38,6456.27,6447.47,6435.22,6454.86,6460.71,6462.22,6445.19,6446.6,6455.22,6458.07,6446.5,6441.34,6442.69,6447.84,6440.54,6452.52,6451.52,6441.99,6462.83,6460.59,6430.12,6455.67,6443.05,6464.17,6463.24,6452.96,6453.06,6439.65,6463.57,6458.5,6459.92,6449.99,6457.7,6438.87,6464.97,6452.7,6445.32,6449.49,6448.82,6439.71,6439.09,6456.04,6447.25,6468.6,6456.39,6470.74,6456.57,6462.19,6454.05,6443.29,6442.7,6454.63,6448.36,6470.6,6477.44,6450.74,6443.55,6457.66,6441.18,6447.25,6430.94,6468.21,6449.79,6446.21,6460.86,6447.89,6451.73,6449.45,6453.38,6438.36,6462.02,6444.67,6466.57,6457.02,6459.36,6439.92,6437.61,6465.9,6450.03,6481.5,6458.34,6438.02,6462.47,6455.62,6471.72,6436.57,6456.21,6457.12,6462.4,6447.28,6452.39,6460.26,6466.05,6466.64,6426.83,6456.59,6458.75,6439.19,6437.87,6462.83,6460.7,6449.72,6466.23,6453.91,6449.38,6436.97,6450.79,6447.47,6453.04,6460.67,6468.52,6459.79,6445.23,6474.58,6443.49,6439.98,6447.44,6461.32,6453.75,6442.96,6452.24,6471.99,6462.23,6440.76,6455.19,6458.63,6446.34,6443.02,6458.62,6461.13,6462.59,6460.82,6459.08,6463.94,6467.38,6455.41,6445.75,6459.17,6440.24,6447.36,6455.65,6442.79,6470.23,6453.92,6462.28,6449.62,6449.65,6450.38,6445.72,6438.46,6465.83,6447.58,6454.73,6452.55,6456.57,6469.51,6452.63,6455.53,6460.11,6446.67,6459.25,6455.52,6451.53,6438.72,6436.65,6447.62,6474.86,6448.6,6435.04,6450.87,6446.02,6475.94,6470.67,6446.9,6444.85,6454.6,6465.02,6464.67,6464.04,6449.76,6447.25,6449.06,6456.13,6466.1,6438.47,6450.13,6457.71,6458.21,6465.46,6452.84,6446.94,6462.93,6447.63,6453.72,6442.07,6450.87,6475.5,6452.98,6465.71,6440.97,6447.4,6458.9,6455.06,6447.38,6440.24,6461.75,6450.75,6458.59,6442.33,6452.01,6458.32,6455.56,6466.07,6446.28,6468.35,6443.81,6445.25,6455.46,6460.4,6446.38,6451.83,6462.74,6449.88,6447.98,6445.92,6448.76,6431.11,6431.95,6449.95,6433.23,6443.54,6453.46,6441.83,6458.48,6448.85,6432.95,6449.18,6461.12,6450.64,6436.07,6445.56,6464.1,6457.55,6428.3,6467.49,6438.07,6451.29,6427.97,6445.86,6454.76,6455.45,6457.92,6441.87,6444.3,6458.81,6457.69,6433.8,6430.29,6456.54,6438.62,6448.83,6450,6445.59,6443.41,6437.87,6462.6,6465.29,6464.68,6451.25,6437.75,6439.08,6456.91,6456.64,6433.9,6440.63,6445.23,6441.98,6435.34,6438.84,6462.46,6450.95,6454.03,6435.28,6430.57,6451.81,6460.43,6435.08,6448.7,6445.89,6432.5,6452.54,6455.04,6450.62,6429.95,6434.36,6458.54,6454.16,6437.52,6465.49,6445.49,6443.76,6472,6457,6460.71,6435.89,6451.09,6462.28,6425.69,6443.59,6442.81,6436.1,6445.61,6446.67,6464.63,6439.26,6444.72,6454.65,6446.66,6435.16,6459.84,6451.17,6445.47,6460.42,6424.46,6458.97,6440.6,6450.19,6454.97,6445.85,6458.06,6451.68,6430.37,6428.28,6434.32,6445.1,6440.54,6456.43,6434.53,6452.78,6449.32,6442.41,6466.77,6459.99,6438.36,6438.06,6459.2,6448.62,6438.78,6444.36,6463.68,6448.92,6443.59,6439.78,6457.16,6431.42,6449.13,6447.61,6461.33,6437.8,6463.23,6457.53,6454.2,6436.13,6435.46,6455.41,6452.11,6459.36,6433.38,6454.78,6454.47,6444.69,6457.15,6452.66,6441.86,6449.9,6456.97,6450.09,6467.89,6439.74,6447.53,6452.07,6453.15,6432.66,6442.68,6446.12,6449.73,6440.58,6450.76,6436.83,6449.06,6433.32,6446.23,6457.57,6435.81,6444.43,6443.6,6455.8,6444.91,6448.08,6429.43,6436.21,6446.42,6446.61,6457.84,6447.8,6447,6469.26,6446.22,6442.09,6434.65,6452.15,6447.58,6442.1,6446.14,6451.39,6458.72,6466.2,6454.12,6444.19,6442.16,6439.46,6448.04,6447.11,6438.62,6447.52,6432.88,6456.45,6439.47,6450.07,6442.94,6444.4,6429.43,6444.2,6447,6430.81,6428.46,6432.96,6450.44,6437.1,6448.07,6442.57,6450.25,6442.81,6450.55,6457.96,6455.24,6424.52,6457.07,6472.8,6444.8,6431.58,6465.15,6421.64,6462.27,6460.96,6432.58,6450.97,6442.95,6466.89,6461.59,6450.97,6443.65,6457.45,6455.1,6439.17,6436.92,6445.82,6457.72,6440.86,6435.91,6438.52,6458.95,6438.24,6460.25,6454.19,6437.42,6427.11,6437.32,6461.33,6450.44,6443.03,6446.4,6458.43,6450.25,6459.06,6429.6,6435.86,6441.92,6438.41,6444.49,6441.61,6432.23,6460.54,6454.67,6462.9,6466.78,6451.5,6443.75,6453.09,6445.83,6455.52,6455.56,6444.91,6453.72,6460.17,6450.53,6452.47,6439.61,6462.02,6445.77,6412.16,6442.27,6443.18,6448.04,6453.81,6460.97,6448.3,6438.88,6432.87,6438.9,6429.91,6443.45,6447.34,6448.78,6464.94,6446,6451.03,6457.85,6448.66,6459.27,6441.9,6444.64,6442.5,6441.36,6456.16,6452.17,6432.35,6460.98,6440.03,6436.84,6443.4,6456.08,6459.54,6455.35,6472.69,6454.85,6442.39,6447.07,6458.44,6452.42,6439.93,6444.71,6463.74,6461.1,6438.58,6437.51,6453.06,6451.37,6438.19,6430.04,6423.22,6437.51,6451.04,6469.57,6444.17,6462.08,6460.98,6441.9,6446.5,6450.29,6460.27,6439.58,6456.35,6424.68,6442.86,6426.5,6438.43,6451.77,6451.18,6455.37,6463.66,6447.39,6449.97,6441.62,6432.8,6448.84,6433.68,6445.3,6457.35,6456.47,6452.28,6451.54,6448.74,6445.72,6448.64,6429.11,6471.34,6443.9,6455.44,6457.2,6465.92,6449.78,6436.31,6434.87,6454.52,6463.25,6459.94,6453.63,6432.57,6451.28,6442.93,6459.79,6429.2,6459.95,6456.47,6436.83,6446.21,6447.98,6453.73,6431.35,6428.55,6442.79,6428.08,6448.44,6451.84,6448.67,6458.33,6433.95,6448.8,6441.27,6455.21,6453.56,6465.48,6458.58,6452.26,6443.58,6452.13,6460.51,6439.11,6440.12,6453.47,6443.15,6437.09,6455.66,6443.36,6436.52,6432.41,6437.03,6442.36,6443.27,6438.59,6447.65,6453.7,6445.3,6457.21,6440.57,6454.24,6436.83,6450.17,6450.06,6451.65,6451.67,6452.21,6442.43,6448.4,6452.21,6436.4,6447.5,6435.27,6437.13,6443.49,6452.01,6430.47,6440.91,6441.77,6434.58,6431.02,6439.09,6446.86,6446.61,6431.55,6440.57,6446.72,6455.12,6442.55,6435.05,6452.27,6464.84,6436.78,6456.33,6465.19,6442.84,6424.38,6457.39,6445.89,6445.65,6445,6441.59,6435.44,6433.36,6443.12,6438.14,6450.85,6436.43,6445.51,6448.34,6422.18,6455.33,6455.33,6426.56,6442.2,6457.92,6445.88,6446.61,6445.37,6452.78,6441.54,6443.87,6459.24,6419.07,6442.81,6433.5,6460.41,6442.18,6450.58,6439.54,6431.87,6442.76,6436.14,6434.14,6442.6,6442.04,6453.42,6438.4,6447.98,6445.85,6456.05,6456.85,6452.8,6459.74,6450.31,6426.22,6449.95,6457.53,6416.75,6441.72,6440.04,6450.9,6439.49,6449.46,6462.48,6426.49,6437.16,6443.12,6440.77,6443.92,6435.88,6474.79,6468.46,6449.26,6446.4,6444.76,6438.32,6454.41,6422.86,6427.41,6438.96,6436.84,6443.01,6452.11,6451.66,6456.71,6449.66,6452.44,6431.28,6441.79,6441.08,6436.75,6439.53,6458.32,6425.74,6434.83,6453.48,6464.96,6435.34,6446.37,6459.09,6433.23,6453.26,6449.21,6453.14,6458.1,6427.77,6455.2,6455.04,6443.04,6444.73,6447.48,6450.7,6446.03,6447.57,6462.88,6432.45,6438.63,6439.59,6424.59,6450.47,6439.14,6446.3,6433.11,6432.83,6437.86,6439.77,6443.46,6441.29,6457.82,6421.16,6435.02,6440.31,6428.01,6445.14,6451.4,6448.83,6441.98,6442.05,6453.15,6442.45,6430.58,6448.01,6439.85,6468.17,6436.87,6440.36,6444.86,6448.83,6425.22,6436.52,6438.88,6465.65,6444.71,6443.57,6459.19,6480.93,6430.06,6425.2,6455.16,6439.89,6461.51,6437.76,6430.52,6434.99,6429.87,6460.16,6451.13,6429.66,6444.87,6438.59,6460.61,6453.7,6435.03,6453.81,6457.14,6454.45,6448.68,6438.2,6445.93,6453.76,6431.81,6436.94,6464.35,6441.93,6443.07,6451.71,6446.59,6454.94,6460.16,6443.84,6442.32,6436.73,6449.47,6467.96,6441.5,6442.93,6437.41,6450.49,6458.76,6449.2,6453.99,6455.14,6454.65,6471.84,6433.54,6444.41,6453.59,6446.64,6444.82,6464.57,6433.77,6456.37,6435.04,6453.13,6443.17,6447.2,6449.11,6448.59,6455.11,6452.85,6441.13,6446.63,6462.39,6437.56,6433.82,6435.91,6441.07,6435.13,6445.5,6438.86,6471.84,6438.96,6447.98,6458.78,6450.19,6446.48,6436.42,6444.27,6441.28,6450.38,6438.06,6448.68,6448.84,6447.4,6443.8,6440.65,6462.44,6462.64,6444.12,6433.39,6445.71,6429.47,6466.3,6430,6444.19,6464.04,6448.37,6455.47,6425.19,6448.15,6439.5,6436.6,6445.67,6462.58,6434.4,6445.21,6431.39,6443.99,6445.01,6446.12,6453.98,6431.77,6452.19,6430.17,6449.75,6445.33,6471.03,6453.96,6434.44,6452.74,6450.66,6456.71,6436.72,6436.39,6445.1,6436.28,6450.64,6450.71,6464.91,6440.3,6455.48,6446.51,6454.94,6448.53,6443.09,6451.17,6444.24,6451.05,6448.42,6451.46,6439.15,6433.45,6453.42,6448.15,6468.79,6428.07,6440.58,6460.33,6443.52,6460.96,6479.94,6449.21,6440.79,6447.15,6433.47,6463.96,6443.11,6445.93,6442.71,6445.28,6440.24,6455.74,6449.38,6463.69,6448.17,6451.85,6453.5,6457.7,6437.18,6445.46,6441.44,6446.6,6440.74,6452.84,6451.38,6475.74,6457.46,6444.27,6441,6459.06,6467.76,6434.55,6439.24,6448.12,6447.26,6447.88,6446.65,6444.82,6442.82,6463.69,6447.67,6445.04,6443.5,6428.45,6452.14,6450.44,6455.66,6439.75,6443.87,6466.47,6452.55,6441.02,6455.41,6452.51,6440.09,6442.79,6445.04,6430.45,6463.09,6478.9,6441.97,6442.18,6430.97,6444.48,6435.56,6461.48,6439.6,6464.58,6436.02,6441.35,6442.71,6457.29,6443.76,6454.22,6434.26,6451.35,6443.5,6463.17,6444.2,6464.18,6462.67,6464.51,6434.79,6445.6,6463.53,6432.69,6449.95,6470.59,6434.54,6442.86,6444.72,6439.67,6441.74,6454.53,6434.91,6445.99,6448.44,6439.7,6451.34,6436.63,6454.03,6447.98,6453.01,6463.4,6458.07,6459.75,6447.69,6432,6430.78,6455.59,6439.99,6462.05,6447.34,6451.19,6442.14,6451.01,6448.17,6464.58,6446.26,6444.53,6444.33,6451.48,6445.06,6441.42,6456.66,6459.56,6456.98,6450.72,6455.94,6467.44,6441.97,6434.05,6452.33,6424.37,6452.14,6454.56,6448.75,6440.39,6445.85,6452.17,6444.23,6431.55,6436.53,6448.62,6456.06,6430.92,6457.74,6449.38,6441.9,6452.13,6459.45,6436.64,6441.08,6458.57,6444.77,6450.17,6452.74,6425.95,6463.03,6440.78,6446.91,6447.65,6450.58,6439.33,6463.17,6448.85,6433.8,6457.54,6433.75,6437.91,6450.17,6450.97,6441.31,6441.58,6454.47,6441.53,6446.52,6439.69,6437.14,6426.23,6445.71,6446.59,6454.55,6418.33,6438.72,6440.2,6453.67,6445.58,6442.07,6447.19,6442.94,6455.4,6447.11,6459.36,6429.81,6446.22,6433.39,6447.11,6444.92,6434.48,6461.75,6447.24,6437.14,6434.06,6419.95,6439.54,6444.69,6452.5,6435.47,6437.21,6450.9,6440.7,6446.82,6435.72,6455.3,6421.92,6441.58,6466.72,6435.17,6459.76,6435.9,6451.06,6410.28,6447.02,6437.16,6432.31,6446.79,6434.24,6450.65,6420.01,6447.28,6451.94,6451.97,6448.68,6454.2,6432.46,6444.19,6450.6,6454.96,6450.81,6450.71,6458.82,6440.41,6434.39,6435.07,6459.55,6442.86,6450.42,6448.18,6434.36,6419.31,6444.23,6419.74,6435.38,6442.02,6440.04,6437.03,6464.94,6446.02,6435.78,6418.77,6449.19,6452.79,6445.59,6456.92,6434.55,6458.17,6443.84,6427.01,6457.23,6440.08,6424.59,6432.25,6428.21,6444.96,6438,6455.55,6431.41,6438.8,6422.05,6446.69,6447.75,6442.99,6451.96,6436.19,6434.3,6454.03,6438.99,6439.6,6441.67,6437.59,6445.66,6426.9,6429.71,6455.8,6443.13,6441.3,6438.38,6456.05,6427.79,6448.7,6443.05,6437.39,6432.67,6441.63,6453.62,6429.9,6451.91,6431.86,6454.22,6448.64,6428.46,6433.08,6437.01,6442.71,6435.31,6424.87,6440.18,6434.62,6423.3,6444.91,6432.73,6437.63,6437.03,6427.76,6431.47,6425.29,6440.46,6440.66,6425.62,6438.07,6438.06,6443.65,6441.64,6440.45,6428.52,6437.64,6434.44,6437.17,6441.48,6441.68,6428.37,6448.96,6432.79,6439.07,6428.3,6439.87,6427.67,6448.42,6423.3,6436.21,6436.36,6425.63,6427.51,6427.96,6436.37,6446.72,6431.14,6437.53,6437.16,6449.9,6430.05,6449.55,6418.32,6430.42,6444.33,6432.57,6443.18,6431.8,6440.46,6441.9,6438.9,6443.36,6441.69,6464.56,6446.48,6448.43,6456.81,6421.54,6439.62,6415.01,6428.72,6442.63,6461.04,6428.13,6446.41,6440.21,6445.72,6435.34,6438.21,6438.45,6432.63,6451.8,6437.87,6420.14,6442.42,6451.03,6443.29,6419.54,6425.21,6438.9,6436.98,6445.52,6448.45,6442.86,6450.72,6439.76,6452.3,6429.7,6438.62,6440.47,6432.95,6426.7,6449.1,6422.58,6425.95,6421.89,6430.07,6442.19,6442.89,6442.19,6437.22,6421.59,6433.28,6438.4,6445.48,6425.21,6443.35,6444.59,6439.07,6439.14,6426.54,6449.49,6441.75,6442.25,6437.41,6441.69,6438.85,6415.7,6440.41,6429.24,6436.45,6435.68,6446.18,6433.68,6422.16,6419.17,6438.59,6427.83,6444.45,6432.65,6443.81,6448.43,6424.19,6443.97,6440.49,6433.73,6430.1,6435.76,6433.64,6437.68,6433.68,6443.43,6433.84,6450.58,6441.04,6430.29,6432.5,6441.38,6422.41,6428.37,6429.25,6420.78,6423.83,6436.69,6440.98,6427.81,6442.3,6440.36,6412.29,6425.75,6452.58,6434.09,6427.26,6430.51,6442,6438.52,6432.46,6433.21,6432.62,6415.22,6422.86,6447.6,6428.31,6446.33,6427.63,6427.84,6431.53,6432.81,6449.1,6445.4,6446.84,6424.67,6431.75,6446.31,6448.81,6417.52,6425.27,6430.65,6439.03,6438.34,6430.88,6430.29,6452.48,6434.24,6442.93,6441.08,6440.33,6437.04,6427.27,6435.52,6424.04,6448.7,6427.03,6442.77,6424.59,6440.11,6437.71,6428.75,6434.14,6441.62,6436.55,6425.84,6437.48,6417.19,6429.65,6438.19,6449.83,6426.76,6445.64,6437.1,6434.92,6440.7,6418.61,6420.89,6434.83,6448.65,6437.71,6423.44,6413.77,6441.67,6453.05,6413.54,6426.04,6437.24,6435.82,6436.85,6429.45,6433.76,6436.06,6430.74,6421.01,6445.51,6433.53,6426.63,6428.85,6439.47,6432.69,6428.02,6446.93,6437.96,6444.22,6432.14,6436.39,6443.4,6429.4,6431.05,6433.41,6419.22,6432.04,6427.72,6429.27,6430.88,6436.13,6445.69,6439.66,6450.86,6436.33,6425.61,6442.18,6436.6,6433.42,6443.89,6438.82,6427.81,6462.18,6443.25,6446.98,6438.04,6439.04,6439.7,6439.46,6443.83,6448.33,6411.51,6441.67,6434.01,6435.41,6425.78,6437.33,6437.12,6448.83,6449.68,6418.32,6436.29,6445.86,6433.58,6423.19,6429,6432.02,6434.51,6420.63,6433.54,6438.86,6426.54,6418.9,6431.01,6440.47,6417.73,6451.34,6434.41,6427.02,6424.65,6437.47,6423.82,6436.4,6422.16,6434.67,6447.73,6442.65,6439.32,6438.64,6445.54,6439.67,6436.04,6440.6,6444.39,6430.3,6435.1,6444.58,6434.62,6445.97,6440.9,6425.26,6445.47,6447.6,6427.33,6426.66,6457.51,6437.06,6430.78,6422.84,6435.19,6423.59,6444.6,6441.11,6434.24,6424.03,6440.32,6432.92,6436.59,6436.98,6424.11,6453.14,6434.49,6437.37,6416.84,6416.58,6432.1,6425.73,6439.21,6442.48,6421.31,6438.71,6432.73,6429.55,6430.26,6425.19,6456.55,6438.39,6448.28,6430.88,6424.33,6440.52,6440.24,6440.5,6430.64,6440.71,6447.52,6419.58,6437.4,6438.28,6424.78,6433.54,6420.06,6454.19,6437.86,6451.82,6432.15,6449.39,6441.26,6432.16,6444.52,6438.5,6433.79,6449.66,6435.38,6453.58,6455.66,6437.9,6415.8,6439.3,6438.07,6423.77,6433.76,6447.28,6426.5,6444.51,6432.27,6435.08,6434.5,6436.05,6428.11,6442.1,6444.91,6415.29,6434.52,6434.31,6435.76,6424.89,6455.32,6455.92,6413.32,6436.23,6453.82,6436.72,6440.68,6428.22,6449.91,6432.93,6450.73,6452.81,6441.09,6429.37,6436.75,6445.32,6421.63,6466.75,6439.17,6451.26,6447.84,6425.07,6438.86,6430.84,6452.05,6436.32,6436.41,6446.26,6442.3,6422.72,6436.83,6448.55,6453.13,6425.06,6439.64,6445.16,6441.1,6435.67,6435.42,6429.67,6446.17,6442.89,6458.65,6441.26,6443.57,6429.07,6436.87,6447.84,6438.95,6440.93,6437.17,6443.17,6437.56,6436.38,6412.77,6426.98,6432.97,6433.26,6419.15,6442.11,6441.21,6428.7,6430.14,6450.82,6430.72,6430.14,6448.33,6441.87,6435.69,6421.49,6423.52,6441.52,6425.42,6432.51,6438.74,6468.06,6441.98,6451.95,6417.11,6457.62,6447.88,6447.1,6425.56,6434.35,6448.55,6415.5,6437.46,6439.06,6426.47,6434.87,6422.54,6417.74,6454.73,6439.49,6436.35,6424.78,6456.53,6424.62,6425.97,6415.24,6424.56,6439.53,6426.71,6436.72,6436.64,6416.24,6440.56,6418.81,6454.74,6450.45,6428.35,6450.14,6429.3,6427.2,6413.46,6426.05,6449.73,6437.52,6421.54,6428.18,6440.55,6432.96,6444.27,6454.77,6431.69,6451.23,6439.14,6429.11,6437.9,6461.16,6452.37,6450.42,6446.14,6426.46,6436.18,6445.76,6436.37,6427.49,6439.41,6433.29,6445.84,6452.24,6433.3,6446.23,6429.78,6446.55,6436.4,6437.83,6440.65,6447.47,6418.32,6425.53,6422.51,6425.39,6434.33,6441.74,6425.9,6432.52,6440.44,6422.68,6441.68,6441.37,6439.15,6437.8,6438.64,6435.3,6431.12,6429.79,6433.36,6434.09,6437.82,6427.16,6438.56,6437.76,6434.04,6438.2,6435.17,6434.42,6434.71,6434.63,6424.42,6431.73,6428.14,6449.5,6446.09,6429.84,6442.68,6430.9,6443.46,6426.79,6448.72,6429.64,6440.61,6414.12,6444.75,6427.73,6443.9,6439.89,6429.49,6450.14,6425.82,6435.88,6438.17,6442.07,6440.74,6422.05,6440.48,6430.09,6457.35,6427.27,6441.04,6422.54,6439.87,6440,6454.24,6423.92,6440.2,6436.11,6433.25,6439.74,6447.43,6428.13,6457.09,6443.78,6454.31,6432.99,6434.71,6446.61,6435.29,6431.02,6455.61,6428.95,6445.62,6423.41,6447.67,6460.2,6424.04,6438.25,6433.47,6442.06,6419.64,6452.76,6424.37,6419.99,6449.41,6429.44,6423.32,6434.78,6420.56,6435.65,6412.49,6446.78,6425.23,6436.19,6443.02,6433.34,6427.27,6451.24,6438.59,6435.25,6429.15,6443.47,6430.15,6442.06,6433.96,6430.31,6424.55,6432.98,6432.82,6436.95,6448.74,6446.24,6437.59,6430.58,6431.88,6424.68,6428.46,6434.03,6435.38,6432.67,6427.25,6449.74,6430.18,6429.91,6439.42,6443.05,6431.57,6440.78,6421.79,6442.67,6441.39,6453.43,6434.02,6451.76,6430.66,6436.62,6452.6,6428.56,6450,6415.16,6430.96,6424.03,6440.39,6439.83,6422.02,6427.67,6441.44,6447.18,6429.81,6426.59,6429.56,6448.89,6436.83,6426.22,6425.31,6428.37,6437.75,6424.54,6433.45,6439.66,6437.85,6454.9,6432.84,6418.69,6432.41,6446.55,6436.65,6417.44,6427.65,6448.81,6436.1,6434.79,6427.8,6425.5,6426.86,6450.85,6437.44,6449.66,6436.02,6457.84,6418.46,6434.36,6445.23,6424.54,6437.77,6441.33,6436.06,6445.41,6425.98,6428.34,6431.32,6435.07,6428.54,6436.08,6438.69,6431.94,6447.49,6433.67,6450.94,6422.36,6452.54,6412.88,6439.67,6430.77,6440.01,6438.99,6428.47,6442.05,6414.42,6443.97,6440.83,6433.36,6437.29,6429.85,6448.51,6417.4,6433.92,6421.13,6428.25,6427.4,6430.3,6448.58,6434.41,6432.49,6428.09,6422.48,6435.99,6434.52,6433.48,6454,6432.97,6430.73,6445.2,6428.02,6419.56,6454.11,6410.01,6433.86,6447.33,6427.19,6428.52,6420.53,6431.88,6440.38,6448.11,6433.35,6447,6435.29,6428.16,6415.11,6436.88,6437.67,6447.97,6445.16,6414.59,6421.33,6438.15,6421.28,6423.87,6433.54,6441.99,6438.89,6439.76,6443.35,6437.79,6422.88,6446.21,6426.56,6432.85,6436.99,6423.14,6427.07,6433.91,6449.66,6443.92,6412.51,6417.6,6439.14,6451.18,6441.62,6432.46,6455.9,6423.38,6431.84,6442.53,6435.19,6460.04,6434.72,6417.81,6408.14,6440.48,6456.98,6425.46,6436.31,6423.35,6430.11,6428.38,6445.96,6431.51,6434.11,6438.84,6431.27,6416.85,6432.2,6437.63,6426.36,6413.12,6418.19,6414.83,6437.54,6425.83,6412.4,6428.55,6418.33,6444.23,6424.72,6429.19,6426.03,6419.22,6453.91,6431.39,6421.39,6415.7,6421.09,6447.55,6456.28,6427.05,6435.08,6442.62,6410.08,6422.22,6430.96,6442.23,6431.33,6420.24,6420.6,6430.45,6437.89,6430.87,6432.05,6416.48,6435.74,6418.63,6427.75,6420.54,6440.47,6421.77,6437.14,6420.19,6432.39,6421.03,6418.69,6431.2,6427.3,6437.18,6412.85,6426.12,6427.01,6430.86,6428.84,6427.85,6437.22,6422.12,6453.45,6427.6,6430.06,6425.63,6443.52,6426.11,6428.23,6446.49,6414.49,6434.62,6434.86,6429.15,6442.86,6440.06,6424.68,6433.51,6424.92,6431.55,6435.5,6423.78,6424.38,6435.07,6406.68,6428.17,6428.89,6427.75,6432.69,6433.03,6421.4,6423.46,6432.48,6447.06,6420.12,6432.33,6429.52,6416.24,6441.72,6408.08,6425.68,6446.97,6438.85,6427.36,6440.09,6439.78,6421.61,6411.54,6425.24,6417.9,6435.93,6436.99,6421.11,6409.95,6427.17,6438.17,6426.29,6450.66,6424.04,6421.3,6433.22,6421.63,6427.18,6422.94,6423.48,6445.03,6410.57,6427.11,6423.63,6434.94,6422.79,6420.9,6422.23,6438.29,6431.41,6417.42,6436.46,6420.57,6419.66,6426.63,6440.22,6420.9,6411.07,6426.34,6430.46,6426.19,6425.52,6443.29,6423.7,6421.01,6413.41,6452.82,6445.21,6407.16,6428.07,6441.25,6409.52,6405.07,6428.97,6425.27,6420.6,6434.21,6433.97,6423.28,6410.35,6448.11,6425.33,6420.03,6422.24,6420.24,6416.66,6407.5,6430.06,6421.52,6424.48,6411.08,6416.75,6430.46,6425.19,6414.84,6427.77,6430.9,6430.97,6424.36,6424.01,6417.23,6433.69,6427.36,6422.56,6423.28,6428.58,6426.48,6421.81,6432.76,6419.17,6422.12,6439.39,6431.63,6450.97,6425.09,6414.15,6433.86,6417.45,6449.78,6437.51,6440.73,6416.61,6416.34,6437.37,6436.37,6442.34,6437.59,6410.94,6428.69,6413.94,6427.77,6414.31,6424.48,6429.9,6432.19,6418.51,6411.56,6408.26,6417.64,6428.98,6426.4,6430.93,6434.02,6423.54,6415.41,6419.68,6430.96,6425.95,6419.57,6437.23,6420.24,6444.49,6429.83,6431.21,6426.45,6416.8,6416.79,6428.18,6437.53,6428.75,6418.07,6429.73,6445.56,6454.02,6438.67,6426.17,6416.77,6435.42,6430.78,6409.28,6441.79,6430.87,6423.28,6412.29,6442.8,6432.66,6420.44,6419.97,6421.07,6415.25,6421.44,6410.2,6417.02,6428.24,6432.06,6437.29,6430.72,6422.67,6406.94,6413.61,6425.37,6413.85,6440.07,6429.02,6421,6435.16,6429.68,6427.28,6443.48,6431.75,6438.13,6434.71,6421.98,6447.15,6434.36,6433.85,6412.46,6439.21,6430.14,6430.29,6406.99,6433.78,6419.01,6436.99,6415.04,6408.57,6415.92,6424.32,6428.06,6419.22,6420.06,6416.11,6424.39,6434.48,6425.06,6430.27,6439.62,6405.84,6421.07,6417.16,6415.8,6424.31,6410.96,6407.81,6424.75,6415.31,6424.22,6417.62,6402.6,6441.22,6435.02,6434.81,6419.08,6415.83,6429.08,6434.7,6426.94,6410.3,6424.9,6421.38,6429.48,6407.14,6431.37,6437.91,6429.17,6429.03,6425.96,6438.26,6415.31,6419.82,6418.55,6438.01,6413.18,6429.09,6418.79,6443.94,6415.3,6421.71,6418.46,6425.14,6446.7,6416.53,6443.11,6422.48,6438.76,6433.75,6440.59,6425.8,6430.25,6430.01,6417.27,6419.86,6429.69,6433.08,6425.03,6428.31,6409.94,6433.42,6436.32,6426.71,6431.57,6426.96,6423.79,6433.99,6423.69,6417.86,6433.89,6419.69,6420.99,6430.23,6413.33,6431.6,6426.49,6433.47,6413.64,6408.72,6404.02,6409.92,6445.44,6433.1,6421.12,6437.4,6426.47,6411.82,6414.25,6441.2,6430.49,6427.65,6426.91,6436.94,6422.98,6415.98,6410.33,6434.68,6441.47,6413.25,6420.45,6439.39,6421.17,6435.25,6406.95,6434.54,6424.59,6416.85,6419.58,6405.32,6421.61,6415.29,6424.31,6415.89,6431.87,6429.01,6437.15,6431.55,6412.17,6425.56,6424.99,6429.26,6415.96,6421.53,6417.07,6400.72,6432.38,6426.18,6439.62,6432.55,6435.64,6421.85,6424.63,6425.07,6417.02,6435.1,6410.62,6418.26,6415.23,6426.63,6410.98,6422.01,6429.44,6420.87,6431.82,6430.88,6436.73,6437.59,6419.96,6442.72,6421.75,6434.86,6412.4,6413.29,6419.2,6440.59,6412.67,6432.49,6432.42,6418.62,6435.96,6432.55,6415.4,6410.48,6412.95,6433.53,6418.07,6442.73,6419.95,6418.89,6424.15,6386.58,6426.63,6411.83,6424.73,6417.55,6416.62,6424.87,6437.16,6429.29,6431.19,6404.71,6410.44,6422.85,6430.82,6430.16,6422.41,6430.13,6421.78,6425.14,6418.58,6413.46,6424.82,6413.9,6416.42,6420.03,6418.94,6416.02,6421.21,6428.81,6400.52,6428.99,6418.31,6429.9,6412.31,6425.99,6409.85,6439.55,6430.6,6409.1,6404.29,6422.42,6416.31,6420.58,6418.96,6419.72,6438.52,6406.93,6418.77,6392.17,6426.76,6402.17,6420.99,6413.59,6408.93,6424.45,6414.28,6426.89,6417.77,6420.9,6400.32,6408.12,6412.4,6418.18,6415.14,6431.87,6404.44,6424.39,6433.19,6427.48,6405.03,6402.33,6418.4,6423.55,6416.05,6418.12,6429.42,6421.07,6414.13,6430.08,6420.69,6412.54,6409.95,6400.63,6423.98,6413.81,6412.91,6411.07,6410.37,6419.01,6421.97,6411.86,6402.45,6413.76,6422.46,6395.49,6417.6,6417.11,6415.47,6420.63,6426.26,6411.99,6421.28,6417.42,6430.39,6433.84,6408.74,6412.26,6421.23,6437.77,6408.03,6409.79,6428.26,6425.62,6415.42,6419.18,6415.2,6421.39,6414.59,6406.95,6427.21,6407.64,6423.99,6417.91,6403.24,6419.14,6411.94,6400.69,6411.12,6425.77,6413.4,6429.01,6417.99,6404.46,6414.35,6420.03,6419.76,6422.95,6406.31,6405.38,6425.84,6426.13,6428.35,6405.5,6416.52,6417.36,6408.41,6411.18,6440.09,6416.53,6431.9,6427.86,6430.05,6411.15,6410.78,6410.38,6421.16,6414.6,6424.01,6400.82,6421.27,6425,6429.5,6432.44,6423.83,6434.05,6433.23,6407.05,6430.57,6427.63,6427.3,6413.96,6420.62,6431.46,6405.17,6416.16,6419.11,6431.34,6431.14,6437.02,6433.56,6430.54,6414.02,6446.43,6411.32,6423.9,6412.59,6418.03,6437.68,6413.29,6424.79,6428.98,6420.32,6434.14,6416.06,6436.12,6415.95,6435.35,6430.65,6408.09,6405.21,6417.3,6422.44,6401.34,6413.96,6408.31,6415.74,6438.9,6407.57,6424.33,6425.81,6412.69,6421.48,6434.22,6411.73,6419.55,6410.65,6412.97,6423.02,6408.78,6413.82,6417.63,6449.81,6431.31,6420.78,6437.67,6414.36,6409.98,6408.38,6410.18,6446.39,6438.1,6405.59,6413.84,6416.25,6411.61,6422.49,6411.24,6416.07,6414.15,6420.25,6418,6407.97,6431.33,6432.94,6416.79,6405.48,6425.36,6408.12,6432,6411.3,6428.79,6416.08,6413.63,6427.18,6430.7,6415.61,6435.76,6427.72,6413.55,6428.18,6441.28,6412.12,6419.99,6410.74,6447.36,6405.99,6421.38,6420.96,6425.77,6421.95,6420.06,6425.79,6416.15,6409.03,6404.25,6411.66,6433.03,6423.81,6425.73,6425.15,6425.82,6417.58,6434.77,6427.48,6418.36,6416.15,6424.7,6423.17,6428.81,6433.57,6436.79,6419.52,6409.82,6417.69,6419.49,6413.59,6416.02,6422.99,6421.53,6432.22,6421.23,6426.2,6412.7,6416.92,6408.64,6432.57,6427.7,6442.5,6398.75,6425.65,6418.55,6423.58,6418.42,6421.46,6407.1,6422.84,6419.82,6408.99,6408.27,6422.59,6420.18,6424.28,6433.62,6422.33,6408.96,6421.62,6424.87,6405.82,6422.93,6428.64,6428.14,6396.63,6410.55,6431.6,6424.99,6415.42,6423.69,6413.61,6430.5,6448.14,6426.92,6414.61,6418.39,6420.61,6411.26,6431.33,6437.27,6418.34,6408.27,6422.53,6413.91,6409.7,6423.4,6438.34,6405.64,6404.96,6428.5,6421.94,6428.57,6420.55,6425.82,6429.85,6410.08,6413.93,6424.45,6416.02,6418,6401.88,6423.6,6423.49,6438.05,6404.43,6426.86,6417.36,6412.38,6431.72,6441.98,6426.03,6415.77,6429.93,6422.01,6417.41,6407.02,6433.9,6419.51,6421.39,6432.12,6404.39,6393.12,6417.54,6425.87,6417.02,6419.56,6412.45,6425.76,6416.4,6422.27,6405.58,6431.37,6415.24,6409.67,6407.13,6422.03,6435.86,6412.66,6416.55,6420.72,6428.1,6417.82,6415.86,6413.18,6407.09,6424.43,6417.49,6401.51,6406.82,6420.63,6413.74,6413.73,6425.05,6416.42,6421.2,6414.73,6422.8,6410.31,6424,6420.22,6430.5,6424.19,6415.4,6412.74,6426.16,6419.5,6411.83,6412.62,6412.99,6398.7,6443.18,6400.99,6411.5,6422.18,6420.1,6422.98,6419.6,6422.61,6411.77,6407.11,6416.01,6417.77,6398.29,6407.74,6417.12,6415.75,6426.2,6426.85,6415.07,6417.42,6419.12,6405,6423.65,6417.13,6414.75,6424.37,6400.03,6419.44,6420.91,6416.5,6419.12,6406.88,6429.38,6412.53,6404.91,6425.12,6428.44,6417.22,6423.43,6414.74,6415.14,6400.35,6406.93,6405.43,6418.16,6418.18,6426.4,6429.47,6413.15,6420.63,6421.39,6427.61,6422.97,6405.3,6406.5,6417.27,6404.8,6410.41,6421.84,6414.17,6433.19,6424.65,6403.35,6418.57,6436.28,6409.63,6416.35,6427.94,6406.29,6425.72,6427.72,6402.12,6413.01,6428.7,6419.73,6427.95
2,35070.6,35064,35086.1,35190.4,35122.4,35068.6,35129.9,35147.7,35187.7,35180,35163.1,35113.2,35111.2,35145.8,35166.4,35135.4,35185,35149.1,35163.8,35137,35157.5,35187.8,35163.7,35123.3,35132.4,35138.5,35139,35129.9,35125.4,35124.6,35175.4,35130.8
3,23345.2,23336.2,23335.1,23287.4,23297.2,23292,23260.9,23325.9,23278.3,23262.7,23224.5,23268.1,23295.7,23233.3,23320.8,23266.7,23325.5,23276.5,23376.8,23243.5,23254.3,23216.8,23219,23190.5,23305.2,23289.6,23244.8,23260.8,23310,23270.6,23239.8,23225.7,23242.4,23230.9,23250.8,23287,23279.3,23276.9,23272.6,23285.5,23243.3,23290.6,23221.3,23299.1,23272.6,23306.7,23292.7,23276.9,23284.4,23313.4,23252.3,23264.9,23254.8,23317.1,23288.1,23332.6,23264.6,23224.2,23287.1,23273,23332.5,23287.2,23265.6,23331,23268.1,23235.8,23250.6,23271.2,23299.9,23236.9,23230.8,23249.3,23287.1,23287.1,23230.6,23311.6,23227.2,23231.2,23236.5,23216.7,23154.6,23286.5,23276.1,23271.1,23203.5
4,7829.88,7806.83,7814.78
5,23562.1
6,34353.2,34370,34371.9,34322.3
7,12051.5
8,36965.7,36902.5,36969.6,36944.7,36980.1,36960.1,36977.2,36957.8,36970.1,36961.5,36890.3,37047
9,25051.2,25007.1,25094.8,24995.7,25005.5,25067.8,25042.6,25050.1,25038.5,25046.4,25105.7,25132,24947,24942.9,25027.6,25014,25083.9,25055.4,25045.7,25074.3,25087.5,25050,25040.1,25045,25013.6,24992.7,24995.7,25103.2,25042.8,25097.6,25050.9,25048.5,25031.1,25070.1,25000.9,25075,25002.3,25039.3,25042.4,25054.2,25018.3,25022.2,25002.5,25043.9,25021.7,25054.2,25011.3,25000.8,25021.3,24992.4,25034.2,25010.1,25046.6,24951.3,25020.2,24963.7,25039.3,25007.5,25015.3,25030.1
10,37189.6,37261.9,37111,37225.2,37254.9,37165,37258.9,37174.4,37214.3,37234.9,37185.5,37218.1,37192.4,37247,37203.2,37199.2,37234,37288.2,37216.8,37255,37239.9
11,19614.3,19602.2,19628,19601.8,19577.5,19589.6,19601.8,19573.2,19505.5
12,30472.1,30478.5,30429.5,30477.6,30384.2
13,38223,38255.2,38247.2,38271.7,38253.5,38214.3,38255,38262,38278.1,38251.6,38266.1,38205.8,38190.1,38229.6,38224.4,38173.9,38252.2,38182.6,38185.5,38304.6,38249.1,38241.4,38213,38182.5,38258.9,38176.5,38210.5,38196.5,38260.8,38223.2,38224.3,38236.4,38192.6,38175,38157.4,38245.7,38140.8,38200.1,38218.4,38240.5,38231.3,38221.6,38258.4,38148.9,38202.9
14,3843.37,3767.75,3827.11,3820.73,3829.98
15,6678.3,6757.91
16,31306.9,31341.6,31377.7,31297.8,31310.1,31305.7,31330.9,31290.6,31352.8,31347,31339.8,31322.7,31361.1,31328.3,31349.6,31326,31350.3,31334.4,31349.4,31356.1,31351.3,31290.4,31336.8,31314.4,31367.1,31344.1,31361.2,31339,31361.4,31282.5,31333,31288.7,31317.8
17,13794.4
18,21695.7,21726,21666.5,21726.8,21671.4,21751.6,21676,21683.9,21720.9,21696.2,21757.8,21755.9,21705.4,21731.8,21715,21746.6,21774.4,21750.5,21761.9,21749.6,21751.7,21727,21672.2,21725.4,21700.3,21797.6,21689.3
19,19135,19133.6,19139.6,19151.4,19120.2,19162,19104.7,19127.9,19051.3,19086.4,19110.3,19085.3,19164.3,19143.5,19098.3,19116.4,19096.9,19097.3,19060.5,19122.9,19118.8,19132.3,19065.7,19114.7,19127.8,19078.6,19064.5,19133.5,19068.5,19142.9,19086.2,19143.7,19079.4,19136.4,19104.2,19091.1,19065.3,19105.3,19131.3,19018.7,19124.5,19091.7,19209.8,19118,19135.8,19076,19075,19135.3,19077.7,19142.3,19122.2,19077.2,19096.3,19141.7,19106.4,19119,19092.5,19176.3,19133.9,19091.1,19071.9,19139,19137.5,19076.4,19127.9,19099.9,19063.6,19121.4,19098.2,19137.4,19107.2,19114.5,19108.2,19160.7,19089,19135,19091.8,19094.8,19113.1,19121.2,19111.9,19106.9,19089,19100.7,19085.2,19067.8,19052.8,19124.8,19096,19091.5,19128.8,19121.4,19103.1,19096.8,19067.9,19113.1,19105.6,19097.7,19111.8,19074.9,19124.4,19121,19137.2,19115.1,19108,19082.4,19067.1,19150.6,19087.4,19101,19112.7,19091.8,19073.5,19084.5,19135.9,19140.8,19119.3,19147.4,19115.6
20,37204.9,37244.8,37305.5,37305.9,37305.4,37300.2,37292.3,37312.1,37376.9,37290.5,37259.4,37270.6,37290.4,37281.4,37292.4,37233.3,37279.1,37295.4,37263.8,37263.8,37314.2,37364.6,37344.4,37288.7,37259.3,37310.7,37284.3,37302.3,37298.9,37283.8,37179.7,37332,37292.3,37252.5,37281.6,37231.5,37340,37243.2,37296.2,37296.8,37256.1
21,8928.9,8946.41,8930.04,8904.68,8878.16,8917.91,8950.84,8947.3,8905.36,8898.9,8926.51,8884.22
22,23962.9,24003.8,24014.8,23995.9,24048.3,23977.1,23974.6
23,18789,18881.5,18922,18870,18897.9,18888.6,18914.7,18990,18866
24,18608.6,18585.2,18606.1,18638.9,18646.7,18651.5,18715.5,18639.1,18596.6
25,22273.6,22327.4,22315.1,22309.9,22284.5,22323.3,22339.3,22350.6,22283.7,22279.5,22242.8,22340.6,22268.1,22268.7,22198.3,22238.9,22278.5,22277.1,22292.3,22275.8,22270.3,22306.3,22256.8,22285.9,22251.4,22256.5,22243.4,22244.3,22238.7,22277.1,22278.3
26,19132.5,19127.3,19161,19099.3,19128.8,19109.1,19130.8,19164.6,19144.2,19125.6,19176.1,19119.4,19109.5,19108.5,19081.9,19146.6,19152.7,19136.1,19166.5,19125.1,19111.7,19116.7,19049.1,19023.5,19040.7,19068.1,19013.5,19030,19034.2,19042.2,18995.1,19039.9,19008.1,19011.8,19045.1,19073.2,19044.3,19015.1,19064.2,19039.3,19055.4,19010.1,19021.3,19010.5,19018.6,19000.2,19045.9,18997.6,19050.4,18995.3,19038.3,19019,19032.9,18988.1,19052.5,19047.2,19064.9,19042,19047.9,19060.4,19049.7,19078.6,19008,18999.6,19054.6,19052.4,19029.2,19064.8,19031,19046.8,19022.2,19038.8,19039.5,19018.6,19061.1,19007.2,19064.4,19033.7,19016.3,19010.3,19012.4,19019.6,19035.1,19102.7,19042.7,18989.1,19049.6,19071.1,19011.6,19067.3,19020.7,19066.2,19066.6,19000.1,19047.7,19023.6,19050.7,19017.6,19043.8,19041.7,19023.2,19036.9,19032.7,19034.4,19029,18987.1,19007.9,19012.2,19010.1,19056.6,19028.5,19052.3,19041.8,19004.9,19022.5,19039.1,19035,19038.1,18994.3,19033.2,19039.6,19000.6,19048.8,19050.8,19045.2,19021.8,19018.4,19006.2,19059.8,19048.5,19035.7,18995.9
27,10908.1,10958.1,10895.2,10877.6,10887.3,10867.2,10921
28,33665,33694.5,33728.4,33718.4,33761.8,33772.7,33750.8,33709.3,33687.5,33792.8,33633.1,33719.1,33688.8,33671.5,33656.3,33709.3,33776.6,33788.8,33777.8,33716.8,33704.1,33753.9,33726.9
29,39205,39233.2,39250,39243.2
30,36156.7,36150,36206.5,36100.4,36170.6,36234.1,36102.2,36131.4,36153.5,36184.1
31,16650.1,16674.6,16678.2,16685.8,16670.1,16673.7,16682.4,16638.6,16680,16641.6,16639.5,16649.9,16677.7,16627.8,16670.8,16600,16655.6,16708.2,16712.7,16690.7,16637.9,16669.1,16635.2,16677.8,16673,16731.3,16682,16677,16687.1,16630.9,16722.8,16638.9,16681.1,16707.9,16669.1,16670.2,16706.2,16734.6,16696.6,16634,16780.3,16735.2,16683,16663,16706.1,16687.9
32,36165,36119.2,36172.5,36134.8,36065.4,36081.7,36173,36096.8,36030.7,36123.5,36069,36038.8,36096.4,36028.7,36062.1,36124.9,36105.4,36197.1,36082.4,36078.7,36087.4,36162.1,36181,36068.8,36180.7,36035.4,36117.4,36086.7,36133.6,36056.9,36063,36082.4,36103.9,36115.4
33,26242,26216.4,26250.4,26236.2,26208.2,26215.7,26245.5,26238.9,26213.7,26235.3,26176.7,26213.2,26219.4,26121.9
34,27941.3,27992.7,27960.9,28028.8,28000.7,27904,27978.8,27924.8,28004,27992.1,27983,27962.6,27957.4,27988.4,27978.2,27991.7,27983.9,27995.3,27958.2,27966.4,27965.6,27947.3,28012.4,28025.5,27933.3,27999.8,27924.3,27959.5,27956.8,27972,27991.2,28034.5,27958.5,27965.6,27963.5,28023,27981.3,27987.7,27968.9
35,12442,12453.5,12458.3,12445.9
36,15354.8,15357.7,15367.6,15432.2,15354.8,15401,15403.1,15415.8,15448.3,15393.7,15410.5,15394.9,15415.6,15430.8,15390.8,15425.7,15444.2,15408.8,15377.5,15356,15453.9,15423.6,15415.8,15465,15333.3,15421.6,15453.3,15431.6,15420.6,15390,15435.6,15406.2,15433.6,15422.2,15457.1,15429.2,15451.2,15360.9,15476.3,15462.7,15389.2,15410.4,15452.1,15371.5,15459.5,15421.4,15427.4,15360.6,15409.4,15383.1,15344.6,15397.8,15406,15385.8,15404.6,15418.5,15381.8,15340.4,15383.3,15420,15407.2,15449.5,15374.8,15436.3,15419.8,15338.2,15400.8,15337.2,15419.5,15376.5,15369.2,15418.7,15372.9,15416.7
37,15267.8,15291.9,15284.6,15276.9,15260.2,15241.5,15282.8,15284.7,15324,15307.1,15269.1,15274.5,15275.6,15292.8,15355.7,15293.7,15291.1,15287.9,15295.4,15287.6,15311.5,15278.9,15262.4,15265.7,15271.5,15330.9,15314.8,15266.2,15331.8,15331.7,15286.7,15247.9,15329.5,15284.6,15308.8,15332.3,15292,15241.3,15249.8,15264.3,15347.7,15373.9,15282.9,15304.6,15248.3,15259.1,15294.3,15270.6,15262.3,15290.7
38,33847.3
39,16330.9
40,10005.6,9942.42,9976.38
41,17446.3,17409,17398.4,17415.1,17437.3,17407.7,17339.4,17449.5
42,12856.2,12912.2,12878.4,12933,12855.5,12977.9,12848.8,12960.7,13016.1,12894.3,12861,12877.5,12835.8,12924.1,12810.6,12851.7,12836.1,12820.2,12903.4,12868.6
43,30320.4
44,25184.5,25171.9,25180.8,25136.2,25200.8,25107.3,25157.3,25176.7,25141.5,25235.2,25178.6,25186.8
45,40173.7,40274
46,36536,36535.3,36521.1,36479.2,36533.1,36474.2,36513.1,36501,36509.8
47,35711,35581.6,35647.9,35569.4,35600.3,35668.3,35606,35646.1,35529.9,35687.2,35538.7,35667.9,35581.1,35582.5,35648.4,35670,35640.8,35579.3,35525.9,35601.1,35602.4,35581.5,35658.5,35642.6,35643.9,35628.1,35624.3,35642.9,35633.5,35639.5,35581.7,35552.2,35592.7,35651.4,35479.8,35540.3,35539.5,35609,35527.7
48,17228.5,17200.9,17263.2,17260,17255,17260.8,17245.5,17228.2,17230,17164.5,17275.5,17236.2,17184.6,17239.5,17219.1,17192.4,17259.2,17251.8,17139.4,17205.2,17178.3,17179.1,17197.5,17105.4,17166,17227.3,17187.8,17208.9,17195.1,17226.1,17230,17200.1,17207.1,17224.4,17223.9,17234.4,17207.4,17135.6,17217.8,17198.9,17131.4,17248.1,17115.1,17135.1,17212.3,17220.4,17222.6,17244.5,17145,17220.6,17144,17228,17236.6,17182.5,17208.2,17116.4,17187.7,17226.4,17130.2,17214.1,17137.7,17195.5,17160.3,17174.6,17180.2,17190.3,17130.7,17131.8,17128.3,17159,17274.2,17211.8,17122.8
49,39875.3,39893.6
50,26293.2
51,26710,26741.9,26706.5,26744.6
52,36796.1,36789.3,36809.4,36808.9,36798.7,36762.4,36781.2,36801.4,36746.2,36816.3,36792.5,36784.3,36763.8,36700.4,36778.1,36722.6,36716.3,36737.4
53,39518.3,39475.6,39475.8,39503.7,39507.3,39438.4,39472.1,39520.1
54,31687,31672.1,31720.2,31696.4,31747,31722.8,31625,31709.1,31680.3,31680.8,31665.3,31685.6
55,32229.6,32247.3,32277.2,32261.2,32254.1,32223.3,32172.5,32223.6
56,17436.5,17415.3,17429.8,17402.6,17394.4,17376.1,17402.5
57,33460.8
58,14041.2,14089.8,14011.5,14018.9,14055.8
59,6089.07
60,21379,21300.1,21411.3,21308.2,21281.6,21305.8,21321.7,21376
61,29293.8,29310.5,29339.3,29362.2,29396.5,29377.1,29340.3,29347.2,29330.8,29341.4,29418,29338,29340.4,29367.4,29336.4,29353.4,29336.3,29376.2,29278,29364.6,29354.8,29348.6,29324.9,29280.7
62,36192,36184.7,36128.1,36213.7,36202.3,36211.2,36229.3,36183.9,36168.9,36201.7,36173.3,36183.4,36163,36132.5,36215.4,36195.4,36141.1,36180.4,36232.3,36178.8,36149.6,36222.9,36229.8,36302,36257.6,36263.7,36232.9,36296.8,36270.5,36236.3,36254.3,36231.4,36280.9,36271.9,36257.9,36249.7,36195.2,36266.7,36266.6,36230.7,36264,36255.5,36162.5,36299.4,36268.7,36256,36248.5,36232.2,36286,36216.3
63,22286.7,22321.7,22314.8,22291.7,22321.4,22307.1,22303.2,22267.3,22295.4,22302.5,22306.2,22281.2,22305.9,22251.7,22244.8,22282.3,22321.3,22285.1,22245.8
64,24092.7,24133.1,24149.1,24130.4,24130,24152,24100.5,24112.6,24124.2,24108.9,24172,24137.8,24098.5,24143.2,24083.3,24128.8,24065.5,24129.6,24141.3,24146.6,24171.4,24147.2,24122.6,24116,24145.7,24105.7,24135.4,24157.2,24121.7
65,29205.7,29256.1
66,22865.7,22923.9,22883.3,22899,22906.4,22914.4,22986.2,22895.4,22881.8,22872,22912.4,22993.5,22872,22905.3,22921.3,23000.6,22920.1,22874.8,22931.3,22860.4,22844.8,22932.1,22906.9,22873.1,22859.4,22919.6,22917,22884.4,22875.7,22908.9,22964.4,22894.3,22883.2,22948.4,22874.7,22941.3,22852,22863.9,22819.1,22947.1,22918.2,22891.1,22849.5
67,32369.9,32343.8,32379.8,32381.2,32351.7,32383.8,32348.9,32399.3,32394.6,32391.3,32395.3,32382.6,32379.7,32416,32368.2,32366.9,32387.4
68,23421.2,23386.3,23361,23395.2,23352.7,23439.9,23363.9,23362.7,23352.4,23343.5,23294.7,23358.8,23355.3,23322.2,23332.4
69,32899.7,32891.2,32924.4,32974,32958.3,32883.9,32873.5,32936.1,32958.9,32953.5,32919.9,32904.6,32968.3,32938.8,32869.8,32946.5,32965.3,32965.7,32896.4,32916.4
70,15796,15772.6,15798.7,15709.3,15777.9,15736.6,15748.7,15784.3,15795,15809.2,15736.8,15735.6
71,27901.4,27954.9,27915,27928.6,27916.3,27910.1,27921.4,27916.3,27900.7,27901.3,27908.9,27892.8,27912.7,27907.5,27926.9,27868.6,27876,27890.1,27858.5,27891.7,27901.4,27870.6,27906.9,27883,27950.1,27880.6,27877.7,27874.8,27890.9,27872.5,27894.6,27899,27922.9,27944.1,27873.5,27907.2,27856.3,27876.1,27905.6,27878.2,27873.8,27948.2,27892.7,27868,27895.2,27897.3,27895.6,27933.8,27878.8,27916,27890.7,27875.8,27853.2
72,21752,21801.9,21783.2,21743.6,21796.3,21731.8,21766.1,21748,21725.2,21739.9,21713.1,21733,21758.6,21732.8,21764.1
73,39933.8,40034,39976.2
74,29858.4,29838.4,29801.3,29807.6,29865.7,29763.4,29736.8,29803.8,29869.5,29788.2,29811.7,29720.8,29795.5,29895.5,29762.6,29773.1,29762.2,29882,29818,29798,29876.3,29770.1,29767.2,29720.8,29828.1,29884.7,29715.2,29774.9,29732.4,29782.3,29850,29816.9,29823.1,29772.7,29809.2,29808.9,29784.5,29778.7,29794.3,29835.3,29802.1,29843.1,29771.1,29809.3,29822.8,29796.9,29804.5,29860.6,29771.3,29786.4,29782.1,29746.4,29841.9,29810.5,29751.2,29756.8,29721.1,29746.4,29808.8,29829,29792.5,29827.7,29767.6,29839.8,29779.9,29773.9,29827,29783.8,29752.6
75,24964.8
76,33820.3,33842,33817.2,33890.3,33842.9,33873,33875.9,33828,33840.5,33838.1,33831.4,33825.8,33805.2
77,26885.5,26879.7,26921.6,26872.8,26877.5,26920.2,26906.3,26957.5,26881.8,26958.3,26954.4,26878,26907.7,26907.1,26906.1,26938.3,26930,26920.8,26909.9,26995,26927,26928.6,26911.5,26975.3,26919.5,26909.7,26889.9,26888.3,26895.9,26963.5,26949.9,26862.5,26930,26921.7,26901.1,26939.2,26939.6,26973.6,26918.5,26908.6,26920.3,26918.6,26898.9,26926.4,26926.5,26912.5,26940.7,26906.3,26880.9,26940.1,26962.1,26920,26879.4,26965.9,26899.3
78,9645.92,9568.91,9567.51
79,33880.9,33902.5,33891,33874,33878.9,33864.1,33874.7,33840.7,33874.7,33843,33842.3,33850.9,33867.7,33871.7,33868.4,33883.5,33899.8,33903.5
80,18802.6,18854.2,18865.2,18838.7,18744.4,18823.4,18913.5,18846.6,18757,18842.2,18869.8
81,27092.6,27064.8,27056.3
82,33958.6,33934.2,33895.5,33917.8,33936.9,33889.3,33892.8
83,26339,26325.3,26362.5,26364.1,26250,26304.5,26309.8,26328.3,26285.9,26276.5,26321.1,26253.3,26267.9,26299.2,26287.7,26350.7,26327.3,26281.8,26301.4,26372.1,26295.5,26316.2,26318.4,26258.7,26304.1,26276.7,26342.9,26309.7,26317.6,26379.3,26277.9
84,40000.7,39976.7,40001.5
85,12227.5,12288.3,12233,12281,12213.9
86,38794,38843.3,38756.1
87,28558.6
88,25531.9,25540.1,25487,25460.8,25483.6,25456.5,25481.2,25456.8,25413.9,25409.3,25470,25429.9,25490,25394.3,25417.7,25464,25539.3,25412.3
89,28943.2,28912.7,28940.8
90,13922.9,13914,13902.6,13874.3,13926.5,13889.8
91,12063.9,12068,12037.8,12089.6,12120.9,12024.1,12094.7,12057.1,12116.4
92,18228,18145.6,18151.6,18105.8,18149.4,18122.8,18077.9,18167.3,18170.1,18164.4,18132,18158.7,18203,18160.8,18106.3,18167.3,18142.7,18116.8,18131.9,18172.9,18128.4,18151,18088.3,18087.6,18159.3,18089.4,18137.3,18172,18170.7,18083
93,20377.6
94,30770,30875.1,30868,30784.1,30817.9,30788.2,30718.8,30806.8,30776.2,30830.4,30756.8,30754.1,30727.5
95,37591.2,37599.2,37575.6,37578,37535,37651.8,37601.9,37597.5
96,38388.4,38359.5,38346.4,38371.7,38266.8,38284.3,38319.2,38364.3,38299.7,38363.1,38321.7,38301.2,38291.9,38260.5,38296.2,38317.8,38307.3,38289.8,38253.2,38275.4,38252,38324.5,38390.2,38381.5,38371.2,38424.7,38371.5,38391.6,38355.8,38356.5,38408,38387.1
97,31217.2,31217.9,31152.3,31249.2,31235.6,31228,31232.9,31233,31232.2,31203.3
98,27708,27701.7,27704.3,27717.1,27702.6,27724.8,27701.9,27670.7,27735.4,27727.8,27695.8,27684.4,27650.6,27664.3,27658.5,27675.8,27677.6,27712.3,27663.8,27650.7,27629,27719.4,27693.3,27675.6,27702.8,27675.8,27664.9,27682.1,27623.9,27626.4,27688.4,27705.6,27638,27726,27675.8,27689.8,27657.2,27689.1,27689.1,27722.2,27648.9,27697.3,27646.8,27678,27629.6,27687.9,27709.7,27700.4,27689.6,27678.4,27646.4,27643.4,27639.8,27629.1,27677.9,27714.6,27656.1,27679.6,27714.6,27675.3,27676.8,27687,27691.5,27708.8,27727.9,27636.8,27703.4,27685.2,27692.1,27707.9,27644.7,27707.2,27630.3,27671.4,27645.7
99,10590.1
100,34847.2,34740.3,34771.2,34815.5,34750.8,34842.6,34769.8
101,20776,20808.4,20768.9,20774.3,20734.5,20806.5,20848,20815.6,20802.4,20771.1,20830.5,20797.8,20772.9,20775.6,20785.6,20751.3,20803.7,20871.1,20824.8,20744.3,20796.2,20815.2,20751.3,20808.8,20799,20788.7,20797.9,20812.7,20830.7,20791.5,20765.4,20773.8,20789.5,20772.2,20806.3,20771.7,20765,20771.9,20840.2,20743.9,20812.9,20763.2,20752.7,20813.9,20763,20830.2,20717.9,20811.6,20798.9,20795.1,20806.9,20738.4,20746,20737.3,20768.2,20786.1,20795.6,20747.3,20850.2,20836.3,20790.9,20797.5,20798.4,20786,20727.5,20772.2,20751.4,20745,20777,20796.2,20769.8
102,7501.43
103,37451,37442,37476.4,37462.9,37438.2,37500.2,37492,37486.7,37525.3,37466.9,37522.6,37463.4,37443.1,37433.1,37472.1,37440.6,37469.7
104,37382.2,37494.8
105,21562.8
106,13925.8,13868.2,13903.1,13903.2,13874.4,13792,13893.1,13935.9,13859,13856.2,13927
107,3042.32,3121.68
108,17231.4,17193.7,17236,17261.6,17228.2,17274.6,17247.4,17224.5,17193.6,17190.1,17201.9,17175.2,17179.6,17139.6,17220.6,17216.1,17170.4,17235.1,17207,17215.6,17210.6,17207.6,17278.7,17173.2,17251.7,17199.4,17229,17215.8,17216.7,17247.9,17245.5,17234.6,17250.8,17207.3,17232.9,17192,17188.9,17203.9,17204.7
109,36434.3,36489.2,36483.1,36518.8,36500.5
110,33401.5,33446.1,33485.8,33440.4,33428.6,33482.3,33464.3,33446.1,33454,33427.8,33488.6,33489.3,33444.8,33453.8,33437.8,33511.4,33431.8,33457.5,33487.6,33439.9,33402.3,33485.7,33453.6
111,35993.9,36037.5,35936,35955.4,35937.9,35963.2
112,19236.4,19196.6,19225.4,19204.1,19209.2,19221.2,19240.6
113,34943.1,35004.4,34894.9,34868.8,34889.4
114,28198.8,28166,28192.3,28227.9,28163.7,28212.3,28233.4,28216.5,28135.6,28193.3,28232.7,28200.9,28214,28143.8,28206.5,28191.4,28219.5,28147.3,28213.6,28165.1,28204.3,28211.5,28189.8,28220.5,28208.4,28198.8,28192.8,28199.3,28236.4,28216.2,28196.7,28186.8,28172.1,28173.9,28121.4,28174
115,14929.3,14878.5,14887.1,14880.2,14925.4,14890.8,14886.2,14890.4
116,25669.5,25659.4,25647.9,25684.4,25634.2,25633.3,25640.4,25613.3,25647.7,25587.6,25639.7,25621.4,25669.5,25626.2,25642.2,25650,25603.8,25629.6,25665.8
117,39501.2,39504.1,39535.5,39591.6,39557.7,39514,39565,39529.1,39590.1,39485.2,39545.3,39519.5,39574.4,39612.1,39549.6,39564.3,39487.3
118,32767.3,32762.2,32772.2,32670.3,32710.9,32746.8,32728,32754.5,32711.1,32758.5,32728.2,32786,32685.2,32720.8,32748.2,32693.1,32761.4,32746.2,32734.5,32736.4,32734.4,32718.1,32698.4,32725.5,32728.8
119,21361,21409.3,21366.7,21336.2,21366.1,21389.5,21436.2,21356.6,21393.7,21394.6,21374.8,21335.6,21440.4,21408.4,21327.5,21395,21410.9,21373.1
120,4478.63,4568.48,4513.35,4494.16,4533.81,4444.93,4406.25,4464.84,4472.15,4458.58,4512.63,4456.2,4481.91
121,37468.3
122,6641.28,6685.6
123,11407.9,11450.1
124,32940,33034.5,32977.5,33033.5,33022.3,33048,33031.6,33064.1,33045,33020.4,33101.1
125,36961,36964.4,36949.4,36957,36924.4,36909,36953.9,36983.3,36915.4,36895.7,36957.9,36966.8,36917,36967.2
126,34420.2,34432.7,34458.8,34432.3,34480.2,34464.2,34419.9,34476.1
127,19074.5,19149.4,19206.3,19123.5,19083.5,19121.7,19085,19075.2,19124.5,19081.1,19086.3,19057.3,19073.8,19138,19215.6,19110.2,19138.2,19196.5,19135.4,18998.2,19118.3,19066.5,19149.8,19134.9,19141.3,19104.1,19187.5,19131.6,19076.3,19091.7,19084.3,19067.5,19120.8,19087.4,19126.1,19036.2,19108.5,19197.8,19056.3,19111.3,19182.7,19260.8,19297.1,19358.6,19375.5,19285.2,19402.8
128,33671.8,33721.6,33698.5,33672.7,33600.3,33686.4,33710.2,33661.1,33715.9,33683.6,33606.4,33666.8,33684.8,33707.5,33646.6
129,2216.61
130,14031.5,14012,14013.2,14144.9,14058.8,14043.5,14088.9,14072.5,14038.2,14043.5,14043.6
131,21228.8,21156.6,21229.8,21218.1,21179.4,21187.7,21255.2,21265.8,21232.4,21160.4,21216.9,21111.2,21184.8,21166.5,21218.3,21210.4,21171.3,21155.7,21190,21234.5,21170.8,21163.8,21154.5,21163.7,21145.3,21125.2,21143.3,21193.3,21147.6,21255.1,21183.7,21154.5,21170,21162.8,21197.6,21195.3,21161.9,21173.1,21264.6
132,25938.7,25962.5,25933.7,25952.7,25921.6,25949.9,25916.9,25949.5,25912.9,25924.7,25942.9,25816.8,25897.3,25925.4,25954.3,25912.6,25891.4,25926.2,25967.5,25916.9,25902,25930.1,25919.6,25941.3,25917.9,25933.9,25898.1,25943.2,25936.2,25965.9,25879.4,25934.8,25961.7,25942.2
133,12551.1,12518.1,12524.2,12579.4,12579.9,12515.3,12551.1,12497.3,12553.7,12558.2,12544.4,12489.1,12527.3,12569.8,12523.8,12457.7,12529.7,12550,12575.7,12511.4,12520.3,12511.7,12600.3,12589.8,12575.3,12516.3,12531.2,12517.2,12565.6,12477,12503.4,12530.2,12541.3,12469.6,12519.2,12588,12552.3,12539.9,12526.6,12550.3,12481.9,12512.8,12553.9,12594.8,12544.6,12549.1,12531.4,12504.8,12524.9,12583.8,12628.7,12510.3,12528,12615.2,12503.6,12508,12525.6,12559.5,12512.3,12510.9,12540.9,12501.3,12516.3,12524.5,12526.5,12495
134,31309.2,31257.8,31216.4,31302.5,31309,31325,31262.5,31337.8,31267.4,31230.3,31325.5,31277.9,31329.5,31332.2,31291.6,31238.4,31332.8,31256.5,31324.9,31301.2,31248.9,31285.4,31260.1,31335.9,31266.7,31282.2,31394.5,31249.7,31326.6,31280.8,31295.3,31264.9,31289.9,31248.6,31210.6,31194.7,31270.3,31262.1,31310.6,31237.5
135,37946.6,37861.3,37908.4,37934.3,37910.7,37881.9,37937.3,37905.7,37888.3,37945.1,37895.5,37905.1,37896.6,37904.2,37905.7,37903.5,37897.4,37852.5,37960.8,37897.8,37907.4,37880,37883.2,37898.2,37869.5,37930,37890.9,37875.5,37886.6,37846,37883.8,37945.9,37929.2,37968.4,37859.7,37828.8,37870.9,37824.9,37858.1,37946.8,37911.7,37840,37886.3,37851.5,37904.2,37946.9,37910.1,37885.5,37931,37933.1,37887.7,37922.4,37925.8,37850.5,37851.1,37894,37807,37884.2,37914.1,37919.8,37965.3,37946.9,37911.5,37880.9,37893.5,37891.8,37943,37945.9,37933.8,37854.1,37917.7,37863.7,37926.4,37863.2,37874.2,37943.5,37841.6,37872.9,37845,37948.3,37921.1,37899.8,37888.7,37878.1,37881.9,37915.9,37894.9,37900.1,37875.7,37895.2,37921.3,37897.4,37925.5
136,32575,32660,32663.1,32675.7,32682.9,32725.4,32762.5,32734.8
137,32720,32678.8,32668.7,32689.6,32686.6,32647.2
138,29308.7,29345.8
139,32703.5,32732.2,32713,32727.2,32737.4,32755.4,32753.4,32768.4
140,39642.3
141,7124.07,7099.34,7117.87,7083.69,7150.18
142,23615.1,23557.8,23575.5
143,36095.6,36138.1,36170.6,36070.6,36111.5
144,38261.4,38338,38272.5,38338.3,38336.7,38273.9,38292.8,38294.8,38314.6,38315,38329.3,38282.7,38310.1,38270.9,38292.9,38326.4,38311.2,38315.5,38368.1,38282.3,38316.4,38329.1,38232.5,38239.9,38383.6,38357.5,38335.3,38319.6,38335.7,38309.4,38328.7,38336.3,38276.9,38333.7,38330.9,38331.3,38256,38279,38355.1,38399.8,38287.4,38282.4,38274.5,38317.7,38203.4,38252.2,38356.2
145,26290.4,26348.5,26284.9,26335.5,26375.3,26284.7,26361.3,26296,26271.9
146,29950.4,29926.6,29957.1,29931.8,29942.7,29869.2,29914,29932
147,34106.1,34116.9
148,1978.81
149,14387.1,14435.2,14418.4,14374,14390.6,14443.5,14424.8,14427.6,14433.9,14412.7,14394.5,14387.7,14423,14420.4,14430.7,14442.6,14413.6,14417.5,14424,14437.1,14434.3,14422.3,14418.9,14405.2,14407.8,14405.5,14447.8,14385.1,14434,14430.4
150,11752.9
151,20406.1,20443.9,20383.4,20405.8,20447.8,20380.6,20486.9,20457.9,20451,20397.2,20403.5
152,24274.9,24261.7,24289.3,24270.9,24285.9,24244.5,24244.9,24238.7,24228.8,24287.2,24226.7,24252,24241.4,24247.3,24276.8,24254,24227,24263.7,24283.3,24260.1,24270.5,24206.7,24277.2,24220.7,24219.2,24281.8,24225.9,24333.6,24222.6,24216.1
153,22450.2,22540.6,22511.9,22437.8,22459.4,22532.9
154,10826.1,10875.3,10835.2,10874.6
155,11065.8,11056,11083.4,11026.2,11082.6,11034.5,11077.2,11032.6,11056.9,11033.5
156,22999.4
157,14522.2,14519.3
158,6431.61
159,29236.1,29271.6,29225.2,29233.6,29232.2,29245.6,29295.8,29245.1,29269.3,29246,29283.7,29259.9,29292.2
160,39336.1,39420.3,39392.3,39322.3,39339.2,39335.1,39295.9,39355.8,39363.9,39313.8,39355.6,39343.2,39324.4,39368.2,39358.8,39395.5,39363.1,39342.4,39315,39289,39248.6,39370.8,39305.3,39321.8,39245.6,39384.5,39325.4,39377.5,39331.1,39275.1,39340.7,39346,39334.6,39306.5,39293.6,39335.8,39330.3,39361,39359.9,39313.2,39359,39385.9,39362.7,39337.4,39355.6,39321.4,39341.2,39353.7,39316.2,39313,39331.3,39327.1,39270.8,39369.8,39370.4,39289.1,39327.8,39300.5,39330.9,39312.2,39298.1,39329.9,39225.4,39363.1,39323.9,39336.1,39243,39380.9,39336.7,39331.8,39340.6,39345,39409.9,39341.7,39298.5,39339.6,39337.8,39295,39346.5,39325,39379.7,39356.4,39332.7,39315.9,39361.2,39340,39359.2,39391.2,39306.3,39330.3,39358.9,39285.3,39327,39310.1,39333.9,39364.3,39295.7,39351.5,39329.5,39318.8,39358.7,39346.7,39303.1,39351.8,39323.2,39379.4,39334.5,39352,39318.9,39252.8,39370.3,39344.5,39305.1,39331.9,39278.6,39349.3,39284.2,39355.7,39428,39339.7,39300.7,39318.6,39327.6,39338.1,39396.7,39355.7,39336.8,39306.3,39333.5,39407.4,39337.1,39251.9,39301.5,39349.5,39269.2,39362.9,39355.8,39280.6,39315.7,39374.3,39356,39356.3,39362.9,39330.9,39333.1,39343.2,39297,39371.5,39335.9,39329,39310.7,39308.6,39315.2,39385.4,39340,39306.7,39352.8,39313.3,39283.9,39330.1,39320.8,39251.9
161,19940.1,19979.7,20025.6,19999.8,20023.6,20029.7,20061.9,20003.8,19968.1,20015,20036.1,19976.3,20047.3,20012.4,19980.1,20068.8,19995.3,20015.5,19964,20009.7,20000.9,19986.4,20000.5,19995.6,20016.6,19991.5,20022.6,19972.3,19935.1,20010.2,19991.2,19963.5,20003.5,19977.4,20025.4,20026,20067.9,20056.7,20022,20029.1,19995.7,19990.3,20025.4,19976.4,20026.5,20043.7,20042.3
162,29811.5,29809.2,29920.9
163,24876.8,24917,24856.5,24938.8,24886.6,24917.5,24923.5
164,21599.9,21635.2,21673,21614,21617.2,21617.2,21595.5,21606.7,21612.7,21615.5,21584.1,21625.7,21609.9,21620.3,21615.9,21602.9,21673.5,21623.3,21594.9,21602.2,21650,21589.3,21611.8,21571.4,21637.7,21705.8,21638.4,21586.9,21657.6,21619.4,21629.8
165,19484.7,19505.9,19549.2,19509.4,19526.3,19505.8,19517.6,19519.7,19575.1
166,34559.6,34527.2,34587.5,34584.9,34646.2,34554.7
167,38018.3,37993.6,37994.6,38011.2,38010.1,38005.5,37985.5,37987,38023.3
168,27100.1,27087.8,27101.2,27098.7,27045.2,27085.3,27087.3,27076.4,27075.2,27073.2,27083.4,27079.9,27088.2,27088.5,27083.9,27079.2,27071.1,27062.7,27047.3,27060.4,27066.5,27112.7,27076.6,27070.6,27073.8,27070.6,27094.8,27068.9,27057.5,27079.5
169,29907.1,29914.8,29871.3,29933.9,29981.2,29891.7,29931.1,29970.4,29917.8,29928.7,29911.4
170,36773.2,36861.7,36768.2,36809.2,36796.2,36815,36733.3,36843.2,36815.4,36804.9
171,20161.1,20158.6,20180.5,20129.6,20203,20073.8,20160.4,20108.7,20163,20175.4,20156.3,20145.6,20135.4,20141.8,20157.5,20172.8,20144.4,20144,20105.1
172,16652.4,16656.9,16625.8,16680,16657.1,16662.7,16675,16686.3,16663.7,16653.9,16657.3,16701.7,16620.3,16621.2,16660.3,16611.6,16679,16666.1,16654.3,16687.7,16668.1,16635.4,16660.3,16645.5,16660.8,16605.7,16668.9,16667.4,16650.1,16689,16661.2,16657.3,16630.7,16701.3,16674.4,16690.8,16617.9,16675.7,16628.6,16675.9,16678.8,16678.8,16641.1,16650,16644.4,16615.9,16680.9,16644.9,16686.6,16660.1,16676.3,16709,16663.1,16639.3,16747,16656.7,16705.6,16729,16725.3,16706.3,16693.8,16717,16685.4,16724.5,16722.2,16668.2,16660,16717.2,16668.9,16681.2,16633.4,16688.8,16689.4,16713,16639,16666.2,16696.1,16707.5,16671.8,16753.2,16711.7,16678.6,16699.8,16673.3,16693.7,16666.8,16685.2,16656.4,16673.5,16762.1
173,34307.8,34232.8,34264.2
174,25971.7,26005.6,26038.4,25982.2,25965.3,25973,25937.7,26065.3,25987.8,25993.8,25978.8,25958.4,25971,25997.4,25987.7,25983.7,26035.4,25991.5,26043.3,25950.2,25968.4,26026.6,25962.5,25982.2,25977.6,25951.9,25967.9,25945
175,38876.6,38821.5
176,36707.7,36729
177,33405.4,33381.5,33366.6,33370.8
178,38595.9,38581.5,38595.8,38571.4,38590.9,38620.9,38556.1,38544.6,38558.5,38542,38627.6,38609.1,38628.8,38596,38621.8,38597.1,38632.7,38626.1,38624.1,38607.6,38597.2,38593.2,38612.9
179,26821.6
180,27144.2
181,35172.9,35187.8,35175.4,35176.8,35185.9,35171.8,35169,35130.9
182,36856.8
183,21610.8,21615.2,21588.9,21624,21657.8,21622.8,21613.7,21611,21687.9,21667.4,21696.6,21626,21624.2
184,34397.6,34434.7,34379.8,34455.2,34498.1,34417.9,34397.7,34422.1,34414.6,34413,34429,34405,34373.9,34394.6,34399.1,34414.3,34385.2,34424.7,34376.5,34427.1,34430.6,34480.5,34386.8,34470.2,34450.1,34372.7,34446.2,34447.5,34426.4,34432.9,34430.9,34438.1,34434,34394.9,34400.3,34429,34356.5,34414.2,34430.5,34382.8,34382.4,34452,34413.5,34394.9,34427.5
185,9873.67,9804.64,9731.51,9785.45,9769.05
186,33126.5,33106.8,33154.9,33125.2,33161.1,33132.5,33131.1,33108.1,33139.7,33103.2,33129.5,33094.1,33148.8,33125.7,33112,33135.3
187,19526.9,19489.7,19557.1,19518.7,19538.5,19515.7,19479,19562.5,19555.8,19561.7,19477.4,19522.9,19547.9,19546.6,19573.3,19548.3,19506.8
188,38188,38163.7,38171.9,38192.9,38205.6,38210,38183.1,38172.7,38161.7,38165.6,38228
189,37773.6
190,27414.7,27406.9,27399.3,27394.8,27371.2,27396.9,27360.6,27402.9,27406.7,27432.6,27434.5,27364.4,27460.4,27431.3,27397.6,27413.4,27418.9,27419.2,27350.3,27471,27437.2,27451.7,27449.1,27418.2,27391.6,27446.8,27347.7,27425.2,27407.3,27461.8,27423.4,27393.8,27387.9,27349.8,27463,27376.6,27415,27402.6,27357.3
191,39631.6,39633.3,39565.4,39626.3,39599.6,39572.6,39621.5,39623.6,39621.8,39593.2,39613,39641.3,39585.3,39581.5,39601.2,39598.5,39583.2,39617.2,39584.8,39573.2
192,17749.1,17687.9,17721.3,17719.6
193,27593.2
194,18980.5
195,34437.8,34426.1,34407.9,34402.3,34443.9,34408.2,34388.3,34418.7,34436.3,34428.2,34340.1,34394.7,34365.4,34397.2,34430.2,34420.1,34368.6,34405.9,34377.6,34387,34388.2,34409.2,34424.9,34420.8,34407.8,34420.2,34393.1,34424.2,34403.4,34441.4,34424.3,34434.4,34405,34382.9,34377.7,34395.6,34423.1,34340.6,34395.4
196,27078.7,27098.3,27169.8,27109.3,27146.4,27187.6,27172.3,27188.5,27212.2,27183.2,27161,27134,27152.1,27135.6,27139.5,27182.3,27121.5,27117.1
197,12486.8,12542.8,12565.2,12532.4,12546.3,12543.1,12521.1,12522.6,12538.4,12543.1,12509.9,12537,12551.1,12566.6,12552.8,12506.1
198,29383.5
199,12716.6,12724.3,12621.2,12669,12692.1,12667.7
200,28765.5,28791.5,28732.7,28719.9,28799,28800.8,28737.8,28828.1,28767.1,28732.8,28769.8,28784.7,28765.4,28767.4,28760.7,28770.2,28773.2,28747.4,28820.7,28751.4,28772.1,28717.2,28786.7,28746.3,28692.1,28781,28775.8,28785.5,28769.8,28788,28756.6,28732.8,28700.6,28745.3,28745.2,28764.7,28775,28800.5,28847.3,28746.6,28760.4,28746.2,28793.5,28771.1,28760.2,28788.9,28768.7,28792.5,28777.8,28781.1,28810.1,28821.3
201,15505.6,15433,15366.3,15370.9
202,35937.9,35968.3,35902.8,35916.8,35977.4,35920.8,35954.7,35882,35973.8,35964.3,35937.7,35900.8,35913.5,35977.8,35876.5,35955.2,35994.1,35995.6,35852.1,35901.5,35926.9,35942.2,35922,35889.1,35892.3,35865.9
203,28803.5,28751.1,28770.1,28768,28745.1,28802.7,28783,28764.5,28770.3,28785.8,28747,28736.1,28780.4,28783.3,28770.9,28804.4,28769.3,28786.3,28728.7,28785.3,28751.4,28811.6,28794.4,28766.9,28757.7,28736.3,28768.7,28785.1,28750,28763,28725,28794.5,28812.4,28756.5,28783.6,28833.9
204,18214.5,18280,18294,18246.9,18266,18300.6,18217.3,18306.1,18217.8,18210.5,18238.7,18279.8,18270,18298.9,18238.4,18274.1,18261,18263.1,18184.6,18276.1
205,2680.29
206,35544.6,35620,35622.2,35609.4,35655.9,35621.4,35635.8,35598.1,35667.4,35625.5,35633.3,35648.9,35622.1,35599.8,35641.3,35664.6,35665.9,35653.3,35648.1
207,5265.57,5273.01,5257.28,5302.46,5283.32,5242.61,5307.78,5253.38,5266.68,5274.11,5216.67,5228.45,5303.36,5247.61,5243.2,5296.88,5231.71,5294.95,5274.23,5195.21,5275.13,5250.78,5269.9,5259.6,5308.46,5265.36,5273.67,5286.49,5278.11,5239.53,5250.29,5304.38,5239.98,5277.79,5240.17,5244.57
208,36543.4,36523.8,36591.1,36581.2,36514.3,36580.1,36606.5,36516.7,36579,36574.5,36569.4,36560.8,36576.9,36551.1,36589.6,36600.7
209,36101.6,36023.2,36053.2,36031.4,35979.5,36062.2,36051.6,36043.3,36000.4,36000.7,36011.3,36073.7,36055.5,36100.6,36131.3,36066.9,36076,36018,36057.7,36060.9,36002.4,36038.9,36078.1
210,21205.5,21248.7,21181,21177.2,21175.1,21163.6,21248.5,21170.9,21182,21178.1,21148.4,21197.7,21233.8,21221.7,21202,21244.6,21234.1,21256.6,21226.6,21243.9,21191,21147,21261.7,21231.1,21139.4,21197.1,21220.7,21229.8,21202.3,21239.6,21246.2,21169.3,21248.7,21181.3,21115.5,21223.8,21186.4,21191.4,21215.2,21193.5,21172.6,21182.8,21063.1,21160.3,21224.4,21161.7,21220.9,21248.6,21151.8,21256.8,21176.4,21223.9,21173.2
211,19136.7,19084,19154.6,19143.6,19095,19061.8,19183.3,19048.4,19087.3,19106.9,19064.4,18999.6,19106.1,19030.2,19109.9,19110.9,19139.4,19069.3,19153.7,19116.3,19115.8,19161.6,19094.8,19100,19095.9,19118.3,19066,19119.4,19042.3,19130.6,19048.7,19110.3
212,21959.9
213,20297.6
214,24034,24030.7,23948.2
215,30239.9
216,15538.2
217,29760.8,29716.5,29871.2,29767,29796.8,29777,29783.1,29738.3,29773.7,29749.5,29694.8,29770.9,29771,29743.4,29787.6,29742.9,29732.2,29744.2,29755.3,29743.6
218,21572.7,21505,21573.2,21531.3,21579.6
219,18923.8,18905.2,18892.1,18930,18894.8
220,38128.6,38205,38179.3,38136.9,38131.2,38199.4,38128.7,38202.2,38119.1,38202.3,38172.2,38137.5,38152.7,38180.2,38225.8,38144,38178.7,38159.7,38101.5,38122.7,38143.8,38117.4,38157.5,38153.1,38180.6,38186.5,38176.2,38139.4,38155.9,38141.1,38117.1,38182.9,38143.6,38153.8,38141.6,38142.5,38141,38163.4,38151.7,38173.6,38150,38180.6,38127.3,38144.2,38141.7,38187.5,38148.3,38161.4,38156.6
221,33107.2
222,25592.8
223,35246.4
224,25462.7,25445.7,25513,25466.6
225,37213.8,37098.3,37192.4,37238.5,37169.1,37258.2,37206,37184.4,37177.6,37187,37196,37189.4,37127.9,37214.7,37128.9,37227.4,37170.2,37163.4,37151.8,37172.3,37132.7,37098.9,37189.5,37173.4,37163.9
226,32371.1,32317.8,32392.1,32393.3,32316,32357.7,32364.1,32341.1,32387.7,32376.9,32400.9,32390,32353.3,32368.6,32367.4,32345.2,32378.7,32332.6,32345.9,32378,32337.1,32410.4
227,29587.8
228,36270,36272.9,36302.2,36308.5,36273.6,36303.2,36268,36287.1,36264.5,36271.6,36248.4,36226.5,36288.8,36274.6,36308.2
229,31300.7
230,35202.1
231,37599.8,37646,37588.3,37608.8,37564.1,37604,37643.6,37565.9,37612,37619.9,37603.6,37608.5,37627.9,37617.3,37586.1,37602.4,37650.7,37586.9,37582.4,37610.7,37564.6,37551.2,37622.8
232,28510.2,28451.4,28488.4,28518,28459.7,28469.4,28470,28461.1,28493.6,28499.5,28494.6,28456.5,28473.2,28486.7,28487.1,28470.6,28501.8,28507.6,28490.2,28499.3,28508.9,28463.6,28458,28498,28508,28456,28491.5,28482.8,28491.7,28501,28506.6,28530.4,28486.8,28468.7,28494.3,28417.6,28478.2,28455.6,28481,28497.3,28511.4,28438.1,28513.3,28411.2,28454.8,28508.9,28454.9,28446.5,28495.5,28460.7,28458.7,28498.9,28458.8,28500.6,28507.1,28464.4,28412,28444.4
233,21031,21002.3,21032.9,21042.7,21072.5,21023.3,21004.3,21078.3,20995.8,20978.4,21071.8,21048.9,21036.4,21072.4,21026.2,21071.7,21041.1,21032.1,21000.2,21128.6,21117.3,20998.6,21088.6,21067.6,21043.7,21030.1,21023.5,21016.7,20998.7,21001.8,21083.1,20987.5,21044.9,21044.6,21002.2,21015.1,20988.7,21066.1,21085.9,21050.5,21091.2,21076,21086.7,21066.9,21049.4,21045.5,20995.7,21040.1,20987.6,21012.2,21038.9,21078.4,21001.3,21089.9,21026.2,21011.4,21029,21007.7,21026.8,21077,20978.5,21038.3,20998.3,21025.5,21024,20976.2,21008.4,21021.9,21038.9,21039.7,21032.1,20962.8
234,37753,37719.2,37750.4,37765.2,37747.3,37743.4,37727.6,37746.2,37790.1,37746.2,37743,37764.1,37766.6,37747.3,37756.2,37690.5,37732.7,37744.2,37747.5,37730.8,37727.3,37762.1,37746.1,37754.9,37739.2,37743.1,37713.8,37816.3,37848.3,37785.8,37716.1,37743.2,37737.3,37751.5,37762,37760.5,37741.3,37704.2,37755.8,37727.8,37756.7,37770.8,37746.4,37757,37708.1,37707.8,37760.9,37769.8,37784.9,37739.2,37740.5,37751.8,37785,37735.4
235,25778.7,25777.5,25780.4,25800.8,25807.6,25845.8
236,12528.4
237,25178.9,25216.6,25181.4,25115.1,25103.4,25206.1,25153.7,25146.5,25021.9,25155.2,25174.8,25102.8,25156,25132.2,25074.9,25136.9,25156.4,25118.6,25130.3,25101.8,25162.2,25085.7,25109.1,25089.8,25112,25129.6,25078.4,25152.8,25163.9
238,38901.6
239,37600.2,37697.2
240,22009.5,22019.4,22005.7,22056,22000.7,22026.6,22011.9,22021.4
241,35003.4,35044,35030.1,35018.5,35021,35030.5,34960.2,35033.6,35029.9,34960.4,35044.1,34996.3,35028.3,34983.6,34982.6,34984.4,34975.2,34958.8,34999.7,34998.7,35009.4,35050.2,35039.6,35035.3,35084.3,34993.5,34994.8,34972.9
242,26126.2,26130,26133.3,26128.9,26094.1,26130.6,26063.5,26122,26099.3,26112.3,26136.3,26173.2,26133.8,26095.5,26058.6,26114.4,26112.2,26126.3,26151.4,26133.3,26101.2,26110.7,26122.3,26167,26145.1,26111.3,26137.9,26107.5,26106.1
243,27789.9,27803.9,27822,27835.7,27822.6,27829.4,27843,27829.6,27839.4,27851.4,27842.9,27815.5,27850.4,27856,27819.5,27867.8
244,33207.2,33159.4,33219.7,33170.4,33205.1,33183,33223.7,33170.5,33162.3,33132.5,33196.9,33163.7
245,22046.2,22096.7,22067.9,22044.9
246,36300.4
247,35126.9
248,19407
249,31823,31894.7,31815.6
250,37929.1
251,32772,32790.7,32790.2,32811,32789.7,32759.9,32750.9
252,38473.2,38460.8,38434,38430.6
253,20950.4,20991.4,21003.5,20967.4,20990,20968.8
254,33674.8,33629.8,33622.7,33651.1,33641.3,33668.7,33746.8,33616.1,33640.3,33635.4,33676.6,33659.6,33683.5,33618.4,33666.8,33659.5,33648.8,33669.6,33584.9,33665.8,33633,33642.4
255,22840.5,22837.6,22896.6,22856.6,22913.4,22859.6,22904.7
256,11346.7,11372.7,11345.3,11334.6,11347.1,11364.2,11321.6,11342.2,11376,11347.5,11330.7,11348.7,11378,11328.7,11392.7,11321.9,11340.1
257,27166.5,27153,27222.5
258,18828.9,18837.6,18865.9,18845.9,18800.9,18835,18789.3,18797.4,18823.3,18783.6,18803,18727.6,18768.6,18830,18847.8
259,30283.1,30209.1,30182.5,30172.3,30243.8,30292.5,30197,30117,30214.5,30224.5,30188.6,30141.9,30194.1,30209.6,30210.2,30175.8,30222.1,30210,30170.5,30215.1,30242.1,30216.6,30237.1,30184.6,30230.2,30167.2,30126.7,30203.5,30248,30134,30217.3,30235.6,30185.4,30206.6,30198.5,30213.9,30206.1,30208.5,30134.8,30220.5,30194.3,30162.1,30239.2
260,26877.6
261,17196,17181.5,17219.7,17227.6,17201.9,17182.5
262,35392.4,35388.8,35382.4,35293.4,35336.8,35440,35409.7,35384.4,35364.4,35360.8,35320.1,35324.5,35374.7,35334.3,35419.1,35323.3,35389,35320.8
263,32310.9,32307.2,32260.3,32269.2,32305.5,32183.7,32265.6,32237.9,32255.9,32297.4,32283.9,32306.1,32264.5,32288.2,32221.7,32298.5,32332.5,32282.6,32279.9,32268.1,32282.2,32267.3,32230.6,32238.6,32230.7,32285.4,32245.8,32199.3,32255.8,32306.4,32248.2,32261.5,32251.2,32270.9,32255.4,32299.8,32291.8,32280.1,32260.3,32300.1,32272,32289.7,32252.9,32256.9,32252.1,32304,32219.5,32335,32176.8,32271.6,32317.7,32274.5,32300.6,32300.5,32248.4,32264.2,32211.6,32283,32306.7,32248.9,32299.6,32217.2
264,35654.5,35581.5,35550.8,35615,35554.5,35610.7,35588,35580.7,35563.2,35584.8,35607.1,35571.2,35575.9,35555.6,35602.7,35565.8,35567.8,35557,35620.6,35594.3,35562,35560.1,35608.1,35569.7,35571.2,35576.9
265,35726.5,35736.1,35676.8,35764.8,35696.7,35797.3,35730.2,35766.2,35759.3,35725.9,35683.8,35728.2,35715.1,35758.9,35758.5,35792.7,35707.5,35751.5,35705.7,35704,35722.3,35685.1,35752.9,35687.4,35699.7,35710.6,35698,35680.6,35712.4
266,16736.9,16700.1,16714.5,16697
267,35629.6,35688.2,35654.6,35650.7,35640.6,35675.3,35690.1,35628.3,35634.2,35655.6,35649.8,35651.6
268,4581.53
269,36994,36966.3,36982.3,37038.3,36962,36959.5,37012.2,37015.4,37005.1,37052.1,36963.8
270,25379.5
271,6908.25
272,22731.4,22709.9,22763.6,22776,22757.2,22796,22778.6,22716.5,22794.3,22756.8,22785.1,22744.1,22803.6,22783.4,22741.4,22727.4,22743.7,22801.4,22785.4,22736.9,22755.7,22764,22735.6,22742.1,22774,22764,22721.1,22746.4,22742.9,22789.9,22787.5
273,36812.2,36883.8,36718.1,36807.1,36801.3,36813.6,36778.9,36791.3,36793.9,36747.2,36805.7,36793.4,36816.6
274,12817,12815.3,12890.8,12860.4,12785.4,12826.5
275,24668.3,24610.2,24642.8
276,39484.7,39402.6,39427.6,39379.1
277,21344.9,21280.6,21280.1,21306.7,21309.4,21314.9,21222.7,21302.5
278,38657.8,38674.8,38664.8,38684,38656.2,38700.8
279,6888.27
280,32499.8,32479.8,32497.3,32527.4,32473,32499.1,32535,32570.6,32565.4,32553.6,32458.8,32477.2,32488,32573.2,32526.5
281,34383.4,34472.9,34451.3,34480.8,34481.8,34394.4,34517.8,34477.9,34431.2,34456,34488.9,34462.7,34468.7,34411,34459.2,34397.9,34496.8,34440.8,34444.7,34455.3
282,36957.6,37045.6,37023.1,37039.1,36952.5,37018.1,37015.2,36970.6,37004.6,36996,36979,37009.7,36976.5,37011.5,36991.2,36966.5,36944.2,36920.5,36992.3,37010.9,36982.8,36947.5,36951.2,36964.4,36943.2,36977,37061,37017.5,37032.2
283,30245.6,30243,30267.6,30271.6,30225.1,30184.9,30327.9
284,35185.6,35267.3,35256.1,35248.7,35247.9,35192.4,35230,35158.8,35281.5,35217,35184.2,35246.8,35275.2,35252.8,35263.6,35276,35280.1,35224.4,35318.8,35269.8
285,24646.7,24651.6,24584.7,24640.8,24606.9,24633.3,24576.2,24633.5,24601.9,24673.4,24655.7,24608.7,24651.3,24661.5,24634.9
286,21940.4,22021.1,22032.3,22046.3,22037.2,22062.7,22054.9,22010.2,22006.8,22090.8,22022.5,21973.6,22023.1,21981.2
287,28196,28195.9,28165.3,28115.3,28191.3,28148.6,28150.4,28157.3,28158.8,28149.3,28122.5,28159.9,28121.3,28202.3
288,37731.9,37720,37683.9,37667.8,37668.3,37658.8,37663.7
289,1005.79,1008.88,960.896
290,18145.3
291,38151.5,38150.1,38107.9,38141.2,38114.6,38138.8,38152.8,38134.3,38146.6,38138.9,38060.3,38076.3,38150.7,38139.5,38137.1,38137.3,38090.4,38135.4,38119,38098.4,38147.3,38116.9,38105.3,38120.9,38111.6,38101.2,38159.5,38103.5,38170.3,38138.9,38129.5,38185.2,38143.1,38172.2,38189.9
292,22714.1,22645,22691.2,22688.1,22740.8,22738
293,9051.57,8997.97,9069.43,8979.44,9040.12,9022.14,9038.39,9044.89,9055.12,8987.32,8970.38,8974.42,8975.75,8972.6,9008.74
294,38002.4,37986.3,37950.8,37977.8,37981.8,37951.7,38014.8,37989.7,37937.4,37953.6,38020.9,37979.5,37953.4,37968.4,37956.7,37988.7,37992.8,37986.8,37870.8,37980.5,37906.7,37991.3,37964.3,37957.1,37923.1,38008.4,37909.1,37961.7,37951.4,37924.1,37918.8,37930.5,37928,37940.3,37946.2,37936.6,37905.6
295,38736.6,38768.1,38826.8,38841,38820.4,38808.5,38822.4,38853,38815.2,38826.1,38800.3,38859.6,38894.9,38871,38830.9,38864.7
296,20845.4,20879.1,20837.3,20859.4,20935.3,20919.4,20907.7,20990.5,20911.6,20881.5,20904.4,20943.9,20947.7,20925.3
297,36102.7,36100.5,36097.8,36084.5
298,22399.1,22388.8
299,30398
300,16753.7
301,26705.8
302,37020
303,31070.4,30990.4,31007
304,31503.5,31580.5,31515.6,31498.3,31507.8,31535.2,31510.8,31524.8,31504.2,31504
305,23300.5,23286.1
306,15013.7,14881
307,10999.9,10944.5,10937.6
308,13235.6,13228.1,13288.8,13219.1,13287.3
309,33120.6,33188.6,33106.5,33113.5
310,20165.8
311,25489.5
312,30525.6,30547.7,30563.6,30557.6,30527.1,30528.1,30543.3,30549.4,30604,30583.8,30533.8,30529.7
313,925.83,1002.18,941.185
