1,57
2,60,61
3,83
4,99
5,132
6,144
7,196
8,246
9,291,292
10,335,336
11,362
12,363
13,369
14,393,394,395,409,410,414,415,416,417,418,419,420,421,422,423,424,1744,1745
15,395
16,425
17,426
18,426,427
19,428,430,433
20,443,444
21,472
22,484,487,488
23,492
24,517
25,523,524,525,526,527,528,529
26,647
27,649,650,651,652
28,657,660,664,666,667,668,669
29,688
30,689
31,700
32,746
33,776
34,845,846
35,887
36,888
37,905
38,946
39,979
40,980
41,1001,1002,1006,1008,1009,1010,1011,1015,1017,1032,1046,1049,1050,1056,1068,1069,1075
42,1115,1123,1124,1125,1126,1188
43,1159
44,1204
45,1204
46,1239
47,1254
48,1256
49,1257
50,1263
51,1283
52,1300
53,1328
54,1350
55,1359
56,1399,1400,1401,1402,1404,1405,1406
57,1436
58,1437
59,1487
60,1503
61,1536
62,1544
63,1556
64,1611
65,1619,1620
66,1633
67,1634,1635
68,1648,1649
69,1651
70,1718,1720
71,1753
72,1796
73,1796
74,1812
75,1813,1814,1815,1816
76,1818
77,1823
78,1844
79,1889
80,1916
81,1945
82,1946,1947,1948,1949,1950,1951,1953,1954,1955,1956,1957,1958,1959,1960,1961
83,1977
84,1986,1987
85,1989
86,1990
87,1996,1998,2001,2002,3905,3906,3907,3908
88,2025
89,2089
90,2126
91,2128
92,2129
93,2173,2174
94,2175,2176
95,2189
96,2190
97,2192
98,2209,2210,2211,2212,2213,2214,2215,2216,2217,2218,2223,2224,2226,2227,2228,2229,2230,2231,2232,2233,2234,2235,2236,2239,2240,2241,2242,2243,2244,2245,2246,2247,2248,2249,2250,2251,2252,2253,2254,2255,2256,2257,2263,2264,2269,2270,2272,2274,2277,2278,2279,2280,2284,2285,2286,2287,2290,2295,2296,2297,2298,2299,2300,2301,2303,2310,2311,2312,2314,2316,2318,2320,2322,2323,2324,2325,2326,2327
99,2247
100,2262
101,2262
102,2264
103,2279
104,2331
105,2455
106,2490
107,2532
108,2539,2540,2541,2542,2543,2544,2545,2546,2547,2548,2549
109,2554
110,2576
111,2578,2579,2580,2581
112,2615,2616,2617
113,2631,2632,2636,2637,2638,2639,2642,2643,2644,2648,2650,2651,2652,2653,2654
114,2638
115,2644
116,2644,2645,2646,2647,2648,2649,2650
117,2652
118,2730
119,2750,2751
120,2753
121,2766,2767
122,2788
123,2788
124,2802,2803,2804
125,2813
126,2838,2856,2857,2858,2859,2860,2861,2862,2863
127,2853,2854,2855
128,2872
129,2880
130,2897
131,2940
132,3010
133,3031
134,3032,3033,3034,3035
135,3117,3118,3119,3124,3126,3127,3128,3130,3131,3132,3133,3135,3137,3138,3140
136,3152,3153,3154,3155,3156
137,3184
138,3188
139,3224
140,3240
141,3243
142,3243
143,3246
144,3247,3248,3258,3261,3271,3272,3273,3274,3275,3276,3277,3278,3279,3280,3281,3282,3283,3284,3285,3286,3287,3288,3289,3290,3291,3292,3293,3294,3295,3296,3297,3306,3320,3327,3332
145,3270
146,3373,3374,3375,3376,3377,3378,3379,3380,3381,3382,3383,3385,3386,3387,3388
147,3390,3391
148,3405
149,3489
150,3513
151,3519
152,3523
153,3606
154,3607
155,3676
156,3692
157,3699,3700
158,3709
159,3712
160,3714
161,3717
162,3718
163,3718
164,3729
165,3742
166,3745
167,3751,3752,3753,3754,3755,3756,3757,3758,3759,3760
168,3763
169,3795
170,3799
171,3800
172,3838
173,3901,3918,3919,3927,3929,3931,3932,3933
174,3914
175,3925,3926,3927,3928
176,3979
