1,1.06786,1.00369,1.04988,1.03703,0.930437,0.995939,1.04512,1.01458,0.966769,1.04648,1.00342,1.05621,0.998685,1.09123,1.01831,0.926811,0.972899,0.8039,1.10612,0.900992,0.903525,0.917006,0.98815,1.05093,1.05992,0.995399,0.91241,0.862263,0.918745,0.959244,1.05839,0.994971,1.01515,1.03498,1.04106,0.947188,1.25539,1.21761,1.13039,1.02708,0.909547,1.07364,1.11563,0.96065,0.829537,1.0251,0.935453,0.9823,0.938359,1.04865,1.04691,0.972447,1.00342,0.968047,1.05079,1.29106,1.09105,1.12841,1.24867,1.05124,1.15943,1.2762,1.15772,1.3121,1.1104,1.18328,0.959524,0.836191,0.818557,0.950674,0.936248,0.917816,1.05864,0.966314,1.08839,1.03349,0.947038,1.11728,0.765719,0.888307,0.97708,0.929331,1.05261,1.0733,0.931315,0.728489,1.10143,1.00794,1.00574,0.986824,0.931433,1.24389,1.02186,0.818361,1.01317,1.08085,1.11167,0.991081,0.936716,0.861645,0.998789,1.08573,0.979839,0.929665,1.11965,0.942164,1.20977,1.0212,0.897438,1.06284,1.05225,0.929532,0.820183,1.06934,0.90536,0.772236,0.823267,1.01393,1.02066,0.933676,0.961647,1.23333,1.07081,1.10806,0.818457,1.2707,0.999996,1.12301,1.03114,0.836744,1.00757,0.931036,0.946621,0.929379,1.25861,0.851832,1.19165,0.922305,1.14196,1.00525,0.858515,0.961181,0.890568,1.08328,1.1388,1.03515,0.813703,0.867064,0.957615,0.979524,0.832404,0.94556,1.10845,1.174,1.15295,1.08237,0.856019,1.09837,1.07139,1.15156,0.997348,1.01081,0.871862,1.00473,1.0552,1.19986,1.0094,0.986783,0.987733,0.964592,0.969798,0.856768,0.905976,1.05094,1.04107,0.994226,0.933373,0.907292,0.979246,0.967402,1.05002,0.836863,1.02764,1.01125,0.895785,1.00583,0.909432,0.937222,0.974569,0.909743,1.0583,1.02575,0.999733,0.938787,1.00289,0.955205,0.970472,1.02708,0.879039,0.981096,0.874998,0.85992,0.915103,0.943845,0.891828,0.957917,0.959817,0.852563,0.854808,0.833559,0.996451,0.914844,1.01616,1.07438,0.949381,0.928308,0.994739,0.836182,0.833837,0.998256,0.926425,0.993098,0.841436,0.870838,1.11166,0.931066,1.04725,0.967362,0.958765,1.08939,0.849954,0.807478,1.18514,0.934279,0.937172,1.0604,1.00032,1.01959,0.971438,0.986015,1.39354,0.876467,0.827712,1.08308,0.785907,0.796099,0.751929,1.01461,0.884645,1.07738,1.1074,0.749352,1.05616,0.92021,1.02065,1.0686,0.914041,0.866979,0.897765,0.853855,0.825203,1.07095,0.805541,0.943796,1.08947,1.05833,0.970057,1.08085,1.08736,0.949652,1.13322,0.897217,1.02044,0.829471,0.987283,1.04025,1.05458,0.936682,0.848097,1.04874,0.733949,0.767733,0.895621,0.987096,0.871158,0.941835,1.00929,1.12386,0.907668,0.906048,0.90982,0.954488,0.826407,1.03647,0.766465,0.89057,0.81617,1.05791,1.00987,0.809656,0.869949,1.01559,0.879694,1.0554,0.739895,0.902407,0.958187,0.967181,0.892607,0.992147,0.984334,0.835522,1.04613,0.902565,0.909886,1.0255,1.01438,0.944161,0.97224,0.883928,0.966675,0.914599,1.0564,0.831374,0.87437,1.05656,1.16536,0.944864,1.018,1.01616,0.921362,1.02115,1.03911,0.929227,0.937868,1.05286,0.888278,0.67952,0.853924,0.955874,1.0658,0.943721,1.24635,0.887582,0.910805,0.906093,0.798429,1.01379,0.961561,1.00747,1.24618,0.930035,0.952362,0.844241,1.06649,1.00505,1.06057,0.855024,0.927298,0.816624,1.14056,0.942698,0.765136,1.00574,0.932155,0.9884,0.722969,0.735875,1.03928,0.860373,0.973571,1.01761,1.04781,1.01545,0.840236,0.946678,0.896159,0.82825,0.992701,0.974819,0.871036,0.893208,1.0192,1.01094,0.696938,1.09601,1.09741,0.750141,1.30868,1.25367,0.722432,0.899073,1.22261,1.13145,1.0616,0.975896,1.13302,0.835818,0.996492,0.866957,1.11537,1.02467,1.06212,0.858452,1.24627,1.04384,1.06362,0.991169,1.12114,1.26831,1.09004,1.19797,1.07038,0.948614,0.902082,1.07659,1.00141,1.18229,0.991358,0.971846,1.02989,1.092,1.02049,0.922472,0.978449,1.05008,0.971878,0.946134,0.849457,1.18522,1.21346,1.12329,0.948922,1.04094,0.902945,1.14772,0.971064,0.942012,1.09564,0.988635,1.12561,1.03072,1.02894,1.01327,1.01319,1.00615,1.02873,1.10422,1.15029,1.07918,1.01457,1.01087,0.842897,0.984382,0.997206,0.980661,1.06226,0.932766,1.01464,0.993908,0.964907,1.07026,0.98079,1.19185,0.951204,1.00106,1.05613,1.16456,1.03363,1.04998,0.998731,0.9116,1.0776,1.22596,1.03821,0.797049,0.963138,1.17088,1.11954,1.15209,1.10142,1.10406,1.08624,1.10792,0.952406,1.11317,0.975698,0.965779,0.927775,1.09338,1.35466,0.95821,1.24917,0.710114,1.01696,0.915401,0.970675,0.903252,0.870037,1.02789,1.02169,1.01806,0.792699,0.806968,0.897632,1.12623,0.929654,0.744753,1.18578,1.03761,1.1984,1.1581,0.858886,1.12453,1.09411,1.13453,1.04095,1.14901,1.04835,1.03073,1.07142,0.883785,1.03508,0.977138,0.8986,0.909835,1.01353,1.08051,1.04077,0.879542,0.951576,0.826548,1.02222,1.05744,1.09937,0.911823,0.925003,0.873594,0.975185,0.974461,1.03633,1.1369,1.05384,1.03133,1.22847,1.00378,1.13589,1.08999,0.897155,1.17909,0.894262,1.0627,1.0668,0.869683,1.00659,1.01599,0.932919,1.01255,1.11079,1.06816,1.00582,0.974828,1.00936,1.10687,1.11943,1.04896,1.11255,1.10994,1.11404,1.18999,0.931806,1.04074,1.13568,0.91165,1.088,1.0586,1.05666,0.968927,0.850071,1.10957,1.00426,0.876953,1.05265,0.969179,0.962534,0.933971,1.1664,1.09858,1.22097,1.03539,1.06294,0.726786,0.976536,0.918029,0.856104,0.956546,1.06362,0.987086,1.01449,0.912683,1.01183,0.965517,0.945132,1.01122,0.928921,0.878778,1.13171,0.836764,0.991396,1.02103,1.04671,1.08847,0.995117,1.10512,0.872303,0.930565,0.887252,1.04074,1.12005,0.887967,0.925553,0.924409,1.07826,1.03979,0.9294,1.03665,1.09985,1.05355,1.05678,0.934887,0.934719,0.969753,1.07134,0.978298,1.04111,1.23536,0.99131,0.984519,0.936194,0.870652,0.950711,0.924015,1.43195,0.911735,1.11803,0.970267,1.19036,0.928941,0.921147,0.911411,1.12217,0.912246,1.1172,0.8326,0.659067,0.86101,1.05248,0.941203,1.01816,0.937642,1.05074,0.827608,0.909391,1.08192,1.09519,0.963003,1.06389,1.0755,0.821252,1.00825,0.985872,1.06744,1.12195,0.965397,1.01544,0.893273,1.23306,1.0149,0.969809,0.935517,0.845312,0.975008,0.912087,0.947935,1.05639,0.874871,1.00328,1.12409,1.0011,1.10275,0.774592,0.847752,1.0602,1.01502,1.03421,0.999179,0.943411,1.02422,0.839413,1.06948,1.12986,1.05255,1.13931,1.16668,0.880528,0.953073,0.941654,1.07252,1.01816,0.991906,1.04307,1.2844,0.929138,0.908892,0.921801,0.912486,0.934112,1.00258,0.917977,0.876745,0.87051,0.905314,0.926542,0.919408,1.03598,0.981964,0.987971,0.999451,1.00733,1.04683,1.05446,0.895922,0.848651,0.933321,0.888157,0.879084,0.975695,0.971301,1.01317,0.926984,1.06414,1.00894,0.933077,0.999955,0.992626,0.86397,1.03883,0.965135,1.08389,0.980907,0.88508,0.942267,0.900266,0.807189,0.885774,0.956108,0.990375,1.0175,1.05689,1.06503,1.00924,0.897619,1.03459,1.0053,0.927334,0.911654,0.934258,0.87657,0.884371,0.919536,0.728177,0.918934,0.937248,0.939055,0.823208,0.83117,0.970837,0.880186,0.813717,0.945325,0.856198,0.77729,0.958784,0.865293,0.931929,1.0047,0.919807,0.841155,0.938579,1.17905,0.998629,0.837888,0.889903,0.870109,0.990561,0.992849,0.856956,0.988917,0.677225,0.803817,0.869628,0.974838,0.834789,0.855744,0.895981,0.838013,0.884984,1.0411,0.984057,0.918577,0.9403,0.839589,0.826015,0.904474,0.754171,0.949491,0.901091,0.770514,0.977578,1.00124,0.967185,0.836892,0.925246,0.925629,0.960877,0.881978,0.898719,0.802868,0.948657,0.884677,0.998837,1.03638,0.920196,0.769214,0.907432,0.855289,0.844764,1.19356,0.979665,0.936604,1.0564,0.823018,1.14751,1.13071,1.18594,1.17859,1.08271,1.2464,1.22135,1.16632,1.18729,1.11743,1.15068,1.29088,1.1637,1.17387,1.19139,1.15832,1.19611,1.16437,1.2875,1.31314,1.14318,1.14984,1.11965,1.11022,1.2094,1.21872,1.26142,1.32689,1.21798,1.13713,1.10594,1.14834,1.20472,0.990958,1.22019,1.2413,1.16606,1.20703,1.19456,1.18836,1.15039,1.13325,1.20919,1.15043,1.08238,1.31905,1.25273,1.2041,1.13653,1.10018,1.34491,1.21726,1.10324,1.22906,1.14,1.07186,1.13006,1.23357,1.26136,1.29641,1.23038,1.28606,1.19315,1.24941,1.24827,1.33558,1.20355,1.25219,1.12629,1.19181,1.12021,1.24419,1.08933,1.25794,1.11106,1.33459,1.19485,1.22177,1.07131,1.06479,1.14218,1.10295,1.1339,1.08343,1.18626,1.19141,1.23622,1.08542,1.19444,1.14094,1.19643,1.16953,1.11097,1.2539,1.22382,1.10598,1.15626,1.16038,1.24686,1.13486,1.14139,1.20519,1.15439,1.22894,1.09273,1.23878,1.09327,1.22316,1.1087,1.17592,1.22014,1.19158,1.22204,1.21856,1.11106,1.30483,1.06361,1.22298,1.13347,1.12643,1.14922,1.18036,1.19264,1.13567,1.16319,1.19085,1.04082,1.30027,1.11571,1.11141,1.07261,1.15994,1.11888,1.16402,1.0756,1.14161,1.28007,1.12911,1.19249,1.0024,1.15937,1.21795,1.23657,1.10776,1.10708,1.21615,1.35602,1.21451,1.17158,1.15847,1.25714,0.992942,0.858649,0.907788,0.894627,0.922386,0.940318,1.06998,1.00254,0.934954,0.885246,0.956381,0.985978,0.854514,0.837236,0.894355,1.08003,1.26973,1.27074,1.3044,1.09719,1.21216,1.2764,1.12853,1.29668,1.19132,1.13066,1.13201,1.18143,1.24898,1.12689,1.09707,0.97982,0.860806,0.843507,0.9489,0.929808,0.859117,0.983138,0.873453,0.849788,0.910462,0.766805,0.888233,0.845796,0.951387,0.945708,1.10263,1.04584,1.09677,1.36828,0.908325,1.02971,1.12952,1.22804,1.25942,1.08796,1.2014,1.20749,1.31382,1.13966,1.20554,1.19576,1.23256,1.21265,0.896381,1.05597,1.06843,1.31562,0.966897,1.18695,1.29598,1.1838,1.11784,1.13324,1.12396,1.19709,1.17945,1.13583,1.22665,1.02505,1.24117,1.17476,1.14952,1.19865,1.15782,1.14843,1.16645,1.29965,1.20077,1.14838,1.28319,1.09938,1.15279,1.16709,1.11679,1.22131,1.19297,1.20965,1.36686,1.22324,1.29015,1.12864,1.23258,1.09283,1.22753,1.1811,1.12864,1.2825,1.06633,1.12837,1.12381,1.12924,1.17106,1.19592,1.23343,1.07296,1.18485,1.18224,1.22929,1.19606,1.35957,1.20428,1.10757,1.17262,1.19747,1.12116,1.18189,1.16775,1.26703,1.12048,1.20363,1.20261,1.11384,1.27063,1.19112,1.278,1.10892,1.2869,1.21023,1.13755,1.15979,1.18885,1.18112,1.15005,1.19328,1.08323,1.16466,1.04462,1.10076,1.13198,1.05527,1.16422,1.12382,1.15321,1.13744,1.20216,1.2033,1.09626,1.10555,1.1587,1.17003,1.19968,1.08984,1.2043,1.23105,1.21086,1.1515,1.09703,1.04555,1.1852,1.11326,1.33465,1.15654,1.20991,1.1773,1.14382,1.25965,1.18143,1.15382,1.0343,1.11882,1.17061,1.0228,1.14125,1.17251,1.11603,1.14736,1.13642,1.19512,1.15798,1.2978,1.19307,1.25501,1.32079,1.12251,1.20668,1.24197,1.14164,1.41272,1.13302,1.16511,0.93301,1.22459,1.24134,1.08818,1.03997,1.15152,1.27425,1.16468,1.27237,1.1665,1.13203,1.16554,1.23969,1.24839,1.25254,1.26165,1.21409,1.27355,1.18686,1.35126,1.14292,1.1888,1.307,1.07295,1.15072,1.09401,1.09309,1.22453,1.11761,1.10012,1.06347,1.07159,1.08864,1.07616,1.08269,1.29832,1.10726,1.21094,0.953739,1.11465,1.12507,1.0993,1.19,1.12126,1.21347,1.13792,1.2553,1.20884,1.15688,0.924754,1.07418,1.06798,0.977639,1.07573,1.13754,0.98341,0.89713,0.939509,0.923783,0.930278,0.968191,0.838226,0.820686,1.08155,0.903133,0.941206,1.03653,0.839864,0.783778,1.05207,0.945142,1.1301,0.917504,1.06963,0.858944,0.890754,0.896975,0.817462,0.917411,0.79634,0.919398,0.949077,0.887384,0.963403,0.849154,0.825895,0.915708,0.964772,1.04949,1.1287,0.820057,0.93841,0.900431,0.855715,1.05824,0.904157,1.11778,1.21676,1.11921,1.18159,1.08625,1.21587,1.23182,1.2181,1.13735,1.16711,0.993557,1.22272,1.19623,1.12851,1.13027,1.21137,1.21812,1.11986,1.01721,0.875215,1.04098,1.07941,0.945158,0.856565,0.929461,0.929057,0.95905,0.936337,0.938526,0.853988,0.883261,0.873716,0.956399,0.948165,1.07753,1.24318,1.27316,1.23301,1.14363,0.983331,1.13979,1.21471,1.2449,1.23594,1.25559,1.0286,1.24859,1.28029,1.24162,1.18272,1.34212,1.23823,1.1503,1.25762,1.13946,1.18977,1.09889,1.18624,1.16112,1.15118,1.17788,1.35416,1.34534,1.30273,1.18852,1.27058,1.13025,1.33238,1.30175,1.30616,1.33737,1.23389,1.19108,1.08683,1.22031,1.27341,1.08378,1.20338,1.16748,1.11595,1.20233,1.20092,1.19646,1.27632,1.16038,1.18607,1.02614,1.00054,1.04293,0.848964,0.915192,0.937691,0.86826,0.886483,0.806982,1.0618,1.06975,1.0487,1.21443,1.07191,1.10185,1.21018,1.35406,0.821796,0.859225,1.09369,1.20282,1.16069,1.0011,0.995059,1.01449,1.17431,1.06206,1.01749,1.14921,0.959856,1.11165,0.99159,1.05565,1.20846,1.35096,1.16556,1.0716,1.16387,1.11746,1.17818,1.24659,1.35332,1.14991,1.26211,1.10298,1.26042,1.24255,1.282,1.21996,1.24864,1.18191,1.14687,1.22961,1.05752,1.07015,1.23416,1.19007,1.21153,1.19462,1.14958,1.39228,1.23352,1.10136,1.24292,1.1838,1.18936,1.17765,1.22831,1.22725,1.26813,1.24089,1.31007,1.22473,1.21635,1.07533,1.09868,1.22499,1.20905,1.25478,1.27673,1.19703,1.23095,1.30303,1.04151,1.15669,1.28803,1.15802,1.16483,1.17352,1.05699,1.22952,1.20935,1.12038,1.22915,1.19961,1.29288,1.1574,1.21092,1.159,1.17193,1.2061,1.30119,1.12318,1.10531,1.29742,1.12601,1.09167,1.12214,1.10732,1.27168,1.23465,1.24125,1.21493,1.17087,1.15332,1.15481,1.24038,1.16804,1.13229,1.18642,1.11174,1.20618,1.23325,1.13264,1.21157,1.12643,1.17285,1.33778,1.20848,1.17217,1.15725,1.14622,1.28356,1.21508,1.08282,1.12907,1.27039,1.29152,1.06566,1.14377,1.0655,1.13286,1.15461,1.24241,1.05076,1.25349,1.22675,1.20951,1.12828,1.17854,1.12901,1.3263,1.17038,1.11895,1.21579,1.2977,1.21431,1.26341,1.13835,1.12211,1.23789,1.1533,1.11438,1.25154,1.1229,1.20723,1.21037,1.16509,1.23903,1.24361,1.1978,1.06477,1.1895,1.04951,1.16377,1.18304,1.27057,1.27648,1.15991,1.19127,1.07803,1.18253,1.32698,1.3074,1.25343,1.12798,1.20354,1.121,1.35526,1.08014,1.24321,1.18606,1.31245,1.08067,1.20684,1.18345,1.17381,1.18279,1.15205,1.18593,1.2823,1.2677,1.20243,1.28116,1.10954,1.17029,1.11876,1.27305,1.27286,1.24295,1.25361,1.15159,1.2446,1.00273,1.09573,1.20921,1.14995,1.33541,1.18368,1.20165,1.3218,1.14602,1.13196,1.23597,1.20944,1.1849,1.17555,1.25117,1.00063,1.09604,1.36232,1.20836,1.10415,1.19719,1.20123,1.08026,1.14532,1.12307,1.1477,1.20546,1.18945,1.10283,1.16595,1.22149,1.24502,1.12242,1.13345,1.1808,1.19384,1.27168,1.1316,1.17597,1.32463,1.26486,1.15832,1.15515,1.17769,1.03793,1.31764,1.20571,1.15867,1.11031,1.24002,1.20975,1.19867,1.20005,1.16008,1.06927,1.05494,1.13844,1.10672,1.1116,1.27652,1.1452,1.10963,1.37828,1.22213,1.22532,1.12356,1.41731,1.14613,1.04198,1.30992,1.06912,1.17402,1.25619,1.10608,1.16133,1.03431,1.30875,1.06526,1.18459,1.04639,1.18217,1.05919,0.998841,1.10544,1.18877,1.18564,1.17321,1.22485,1.09665,1.31244,1.16048,1.08279,1.08081,1.03921,1.14464,1.07897,1.14757,1.16955,1.02928,1.17241,1.17002,1.20546,1.19789,1.12027,0.985805,1.11272,1.18682,1.07813,1.12873,1.23991,1.15036,1.17302,1.17117,1.16979,1.1421,1.10073,1.15499,1.10507,1.18982,1.26437,1.18471,1.12973,1.15391,1.11053,1.15965,1.21254,1.07828,1.19278,1.18299,0.941089,1.2115,1.16165,1.16418,1.30717,1.2052,1.0536,1.16643,1.07578,1.26286,1.18829,1.06493,1.24211,1.29031,1.19756,1.09703,1.26075,1.14254,1.15174,1.24294,1.24513,1.16714,1.39001,1.22761,1.26999,1.167,1.18533,1.09921,1.36428,1.10419,1.20837,1.03161,1.14182,1.24403,1.16894,1.07232,1.24636,1.12724,1.28622,0.944644,1.11059,1.18228,1.10094,1.09069,1.16693,1.27185,1.21645,1.30196,1.1819,1.173,1.21483,1.30785,1.17411,1.02281,0.983822,1.12058,1.14856,1.28583,1.09493,1.10897,1.20751,1.17543,1.12542,1.16563,1.15512,1.23267,1.09993,1.01079,1.11775,1.16088,1.17083,1.12911,1.30376,1.10747,1.21391,1.09484,1.18364,1.21223,1.10838,1.18613,1.08407,1.19862,1.33501,1.17765,1.19521,1.18354,1.15581,1.20613,1.11976,1.10793,1.04302,1.22338,1.24347,1.25535,1.18766,1.17467,1.19642,1.04335,1.13681,1.23565,1.19199,1.35238,1.23441,1.18019,1.20231,1.20149,1.12946,1.3232,1.09091,1.32165,1.31381,1.29729,1.20995,1.21704,1.15426,1.05475,1.13119,1.19411,1.45645,1.21118,1.23874,1.18935,1.03087,1.35842,1.26324,1.04241,1.07122,1.21007,1.06844,1.08661,1.16376,1.08785,1.17449,1.27898,1.29687,1.11379,1.14288,1.1845,1.10604,1.03477,1.11815,1.10492,1.01837,1.18441,1.26205,1.30669,1.0445,1.13531,1.21,1.32874,1.15057,1.23843,1.23392,1.13601,1.19335,1.39435,1.18956,1.23953,1.25327,1.3036,1.19937,1.26421,1.281,1.14709,1.16601,1.14333,1.19739,1.12618,1.1421,1.10774,1.15216,1.35424,1.25098,1.28461,1.09222,1.21367,1.12012,1.04069,1.1128,1.12512,1.21372,1.20436,1.13529,1.28778,1.20329,1.15511,1.26349,1.23808,1.13508,1.06002,1.26448,1.29779,1.65717,1.07625,1.1266,1.08556,1.24416,1.02972,1.05511,1.1198,1.37941,0.956473,1.0961,1.11597,1.18384,1.17492,1.10511,1.16813,1.11104,1.25522,1.07847,1.34771,1.29337,1.27792,1.04444,1.20444,1.35067,1.02644,1.18814,1.07796,1.27493,1.14019,1.21074,1.31923,1.19446,1.70897,0.891201,1.58067,0.930204,1.18592,1.24899,1.30818,1.45302,1.33384,1.39276,1.49462,1.11633,1.41853,0.933778,1.21349,1.31501,1.15469,0.996889,1.34234,1.14125,1.09228,1.25846,1.39844,1.2902,1.27522,1.14269,1.04234,1.07774,1.21729,1.37244,1.33695,1.18773,1.04204,1.25079,1.11213,1.05999,1.13681,1.22053,1.03122,1.12246,1.11584,1.12796,1.0082,1.34811,1.15946,1.18797,1.05175,1.4092,1.13336,1.21242,1.13843,1.08824,1.23464,1.0247,1.35778,1.24864,1.27498,1.18666,1.11214,1.34386,0.855847,1.3258,1.15257,1.14083,1.28849,1.1697,1.14205,1.2041,1.23121,1.1771,1.14011,0.995245,1.26433,1.20001,1.37839,1.28316,1.20334,1.16722,1.27144,1.15218,1.13705,1.17993,1.10356,1.28955,1.1563,1.06637,1.13089,1.1986,1.21922,1.32473,1.15264,1.23774,1.41435,1.00593,1.40093,1.11433,1.18532,1.06407,1.1763,1.2278,1.1711,1.16024,1.16534,1.35316,1.22027,1.38279,1.23283,1.25357,1.20247,1.22381,1.24873,1.21465,1.12844,1.15272,1.10809,1.01627,1.21484,1.19145,1.04156,1.30771,1.14673,1.22181,1.10275,1.17249,1.13574,1.13378,1.16412,1.26616,1.10242,1.0948,1.12084,1.17335,1.22462,1.08084,1.17826,1.09908,1.16513,1.15937,1.22785,1.27426,1.19151,1.21717,1.07696,1.13338,1.29109,1.15592,1.0999,1.10142,1.26699,1.09105,1.34319,1.17834,1.26544,1.21874,1.2798,1.19188,1.07284,1.2084,1.24857,1.26274,1.29482,1.40761,1.19771,1.43578,1.09781,1.21305,1.50556,1.16204,1.31587,1.17683,1.15333,1.20678,1.06378,1.25406,1.18637,1.27755,0.999799,1.32007,1.29956,1.15623,1.25718,1.18433,1.43636,1.178,1.24888,1.19439,1.22858,1.14048,1.10616,1.21679,1.40452,1.34383,1.22823,1.16953,1.28387,1.20124,1.23009,1.15335,1.11119,1.17535,1.24132,1.09345,1.10636,1.20677,1.07387,1.18565,1.23126,1.26612,1.2728,1.42192,1.12124,1.29051,1.12454,1.06239,1.18514,1.15476,1.0513,1.14195,1.22478,1.15246,1.11986,1.19991,1.26271,1.16181,1.27728,1.14772,1.36529,1.08372,1.14564,1.20163,1.26057,1.19736,1.2642,1.40184,1.1548,1.30423,1.10784,1.29508,1.1345,1.21895,1.16121,1.26005,1.25652,1.22039,1.1558,1.50547,1.26428,1.17398,1.23592,1.18021,1.17259,1.3078,1.09553,1.21041,1.15373,1.15123,1.22624,1.01954,1.28708,1.25067,1.35911,1.29308,1.27197,1.0519,1.16635,1.10673,1.28156,1.21417,1.26098,1.34003,1.27697,1.33024,1.21051,1.08617,1.08122,1.24571,1.18879,1.10515,1.12595,1.13855,1.10063,1.20398,1.25533,1.21718,1.12418,1.50992,1.17034,1.16858,1.06209,1.24811,1.10131,1.24201,1.24003,1.23286,1.15766,1.16282,1.24705,1.15828,1.19677,1.20851,1.13171,1.15265,1.13069,1.08099,1.23094,1.1278,1.21955,1.17642,1.13001,1.11338,1.23177,1.28875,1.1972,1.13567,1.18153,1.18342,1.16624,1.30865,1.21292,1.29895,1.23978,1.06116,1.03316,1.18058,1.15294,1.31309,1.16097,1.14684,1.04053,1.21577,1.19713,1.20789,1.12116,1.20495,1.19061,1.09011,1.06131,1.16534,1.0756,1.12797,1.14307,1.181,1.25702,1.21833,1.15342,1.14922,1.04174,1.03348,1.15834,1.16353,1.1156,1.29537,1.24959,1.2559,1.35068,1.1839,1.26529,1.21288,1.10494,1.23972,1.19663,1.2404,1.25335,1.27039,1.12809,1.22752,1.26738,1.16472,1.25192,1.12318,1.10914,1.26307,1.14751,1.11861,1.15912,1.08575,1.17017,1.1297,1.31741,1.4371,1.30767,1.07543,1.09056,1.19317,1.30894,1.27543,1.23774,1.13514,1.35452,1.20873,1.27942,1.20143,1.02978,1.17965,1.10707,1.20879,1.15808,1.13955,1.0815,1.16117,1.19365,1.09206,1.12707,1.27658,1.27067,1.09686,1.09698,1.13422,1.11052,1.24149,1.31937,1.16748,1.09,1.10025,1.14303,1.14574,1.08087,1.26986,1.07367,1.2969,1.18047,1.0784,1.28406,1.30054,1.39702,1.13071,1.22942,1.22102,1.05913,1.03863,1.24379,1.32082,1.10595,1.16063,1.14824,1.13727,1.18755,1.17306,1.26907,1.20884,1.13414,1.17659,1.34903,1.20789,1.22475,1.14982,1.1711,1.24243,1.17028,1.36471,1.21555,1.18713,1.16216,1.11739,1.14004,1.2969,1.18878,1.12358,1.18446,1.23132,1.15067,1.26364,1.21754,1.36556,1.24903,1.1081,1.18111,1.21902,1.17447,1.21142,1.2212,1.24139,1.23147,1.15964,1.0863,1.28208,1.15923,1.13323,1.24923,1.29123,1.19263,1.15829,1.30134,1.22772,1.17311,0.959934,1.16738,1.18579,1.11589,1.10125,1.15076,1.22804,1.23062,1.1309,1.15718,1.12762,1.20449,1.22754,1.20385,1.29927,1.24884,1.25278,1.30971,1.14952,1.15752,1.23839,1.03175,1.25352,1.18551,1.17506,1.25195,1.27876,1.15369,1.1611,1.14886,1.14697,1.10857,1.16645,1.09116,1.26442,1.17638,1.22497,1.21901,1.24438,1.27513,1.10979,1.30448,1.09948,1.16089,1.26001,1.29263,1.30206,1.16309,0.895122,1.26779,1.1886,1.32588,1.18437,1.25196,1.09966,1.13066,1.13807,1.14808,1.19512,1.31796,1.07347,1.22004,1.09184,1.17393,1.02262,1.26997,1.2665,1.11248,1.15023,1.2849,1.18725,1.33942,1.28231,1.14543,1.22398,1.05702,1.1896,1.17845,1.11927,1.22238,1.18522,1.21225,1.26934,1.42335,1.24795,1.29992,1.16641,1.24248,1.26407,1.14868,1.21071,1.23063,1.33486,1.23312,1.15918,1.15644,1.20136,1.48027,1.31224,1.31073,1.03466,1.27651,1.20897,1.03964,1.22005,1.11505,1.12172,1.08927,1.28664,1.24257,1.23572,1.12071,1.24071,1.22079,1.02535,1.07992,1.15737,1.24971,1.21469,1.19028,1.12987,1.12488,1.08604,1.06422,1.17016,1.18895,1.30733,1.05908,1.1572,1.23554,1.10061,1.18635,1.06184,1.06795,1.18265,1.24165,1.30113,1.14113,1.06414,1.19125,1.1041,1.11055,1.10554,1.15315,1.13604,1.10877,1.11585,1.11637,1.1376,1.26576,1.19462,1.23941,1.17366,1.24674,1.12955,1.25876,1.2214,1.11177,1.16573,1.19644,1.19162,1.11637,1.22715,1.00936,1.13787,1.25901,1.12462,1.116,1.07635,1.17727,1.12302,1.28979,1.22907,1.17331,1.34089,1.03842,1.13221,1.0978,1.30393,1.18199,1.21094,1.05827,1.26594,1.17518,1.11863,1.12177,1.06744,1.19447,1.26153,1.09098,1.25018,1.16414,1.21685,1.34863,1.24137,1.13255,1.159,1.21898,1.21833,1.07243,1.19724,1.14876,1.23412,1.23136,1.21409,1.2537,1.17493,1.09461,1.23122,1.14336,1.18715,1.13881,1.19009,1.14559,1.26536,1.18769,1.14907,1.18442,1.3025,1.22021,1.18053,1.08531,1.17137,1.08935,1.17793,1.09214,1.19985,1.22987,1.11343,1.13438,1.20607,1.30292,1.21826,1.05483,1.17241,1.24686,0.929337,1.27841,1.32011,1.36595,1.32284,1.17801,1.0882,1.2214,1.30999,1.14197,1.35764,1.23355,1.13669,1.13104,1.25153,1.20865,1.19228,1.2092,1.23213,1.15156,1.15299,1.24346,1.25839,1.15992,1.13634,1.25826,1.17997,1.15199,1.30709,1.23114,1.19851,1.16521,1.35509,1.14377,1.19652,1.22195,1.21251,1.2208,1.20319,1.26671,1.14481,1.19755,1.27432,1.20723,1.19505,1.30984,1.13384,1.14082,1.05194,1.21545,1.31944,1.18463,1.234,1.08827,1.18806,1.12486,1.19306,1.20583,1.16029,1.39935,1.21592,1.08335,1.22087,1.24886,1.16475,1.04405,1.17264,1.21685,1.2477,1.20293,1.18317,0.900196,1.11773,1.21453,1.28787,1.10594,1.33957,1.0742,1.08748,1.08154,1.24723,1.09681,1.26275,1.23651,1.23475,1.05466,1.3029,1.22485,1.26878,1.10777,1.26485,1.25018,1.20623,1.0817,1.16458,1.24059,1.23961,1.32722,1.17919,1.24286,1.16271,1.17544,1.20736,1.05824,1.0834,1.14666,1.20301,1.06597,1.21374,1.201,1.2054,1.21488,1.33979,1.06014,1.33419,1.19943,1.18344,1.27023,1.27538,1.29285,1.10852,1.35574,1.05638,1.22837,1.18516,0.955821,1.21117,1.02,1.21268,1.30271,1.04607,1.15951,1.13408,1.14223,1.24199,1.18461,1.13518,1.23532,1.14994,1.10016,1.08627,1.08363,1.25732,1.33143,1.17427,1.11606,1.07034,1.16196,1.10346,1.22856,1.38089,1.14279,1.04807,1.11367,1.34701,1.13809,1.12135,1.17599,1.1482,1.1358,1.1994,1.15249,1.29784,1.15498,1.1397,1.27698,1.25679,1.05623,1.21265,1.09251,1.15708,1.14112,1.11015,1.14883,1.07907,1.21215,1.18214,1.25657,1.17408,1.2963,1.14792,1.25182,1.21476,1.16137,1.10303,1.02539,1.15729,1.19305,1.09042,1.25284,1.107,1.06212,1.41089,1.20529,1.22214,1.1533,1.06284,1.17309,1.09106,1.21582,1.06058,1.36497,1.17972,1.17393,1.1578,1.02379,1.2457,1.08663,1.17553,1.10998,1.33891,1.02293,1.17098,1.10047,1.08278,1.09414,1.04268,1.16873,0.931386,1.06164,1.15241,1.08219,1.11236,1.1203,1.10698,1.27085,1.24615,1.20577,1.23187,1.18126,1.21619,1.19269,1.15403,1.25016,1.13437,1.21154,1.33042,1.15787,1.12883,1.12846,1.12362,1.16306,1.14002,1.05012,1.09626,1.22554,1.2689,1.20982,1.12254,1.17743,1.24275,1.26572,1.21725,1.3251,1.2013,1.16855,1.09452,1.25496,1.14471,1.30205,1.14975,1.32478,1.12962,1.22495,1.31527,1.28869,1.2618,1.13196,1.22354,1.25338,1.07253,1.17442,1.25687,1.11577,1.21726,1.20066,1.23935,1.03371,1.21471,1.42531,1.23637,1.25454,1.22053,1.15977,1.1919,1.14812,1.26871,1.24554,1.16059,1.01139,1.27233,1.23144,1.19073,1.20227,1.1608,1.15884,1.12703,1.10669,1.0747,1.26958,1.27001,1.23382,1.02625,1.35392,1.1573,1.13759,1.21491,1.13965,1.15088,1.26582,1.19808,1.10792,1.08044,1.13476,1.18003,1.19955,1.08635,1.18016,1.09029,1.24284,1.22942,1.18181,1.16435,1.1065,1.22561,1.21644,1.24965,1.27822,1.21843,1.42565,1.24397,1.12242,1.17457,1.2804,1.01066,1.25349,1.21255,1.15622,1.20455,1.15361,1.16119,1.20802,1.1589,1.1071,1.08909,1.07918,1.18103,1.19531,1.26339,1.23231,1.117,1.28132,1.18318,1.10928,1.01658,1.30847,1.30756,1.25241,1.19289,1.37347,1.09411,1.24373,1.13046,1.17392,1.21446,1.12447,1.16044,1.16182,1.25784,1.11681,1.22644,1.11434,1.16866,1.23052,1.20744,1.25508,1.19449,1.12069,1.18182,1.14375,1.1425,1.23345,1.21628,1.17407,1.20753,1.16338,1.34297,1.33907,1.19008,1.11765,1.21913,1.22672,1.23229,1.24906,1.25541,1.30294,1.43346,1.26328,1.1768,1.29586,1.08589,1.24778,1.21183,1.23719,1.07482,1.27792,1.20775,1.35466,1.15545,1.33281,1.22151,1.34526,1.32051,1.13531,0.926917,1.01609,1.31159,1.11686,1.20751,1.17166,1.26018,1.36715,1.24903,1.2337,1.29624,1.15069,1.02742,1.10543,1.17495,1.16671,0.999776,1.18979,1.06692,1.20602,1.15304,1.17704,1.13613,1.17392,1.09852,1.30001,1.30882,1.21134,1.10096,1.10775,1.13737,1.11174,1.26218,1.18218,1.1443,1.24685,1.28108,1.24549,1.29262,1.27386,1.16971,1.35646,1.19067,1.15353,1.2475,1.18507,1.16002,1.22576,1.19343,1.19418,1.15457,1.08734,1.0995,1.15516,1.08225,1.18301,1.24645,1.30297,1.12018,1.17519,1.16309,1.29009,1.19099,1.2044,1.09384,1.14284,1.15821,1.20229,1.19173,1.23096,1.31741,1.19483,1.11525,1.22632,1.1957,1.24264,1.21892,1.18928,1.05268,1.22644,1.14841,1.17426,1.25587,1.26945,1.34453,1.15964,1.21938,1.37748,1.16641,1.23457,1.28508,1.18122,1.09809,1.173,1.23911,1.16814,1.12353,1.18913,1.28915,1.22521,1.13971,1.25177,1.25342,1.20428,1.04707,1.19203,1.21925,1.14432,1.1963,1.23663,1.22962,1.1612,1.14401,1.2118,1.21131,1.2101,1.18807,1.13855,1.21354,1.21897,1.1238,1.33339,1.10472,1.34438,1.18985,1.0229,1.16551,1.0049,1.18717,1.17996,1.17662,1.32009,1.03216,1.19237,1.11678,1.15546,1.09177,1.17976,1.27005,1.14663,1.07013,1.12945,1.16916,1.21977,1.21236,1.04953,1.06304,1.10493,1.22389,1.17288,1.07308,1.31314,1.16628,1.38982,1.17277,0.978132,1.27213,1.06863,1.13211,1.07876,1.10823,1.17886,1.01736,1.25409,1.13728,1.24873,1.1485,1.21764,1.16822,1.3893,1.23889,1.11716,1.08091,1.2584,1.21128,1.21162,1.22667,1.28488,1.17562,1.19699,1.28075,1.37713,1.24247,1.20783,1.10884,1.18894,1.23369,1.25843,1.25102,1.04863,0.993904,1.05991,0.872783,1.18682,1.20571,1.18559,1.24882,1.21353,1.10074,1.14904,1.18328,1.24403,1.20218,1.13457,1.37717,1.27723,1.2124,1.01437,1.14716,1.22827,1.05681,1.1,1.36685,1.1258,1.30428,1.07808,1.08858,1.20534,1.35324,1.07716,1.2011,1.40423,1.44836,1.21658,1.23502,1.15534,1.30629,1.28107,1.22428,1.12089,1.10604,1.21498,1.14579,1.05585,1.22746,1.13785,1.23241,1.17892,1.25669,1.26861,1.34444,1.36121,0.979333,1.18744,1.21835,1.27128,1.21408,1.11858,1.38724,1.19634,1.39398,1.41342,1.42109,1.30445,1.25778,1.30978,0.95228,1.16605,1.08116,1.16641,1.23531,1.19569,1.21409,1.14911,1.49057,1.07986,1.20153,1.15065,1.19653,1.35864,1.30322,0.982311,1.29543,1.21578,1.3389,1.13658,1.16335,1.20839,1.17506,1.23999,1.29546,1.33225,1.07763,1.20379,1.1643,1.34846,1.21436,1.18872,1.10764,1.17322,1.27705,1.29853,1.22917,1.14257,1.11047,1.05457,1.42856,1.13271,1.26348,1.21487,1.26548,0.988032,1.15275,1.27025,1.19246,1.09373,1.28729,0.862858,1.29861,1.03103,1.14891,1.26965,1.17277,1.12208,1.0247,1.01223,1.22264,1.01888,1.15725,1.08142,1.28357,1.18092,1.13617,1.03676,1.17195,1.26368,1.18473,1.23089,1.28279,1.43045,1.14916,1.15916,1.37889,1.16484,1.25534,1.33177,1.24599,1.06799,1.30459,1.2432,1.3545,1.22507,1.25491,1.22716,1.15433,1.41737,1.34312,1.22575,1.13345,1.25152,1.16607,1.19844,0.966007,1.22049,1.29287,1.10409,1.32138,1.27844,1.19353,1.15844,1.20746,0.942119,1.30804,1.30499,1.19561,1.03656,1.03987,1.17657,1.13193,1.15903,1.10605,0.91679,1.0877,1.14359,1.13004,0.907274,1.17184,1.19418,1.12006,1.17117,1.32563,1.01873,1.19479,1.1779,1.1457,1.25223,1.28971,1.22987,1.06077,1.04141,1.2419,1.33222,1.19591,1.23375,1.18854,1.15912,1.1354,1.28993,1.19242,1.29332,1.16197,1.25863,1.28839,1.18784,1.1284,1.05058,1.06087,1.15899,1.17049,1.15253,1.30953,0.972794,1.34566,1.14338,1.09628,1.15651,1.11962,1.1266,1.18404,1.23653,1.399,1.19704,1.06045,1.27111,1.16992,1.18687,1.20856,1.02782,1.05379,1.18852,1.4779,1.43442,1.22208,1.27508,1.13567,1.2144,1.33628,1.21074,1.27032,1.16872,1.22731,1.26987,1.23293,1.17772,1.23628,1.09384,1.03693,1.10536,1.27387,1.36093,1.19512,1.16215,1.14543,1.19286,1.37051,1.2183,1.18272,1.14146,1.14201,1.23243,0.873625,0.814564,1.19033,1.10241,1.21623,0.918985,1.13235,0.930267,1.25331,1.23373,0.992968,1.1727,1.08352,1.15941,1.10255,1.08633,1.04895,1.23554,0.993581,1.1356,1.06239,1.27275,1.28155,1.16966,1.31732,1.24511,1.39531,1.2545,1.07399,1.20127,1.17658,1.33071,1.27586,1.16397,1.15069,1.10403,1.15383,1.39275,1.07476,1.07273,1.29013,1.35047,1.0531,1.23303,1.03497,1.22115,1.20249,1.15515,1.23293,1.03906,1.02205,1.20068,1.26105,1.18007,1.13177,1.08804,1.25812,1.15089,1.0911,1.07649,1.17788,1.06072,1.19734,1.25701,1.14164,1.21084,1.14794,1.21398,1.21688,1.33196,1.1589,1.15914,1.30765,1.21178,1.24626,1.0489,1.17311,1.10562,1.20907,1.19723,1.28061,1.37805,1.17376,1.23336,1.22287,1.33254,1.21011,1.23998,1.40494,1.26433,1.18218,1.1242,1.29686,1.29417,1.03754,1.16424,1.36819,1.0941,1.12535,1.27518,1.19623,1.26022,1.28004,1.24493,1.27548,0.983016,0.962681,1.01761,1.16328,1.18971,1.15794,1.10061,1.18229,1.12911,1.10309,1.07003,0.998777,1.17568,1.23302,1.04702,1.04449,1.29036,1.21192,1.17274,1.22828,1.29801,1.15026,1.0779,1.23261,1.25114,1.30093,1.04427,1.06378,1.29009,1.18094,1.14458,1.14061,1.12968,1.29829,0.76042,1.13447,1.07125,1.11554,0.961252,1.3146,1.12357,0.994133,1.19604,1.10566,1.1256,1.0823,1.19354,1.18163,1.10188,0.918099,1.14875,1.18226,1.09559,1.09484,1.16349,1.28358,1.25549,1.18699,1.21115,1.17363,1.15158,1.14061,1.36465,0.99936,1.03213,1.26799,1.21358,1.07667,1.3034,1.19838,1.23821,1.14829,1.13723,1.17152,1.09436,1.32028,1.16815,1.20244,1.14495,1.20357,1.01102,1.19907,1.25464,1.13184,1.00999,1.19672,1.08826,1.28737,0.927311,1.23134,1.35725,1.23813,1.20749,1.08192,1.14619,1.21871,1.16188,0.979451,1.15071,1.11558,1.00235,1.22692,1.3584,1.11533,1.06934,1.15579,1.21354,1.20653,1.37423,1.32068,1.17633,1.17659,1.23006,1.47469,1.29968,1.25946,1.27355,1.13686,1.1492,1.13834,1.18643,1.25648,1.1958,1.16821,1.23567,1.25621,1.24856,0.98227,1.26153,1.10443,1.11904,1.14288,1.16808,1.11898,1.32892,1.16396,1.04947,0.934172,1.1743,1.09879,1.11143,1.18416,1.16228,1.25323,1.18546,1.06078,1.18519,1.11576,1.1775,1.21511,1.16654,1.19147,1.2369,0.908953,0.956376,1.15597,1.19725,1.19135,1.27401,1.01843,1.19402,1.40698,0.96156,1.13999,1.21109,1.14912,1.25233,1.27323,1.18955,1.22242,1.09275,1.10736,1.16519,1.21813,1.18302,1.13761,1.25946,1.1214,1.14048,1.18665,1.00235,1.2614,1.13947,1.22939,1.09729,1.00071,0.969501,1.26607,1.12741,1.30115,1.28042,1.13853,1.48865,1.08813,1.24252,1.09321,1.04386,1.06693,1.28615,1.12664,1.19456,1.23732,1.10383,1.12673,1.29103,1.11459,1.17566,1.14594,1.17222,1.0779,1.3628,1.11662,1.27333,1.25241,1.16602,1.13755,1.23067,1.2634,1.12392,1.13592,1.20382,1.08556,1.2017,1.11515,1.30282,1.15687,1.05949,1.17613,1.09495,1.04084,1.13872,1.01668,1.15269,1.21683,1.31783,1.41104,1.2792,1.23708,1.27807,1.16654,1.20868,1.16816,1.06008,1.16072,1.17344,1.18177,1.18526,1.13475,1.19116,1.26535,0.983625,1.10769,1.18023,1.3538,1.27628,1.10575,1.1689,1.01762,1.22377,1.11664,1.25081,0.994186,1.22039,0.969937,1.19021,0.956077,1.14804,1.08893,1.10755,1.19114,1.20454,1.30149,1.06368,1.28042,1.2706,1.08683,1.13065,1.07287,1.27943,1.07672,1.1738,1.07684,1.16129,1.08935,1.30009,1.22571,1.14947,1.22573,1.14679,1.28377,0.970096,1.30054,1.10895,1.08391,1.26313,1.18578,1.28076,1.14946,1.31155,1.16134,1.18602,1.24343,1.24609
2,0.758635,0.849881,1.2012,0.912993,1.0274,0.757828,0.788945,0.975861,0.969799,0.962654,0.879215,0.947914,0.921132,1.09591,1.07927,0.879699,0.927517,0.817455,0.855347,0.950587
3,1.05717,0.57912,0.897901,0.614254,0.869679,0.800987,0.996075,0.755495,0.596794,0.693236,0.720725,0.719167,0.920468,0.926895,0.910244,0.933341,1.08913,1.33757,0.758597,0.94217,1.07215,0.790523
4,1.02618,0.814663,0.950815,0.740832,0.8641,0.680954,0.846325,0.801075,0.851246,0.968413,0.8172,0.965293,0.720123,0.796651,0.887196,1.05919,1.10924,1.02792,0.936391,0.913757,0.956577,0.945679,0.875751,1.02176,0.903399,0.889172,0.952766,1.0326,0.953463,0.937786,0.998661,1.03142,0.920111,0.875026,0.992415,0.942036,0.852316,0.71204
5,1.15009,1.08509
6,0.870527,0.982929,0.991988,0.910809,0.95531,0.812771,0.941905,0.952708,0.912209,0.975308,0.957269,0.978074,1.05826,0.943054,0.94673,0.966646,0.933117,0.998585,0.982755,1.01481,1.03577,0.944595,0.850217,0.965742,0.918874,0.957309,0.914485,0.938418,0.900303,0.908093,0.926322,0.972117,1.00781,0.979506,0.978914,0.70277,1.00509,0.911935,0.863689
7,0.89756,0.919689,0.921867,1.00488,0.980184,0.90348,0.912955,1.01981,0.982079,0.900572,0.962452,0.812734,1.07614,1.01705,0.787663,0.931029,0.892209,0.846486,0.848016,0.879694,0.916141,1.03202,0.875361,1.29914,0.972534,0.93458,0.973312,0.900731,1.06071
8,0.936743,1.28146,0.938969,0.918375,0.995538,1.01294,0.896531,0.815609,0.916312,1.05779,1.11999,0.805688,0.838325,0.962377,1.0966,0.888624,0.862945,0.864079,0.720095,0.910444,0.925572,1.03234,0.806292,1.16351,0.921393,0.776343,0.904001,0.860657,0.892128,0.736326,0.912853,0.949299,0.88746,0.973228,1.01995,0.833092,0.971428,1.01427,1.18249,1.16252,1.09176,0.976125,1.00756,0.911949,0.830973,1.077,0.840668,1.03811,1.0904,0.954209,0.9277,0.905227,0.937567,0.971713,0.799065,0.88571,0.994194,0.893506,0.879058,0.859595,0.93468,1.05961,1.03845,0.909739,0.972808,1.03844,0.867398,0.758135,0.861906,0.875107,0.997313,0.908963,0.967321,0.952725
9,0.63187,1.00242,0.837005,0.839961,0.943824,0.945924,0.850494,1.03363,1.0067,1.03234,0.902691,1.00362,1.38757,1.04343,0.856992,0.872732,1.0877,0.784167,0.919182,0.680632,0.763934,0.7258,0.890155,0.964635,1.05165,1.42035,0.984255,0.750275,0.871613,0.763379,0.818749,0.85735,0.993628,0.960931,0.964305,1.05758,0.827682,0.825266,0.775954,1.02605,1.21024,0.915846,1.39927,0.903819,0.857695
10,0.950036,0.918814,1.00673,1.31728,1.1997,1.291,1.49713,1.38294,0.958912,0.808845,0.923476,0.990445,0.921769,1.49684,1.40828,0.966716,1.51665,0.877207,0.893328,1.06151,1.04788,1.05002,1.02561,0.941011,0.795303,0.854264,0.908395,1.07214,0.763304,1.12243,1.13374,1.07395,0.811646,0.695951,1.10695,1.00903,1.09147,0.804876,0.951354,1.01565,0.823568,0.987877,1.50076,1.08316,0.952475,1.05849,1.08498,1.03141,1.12621,0.936146,0.858623,0.728996,0.88735,0.924972
11,1.42683
12,0.918409,1.11359,1.09894,0.972256,0.949759,0.92829,0.975164,0.98335,0.969633,0.939112,0.950287,0.906327,0.866917,0.95312,0.854375,0.944926,0.952597,1.10907,0.979009,0.874832,0.79607,1.04158,0.643598
13,0.879265
14,0.788937,0.971956,0.892427,0.719176,0.811976,1.00657,0.724236,0.794818,1.11435,1.04065,0.674124
15,0.845022,0.967253,0.866776,0.911692,1.01906,1.01505,0.863994,0.850787,0.88749,0.914319,0.87208,0.849993,0.963387,0.911973,0.984335,0.917756,1.02125,1.08073,0.9331,0.955681,0.940279,0.96205,0.842906,1.03973,0.900595,0.987273,1.01744,0.897975,0.979249,1.04835,0.916373,1.00149,0.971105,1.05326,0.844355,0.979165,0.984028,0.919341
16,0.782449,0.911848,0.898626,1.01441,0.953507,0.838061,0.869622,1.03197
17,1.12243,0.896109,0.792165,0.969566
18,0.409241,1.10872,1.00018,0.935486,1.07132
19,0.898267,0.931442,0.901486,0.763681,1.04104,0.838637,1.02981,0.898923,0.939409,0.83342
20,1.11891,0.710107,0.654535
21,0.669256,0.842591,0.797492,0.978352,1.04381,1.01683,1.10642,1.04379
22,0.989756,1.24312,0.855288,0.846435,0.76203,0.959174
23,0.844704
24,0.946895,0.85485,0.855365,0.915074,0.986702
25,1.12475,1.02768,0.747877
26,0.773156,0.949157,0.909995
27,1.20346,0.976068,0.94913,0.798711,0.960996,0.83569,1.05383,0.970809,0.939817,0.969863,0.889635,0.903291,0.986639,0.909501,0.916298,0.91535,0.955043,0.740297,0.886066,1.02308,0.899807,1.02375,0.947407,0.675054,0.887809,0.95618,0.804411,0.945974,1.04679,0.884958,0.907658,0.938085,0.902399,1.00988,0.950355,0.766847,0.909642,0.952777,0.892658,0.939373,0.973162,1.08256,0.955094,1.14974
28,0.783677,0.893604,0.941586,1.14286,0.919668,0.999609,0.938377,0.961712,1.13566,1.06044,0.852987,0.797634,0.870608,0.945498,1.0384,0.960506,0.825723,0.813073,0.745253,0.926486,0.900185,0.756317,0.813427,0.975968,1.11338,0.84521,0.860366,1.14386,1.20176,0.926378,0.92152,0.878759,1.06399,0.807174,1.07326,1.22238,1.05567,1.0489,0.79497,1.00814,1.06884,0.879618,0.997666,1.09126,0.937499,0.998626,1.09671,1.07136,0.949822,0.769359,1.05945,0.980752,0.774183,1.02606,0.944397,1.03479,0.98048,1.09535,1.03945,1.14979,0.859788,0.993346,1.00732,0.975151,0.84361,0.878256,0.9478,0.845775,0.89102,0.87886,0.877833,1.13668,0.89186,1.03589,0.900336,0.962888,0.975192,0.696926,0.916185,0.921327,0.93141,1.03835,1.16031,0.938239,1.01987,0.953919,0.842964,0.836059,0.924849,0.852719,0.848997,0.837377,1.0204,1.17388,1.02453,1.05061,0.837999,0.982086,0.917655,0.69768,0.782457,0.83571,0.849937,0.8337,0.965246,1.04763,1.01754,0.917761,0.939364,0.916184,0.980267,0.774702,0.909757,1.00487,0.879903,0.915716,0.896285,0.911435,0.864266,0.748209,0.844629,1.04328,1.0888,0.862568,0.867474,0.911009,0.984556,0.954579,1.03866,0.99392,1.01428,0.865741,1.0021,0.962866,0.866649,0.946765,0.801417,0.913174,0.859621,0.901775,0.871807,0.987665,1.01411,1.00241,0.963426,0.933829,0.982497,0.921123,0.708896
29,0.821819,0.730121,1.08732,1.06015,0.809348,0.81245,1.34751,0.981508,0.952652,0.947487,1.078,0.714016,1.13025,0.972099,1.00454,0.96193,1.09025,0.919835,0.784558,1.02499,1.00408,0.956832,0.661654,0.840206,1.2659,0.672376,1.0423,0.886655,0.965511,0.794059,0.77108,0.983345,0.857751,0.951264,0.919815,0.676486,0.910709,0.845826
30,1.05783,0.955152,0.93519,0.934221,0.824888,1.03754,0.999139,0.877166,0.899785,0.943438,1.05198,1.02133,1.01342,0.853202,0.99107,0.814508,0.884957,0.793774,1.00458,1.04465,0.960416,0.885824,0.828356,0.929957,0.864902,0.921445,0.890964,0.869895,0.760849,0.994338,1.05072,0.878506,0.888464,0.941518,0.895038,1.00359,0.820391,0.997737,0.921574,1.05584,0.977519,0.943607,0.938016,0.754398,0.879703,0.774211,0.966149,0.919853,0.955404,0.83377,0.698606,0.789627,1.00726,0.975485,0.989574,1.01557,1.06206,0.813025,0.983098,1.01205,0.896783,0.797166,0.893009,0.781154
31,1.04391,1.14839,0.933864,0.955705,0.881334,0.846322,1.06443,1.08497,1.04018,1.07622,1.08629,0.797081,1.16169,0.863186,1.05126,0.898667,0.950973,0.847955,1.11135,1.01568,1.00896,0.896134,0.762878,1.06789,0.712366,0.837811,0.890191,1.17016,0.90744,1.46684,0.958004,0.720907,1.10146,0.927367,0.741697,0.953416,0.905767,0.922394,1.16882,0.742537,0.921938,0.695432,1.05303,0.883457,0.834319,0.778314,0.841481,0.814423,0.878197,0.91183,0.885242,0.864215,0.940125,0.828231,0.95214,0.701776,0.843367,0.90915,0.877614,0.990688,0.784027,0.753459,1.03875,0.886224,1.01621,0.873829,1.02956,0.985859,0.831239,0.921414,0.987597,0.854076,0.874959,0.898949,0.896959,1.24264,0.821873,0.892111,0.795413,0.850325,0.924197,0.7807,0.87789,0.904031,0.840688,0.753617,0.931234,0.951916,0.825039,1.03877,0.785275,0.985675,0.927919,0.97485,0.844633,0.865353,0.649982,0.964289,0.706922,0.892612,1.08839,0.911415,0.873219,0.763329,0.900017,1.00978,1.05736,0.948188,0.870722,0.804482,0.873002,0.960013,1.04338,0.949651,0.821724,0.871672,0.85556,0.824601,0.575137,0.97261,1.07778,0.752904,0.827737,0.904996,0.836481,0.792352,1.06797,0.87797,0.980885,1.19319,0.94211,0.763763,1.18561,1.05007,1.02389,0.951933,1.03692,0.80351,0.955667,1.0086,0.678485,1.27426,0.991329,0.893418,0.859165,1.09218,0.921754,1.0436,0.882164
32,1.15256
33,0.886829,0.971928,0.909324,0.782613,0.980882,1.05053,1.00883,0.948532,0.967851,1.05956,1.03994,0.949421,0.930415,1.02638,1.00529,0.810569,0.994325,1.04435,0.981322,1.14083,1.00942,1.09105,1.17419,0.882687,0.938378,0.827476,0.949746,0.965443,0.926372,1.03066,0.906445,0.876712,1.03894,0.998448,0.96577,0.832322,0.900169,1.20528,0.910476,0.973152,0.925504,0.963127,1.08357,0.906045,0.881157,0.835938,1.04169,0.974417,0.772761,0.980999,0.829785,0.744301,0.973444,1.00878,0.914771,0.873853,0.878568,0.939891,0.964099,0.909459,0.871487,0.92719,1.03087,0.944063,0.917527,0.946126,0.741318,0.983505,0.973166,0.899457,0.956243,0.965415,0.977021,0.991322,1.2865,1.04105,0.909624,1.08071,0.89735,0.967585,0.991892,0.922105,1.05273,1.0526,1.00696,0.911774,0.728405,0.929452,0.833862,1.05686,0.84874,1.10202,0.894933,0.989454,0.878258,0.919994,1.01277,0.777401,1.01528,1.14942,1.08268,0.985082,1.03162,0.817869,1.06934,0.903211,0.982736,1.20078,1.14679,0.826636,1.0033,0.869743,0.89668,0.953629,0.852718,0.907377,0.972953,0.903796,1.01959,0.969525,0.926329,1.05234,1.0092,1.22785,1.34736,0.96835,1.09161,0.958705,0.989108,0.93927,0.915831,0.85325,0.910503,1.00229,0.885397,0.97177,0.9046,0.958326,0.973004,1.00712,0.891322
34,1.11906,0.981233
35,0.894813,1.09526,0.983753,1.03411,0.894896
36,0.86434
37,0.839011,0.629106,0.824156,0.852844,0.78943,0.882257,0.865721,0.787886,1.01044,0.944739,0.964948,1.03861,0.999213,0.971044,0.990374,0.925143,1.03253,0.957856,1.00892,1.1062,0.852886,0.847859,1.0022,0.938842,0.874611,0.923701,0.980204,1.03619,0.962331,0.953834,0.90322,1.04614,0.852916,0.934523,0.86205,0.98565
38,1.09821,0.757551,0.856507,0.961702,0.860456,0.90337,0.897942,0.946701,0.959299,0.978286,1.02358,0.821897,1.10256,0.841243,1.03073,0.683134,0.750108,0.884967,1.26154,1.2434,1.24769,0.920602,1.01973,0.758428,0.722645,0.970466,1.08987,0.966569,0.854827,0.89386,0.846979,0.625205,1.0777,1.0842,0.954979
39,0.891583,0.865587,0.92808,0.885271
40,0.803684,0.79206,0.759155,0.751432,0.859425,0.817602,0.878195,0.785567,0.81035,0.878626,0.845801,0.766397,0.840049,0.843565,0.941041,0.879283,0.861765
41,0.935741,0.817834,0.884997,0.987158,0.843928,1.02309,0.983821,0.998003,0.887978,0.992418,0.812093,1.1494,0.842742,0.990553,0.963706,1.12043,0.955009,0.811887,1.16155,1.01745,1.16096,0.885698,0.905429,0.913467,1.02232,0.926762,1.09079,0.894848,0.737224,1.00734,1.2135,0.975828,0.928848
42,0.87052,0.985296,0.937037,1.14124,0.982703,1.10203,0.92044,1.03298,0.852192,0.817179,0.947482,1.08363,1.12879,0.85769,1.13914,0.983436,1.12259,0.856655,0.863084,0.830969,0.965013,0.779663,1.03837,0.963839,0.844883,1.06643,0.843694,0.980892,0.826151,0.844918,1.04827,0.992691,0.921939,1.07883,0.882491,0.822275,0.957499,0.924556,0.850054,0.886439,0.84932,0.910395,0.893225,0.79074,1.03374,1.01823,1.09932,0.952262,0.964197,0.960522,0.917149,0.987037
43,0.832795,0.652843,0.802407,1.06857,0.879363,0.944171,0.868274,0.846833,0.839474,0.854466,0.836786,1.05379,0.826274,0.773367,0.821257,1.03809,0.906874,1.07121,0.907065,1.02087,0.928412,0.966651,1.02706,0.865996,0.810538,0.900356,0.866629,0.805367,1.0058,0.762321,0.870557,0.793818,1.00268,0.893007,1.0199,1.01285,1.03607,0.878654,0.809796,0.904999,0.869241,0.939267,0.783289,0.888341,0.795878,0.915374,0.853616,0.914772,0.850673,0.833543,0.826377,0.925587,0.873631,0.847792,0.997498,0.926026,0.94902,0.934967,0.908745,0.680094,0.636824,0.807868,0.771249,1.25122,0.792473,0.678432,0.60113,0.868962,0.809526
44,0.976912,1.06904,0.982264,0.827937,1.04043,0.628079,0.834209,0.889359,1.07796,0.898439,1.23626,0.889107,0.759511,0.944446,0.75859,1.06394,0.816474,0.83009,0.888567,1.22013,0.950848,0.96473,0.891994,0.879786,1.03118,0.859922,0.942113,1.4357,0.880994,0.983046,0.744118,0.699521,0.931233,1.09742,0.77415,1.10626,0.705127,0.869462,0.853631,1.02229,0.958886,0.54422,1.0957,0.809068,1.26429,0.955042,0.869133,0.796131,0.854,0.902969,0.686648,1.11429,1.03835,0.921043,1.06677,0.942382,1.10116,1.02088,0.879489,1.07744,1.10314,0.826182,0.805038,0.919618
45,1.01574
46,0.871835
47,0.80853,1.04342,0.694666,0.891616,0.839552,0.675443,0.960716,0.887957,1.00395,0.904545,0.811654,0.847799,0.916944,1.00874,1.12252,0.952159,0.901856,0.763115,1.01188,1.03297,1.03694,0.701455,0.850292,0.992303,0.937715,1.00862,0.857937,0.85107,0.991958,0.805505,0.83076,0.876676,1.04318,0.869676,0.874442,0.787265,0.89099,0.90387,0.867265,0.949563,0.986296,1.04007,1.01743,0.901592,0.932088,0.990679,0.932279,0.987426,0.962947,0.819958,0.781927,0.939691,0.892119,1.06993,1.06236,1.04288,0.949902,0.98729,1.09136,1.17277,0.901091,0.656035,0.949356,0.996567,0.950284
48,1.11462,1.30973,0.934276,0.914731,0.900332,0.982133
49,1.3344,0.99191,1.06753,0.941761,1.12394,0.846644,1.045,1.06187,1.10309,1.06213,0.972124,0.906602,0.736576,0.866575,0.977664,1.03483,0.843733,0.918848,0.816737,1.02579,0.874074,1.03898,1.08828,0.939999,0.859766,0.915081,0.740764,0.981034,1.01589,1.0195,0.984902,0.904278,0.843449,0.825806,0.884322,0.792954,0.861189,0.94505,0.989788,0.949078,0.944506,0.927878,0.902688,0.91948,0.918451,0.859933,1.2436,1.01333,0.874693,0.907326,1.02556,0.839417,0.836909
50,0.914763,0.854885,0.989688,0.810874,0.917425,0.880027,0.888142,0.952335,0.972744,0.95264,0.880485,0.986096,0.834375,0.904027,0.962139
51,0.885497,0.6576,0.931004,0.737433,0.834455
52,1.0353,1.03838,0.791914,1.11436,0.958524,0.96925,0.936332,0.839641,0.945071,0.835431,1.00223,0.937159,0.797591,0.966848,0.961774,1.0031,0.958558,1.02579,1.01446,0.954882,0.750512,1.0909,0.953869,0.924952,0.74515,0.964109,0.971627
53,1.02773,0.977663,1.00406,0.734435,0.73507,1.15545,0.753272,0.931353,0.820638,0.703112,0.732526,0.943639
54,0.921779,1.23724
55,1.03089
56,2.19282
57,1.13518
58,1.10684
59,1.32213,0.769978,0.987348,1.23786,0.832796,1.0759
60,0.883051,0.920693,0.887535,0.721407,0.884612,0.802839,1.45471,0.897846,1.12103,1.08151,0.980045,1.42664,0.932692,1.19913,0.845437,0.854501,0.950617,0.852839,1.32772,0.754666,0.879476,0.807535,0.91359,1.04963,0.909832,0.850623,1.10868,1.02147,0.936834
61,1.27763,0.923793
62,0.768497,0.640832,0.818771
63,1.10649,0.892846,0.873036
64,0.927921,0.935748,1.05301,0.815399,0.998035,0.986009
