1,9337.41,23187.6,44333.8,51011.5,45643.6,43060.4,10374.6
2,17533.8,18777.3,15863.2,16875.8,16877.4,15798.8,8977.56,15160.5,16983.5,16981.3,9746.85,16922,14996.7,17552.6,15924.2,18583.6,15514,16338.8,14891,11026,16012.5,19566.5,17147.2,17861.7,18980.2,13822.3,15615.7,17110.1,18308.1,17623,21242.7,14430.6,16934.9,19783.6,12378.3,19071.9,17230.3,17997.3,17284.1,20488.4,16108.8,19689.1,18741.1,19518.7,15416.5,18104.5,20098.8,18795.4,18234.4,15541.5,14553.3,17895.5,19163.9,19390.3,15044.5,18079.8,16465.2,20869.3,20762.8,18585.8,12501.9,20775.1,15830.5,13732.1,18969,11180.5,20455.5,22803.9,19602.8,17292.2,16914.7,15738.2,21566.1,21200.5,9333.61,10656.5,15390.6,14722.2,21270.9,16434,20232.4,22127.7,19342.8,15310.9,21066.9,21527.9,20054.3,15971.7,14026.4,20786.7,17470.9,21362.2,7906.34,28526.1,19936.1,15432.5,19303.5,18287.4,18437,16606,17310.4,16284.3,19013.3,10388.2,21120.2,21925.3,18560.4,17191.7,18072.4,15070.9
3,17181.3,12269.1,10947,21355.1,22479.2,22169,22133.2,14178.5,14616.6,12193.6,13398.1,12785.7,15616.2,13011.2,10761,10701.4,9575.38,9279.27,8150.64,11293.3,8115.44,10023.7,15561.6,9107.95,9209.74,9204.99,8749.28
4,19418.2,21234,18939.3,13572.5,14492,15728,18357,16312.9,9409.82,12236.2,16539.1,12963.5,16877.5,19379.4,12533.5,16903.8,14398.8,16826.6,11806.6,14888.3,9261.56,9483.64,15001.2,17999,17589.5,12642.9,13671.4,21139.4,15682.1,15276.1,13272.2
5,17642.5,20611.4,20882.9,5648.74,9201.86,13974.9,11797.9,10312.2,8195.87,10503.8,11398.9,15082.6,9888.35,9551.63,10224,11604.6,10859.8,9284.63,16122.7,10724,7687.61,13562.8,8905.17,8289.83,8900.74,11824.3,10820.2,9442.07,9468.15,12319.3,6442.09,9504.66,11150.2,10248.9,7980.01,8014.21,8168.12,8825.38,10803.6,7839.55,7780.84,7895.44
6,43672,43682.8,47525,42694.3,37343.9,35288.1,45456.5,40833.9,43392.6,41647.6,40469.6,39334.2,28288.4
7,20441.4,48670.9,38851.7,49290,12513.6,15816.1,17877.3
8,6785.82,7158.11,4792.04,7878.47,5868.52,6410.68,7677,8649.37,7964.21
9,10729.3,15743.1,8278.55
10,9749.74,12483.7,12983.2,14209.8,15698.7,14133.8,14006.9,12698.7,13489.9,10004.8,12345.3,9889.11,12140,12423.4,10434.2
11,5804.45,7655.24,9526.75,7810.44,7761.4,7121.13,6756.96,7831.24
12,21475.3,33657.7,13663,10011.8
13,9726.59,13382.1,11681.8,11882.7,12843.2,9916.95,14018.9,9304,11163,11948.9,13629,12958.4,11943.8,9587.74,12903.9,10327.7,12274.4,12163.9,16110.5,17809.5,9706.55,12269,10304.4,10241.1,13072.8,14784.3,15310.1,11611.7,10911.4,12857.5,12779.4,14841.2,10793.7,14678.1,12183.9,10902.7,13038.7,7691.81,13074.5,16058.4,12250.5,12305.4,14397,11357.2,13937.2,17429,15977.5,11987.2,13553,11358.3,9745.67,11248.2,13167.8,10274.9,15026.8,10251.8,15253.1,14223.5,13112.9,11823.4,11427.1,16273.2,10811.3,10481.8,15575,12115.2,11433,12419.4,17734.1,11885.2,8743.1,8525.89,13089.6,7284.71,11596.9,10107.9,10133.3,17439.2,14329,10903.6,16070.2,7773.01,13358.7,11959.1,13269.9,12411.2,8397.15,12880.6,10878.1,10333.4,8765.66,7454.3,8128.5,9985.46,12952.2,12799.5,12204.2,9150.77,12801.7,10631.4,11337.7,13814.9,8772.82,13633.7,11776.8,11596.7,9531.07,13705.3,13931.1,13077.7,16508,14442.2,13448.4,13703.9,13144.3,11751.6,11565.8,16765.3,12149.4,11180.7,11334.4,12712.2,13397.1,7541.36,9693.51,4884.18,10100.8,10858,11859.5,11817.2,14344,11579,10158.9,9736.62,12772.1,10773.6,13272.8,11178.7,12409.8,14486.2,13705,12201.8,11106.3,11753.7,11799.9,11476.3,9791.04,12389.2,15754.8,10503.1,10829.8,9246.29,13059.6,11696.1,11817.4,12523.6,11903.3,11164.8,9990.2
14,10558.5,21285.8,12217.3,22407.5,27643.6,31546.4,23836.7,24393.2,21494.6,23182.4,21216.3,23925.7,28586.2,23994.1,21119.8,23006.4,23866.3,11546.2,5821.59,28067.1,22896.8,22827.2,26903,22121.9,21723.1,22977.2,19840.1,10163.2,20208,13335.2,17788.9,10354.2,19653.1,16029.3,23590.1,25093.3,29099.3,18055.4,23217.8,5419.08,15854,13341.7,19677.1,8647.11,21322.9,24383.9,23235.6,18264.2,19053.5,23455.4,21918,21443.5,21523.7,23538.7,13628.6
15,7945.78,16290.3,17855.2,21250,26276.8,9427.51
16,13085.1,25043.2,26464.9,23877.6,11329.8
17,14721.6,17341.1,7897.66,11988.7,9673.2,13165.4
18,14317.5,17954.2,18082,19110.2,18101.9,10040.7,20083.8,18184,19867.6,14142.7,20177.4,20459.8,17511.9,17484,17128.7,11151.6,18436.1,12537.4,19524.5,15129.7,16226.2,17868.2,14307.2,17926.3,16999.4,23044.8,20673.2,14445.2,17348.5,18175.6,16391.1,15722.5,16643.1,23386.6,16419.1,19008.6,17086.4,18243.4,16092.5,17488.4,18071.2,15974,10410.3,19210.8,17218.5,14145.1,18633.3,16461.7,18069.8,7636.48,11422.8,10867.7,16189.9,18391.4,20712.1,18265.2,17974,18736.1,18558.4,18470.4,15042.6,20726.9,22057.8,18571.8,18353.2,14698,14722.3,16885.3,10570.6,6078.57,17931.4,20247.3,20653.5,15026.8,15293.2,17278,18975.7,20099.7,22579.1,22512.6,17888.5,18263.9,21096.5,17775.3,16411.6,13276.1,19812.1,17854.3,11114.6,22091.4,16994.6,17962.5,17121.7,18527.2,15498.6,14856.3,15828.4,17461.4,18641.5,16795.4,19736.9,16461.3,16755.5,16725.6,17857.4,14103.1,16261.7,16174,16178.9,20230.6,20359.6,17686.6,18258.9,16722.5,9672.51,17269.7,15282.8,15185.9,18538.2,16455.6,15284,18921.2,19575.3,17773.1,7528.1,20079.1,20065.8,21032,15843,17429,16390.1,19051.1,9362.96
19,9132.02,29124.4,28449.7,9903.57
20,9075.66,9439.33,9257.59,6912.11,12522.5
21,6353.96,18160.4,20259.2,23689.7,7999.52,19136.7,7558.19,18829.2,15906.2,21122.2,22172.4,18121.3,13392.9,15981.7,13093.2,7938.46,10789.8,19348,12842.4,12430.5,8464.85,13760.2,8094.01,13941.6,12327.8,18736,8648.65
22,18256.4,19178.4,20548.1,21198.3,21095.4,19380.5,20813.1,19717.9,24118.2,27684.2,21514.4,23332.1,18767.5,12912.4,12814.2,19625.2,20510,19878.6,19994.2,21273.8,16397.1,17160.2,21944.8,23928,19976.2,19718.4,20306.9,22942.7,21726,25098.4,18514.9,24154.3,25191.7,12524.6,26045.7,24993,26712.4,22962.7,13490.8,8122.09,7620.06,5430.32,12480.2,13885.6,6079.98,16509,8398.39,8572.73,6662.6,10727.1,15049.2,8962.73,11472.7,7980.55,6468.02
23,14870.2,14255.6,9787.82,10567.8,9647.29,12917.7,8819.27,8588.36,13783.7,11559,8761.81,13724.6,11748.9,10501.6,10276.1,10467.9,9320.92,9179.68,13821.6,12461.7,11918.6,6412.32,10120.1,9463.12,7679.74,7929.51,10099.7,4696.1,5392.34,12130.5,10805.3,11263.1,10097.2,8960.97,8884.14,9519.6,11272.3,9271.8,9325.44,9783.89,9342.59,10035.4,7196.26,11866.6,8174.22,8112.66,11053.2,11672.2,8183.79,9181.82,10354.9,6538.17,9617.28,9255.81,11472.6,11964.1,9025.69,8652.38,6707.29,8915.18,9154.62,8079.48,7183.13,7727.2,8962.35,6229.7,9827.57,8038.29,8049.37,5339.93,7338.57,8672.18,11778.1,8655.85,12522.9,7986.81,14706.3,8149.66,9339.66,7990.17,10037.2,9419.24,8532.17,10149.5,8944.2,11774.8,7995.94,11824.9,13708.3,11004.1,10030.5,12388.4,10636.6,7975.27,9705.58,9809.7,10378.5,8041.37,11053.6,10138.6,10435.3,10409.4,9341.67,7026.27,9742.59,12420.4,7695.61,8609.92,8158.54,7191.04
24,30453.8,16830.3,9269.3,5521.04,6066.27
25,28087.6,21545.7,11192.5,22864.9
26,39875.1,9797.83,41167,47389.5,46359.3,49132.4,23929.1
27,22438.3
28,9060.69,9744.91,8610.78,22139.3,25038.2,20361.1,20577,18402.1,18792.2,20936.1,19440.9,18452.5,20163,13155.5,14206.6,10564.9,14682.9,18420.2,11879.8,18541.8,17768.9,7559.52,18128.4,16421.3,23101,18239.2,18758,15365.1,20969.4,19163.3,17349.9,20904.8,19135.8,19801,18729.3,19922.2,8334.94,19198.5,19821.9,8555.54,10896.8,15997.1,11345.6,15574.1,8554.41,20666.4,17001.5,18072.4,15695.8,16155.9,17566.7,18371.5,18458.9,15618.1,9890.39,9739.31,9874.6,12919.7
29,47754.2,25132.9,31922,22330.9,71156,36006,36528.5,24965.1,65896.7,31975.7,55215.8,30304.3,42222,44761.3,28559.5,78894.2,65086.6,74564.1,100367,99517.7,102185,102792,108488,98752.7,44303.8,56424.5,38037.8,60080.7,66399.7,56635.4,35203.8,10004.4,43197.8,53922.1,7176.47,10150.1,9039.8,12327.4,8439.68,9379.16,8803.58,6351.58,6315.17
30,6207.19,9474.88,7701.22,7009.74,9870.39,5984.45,7923.8,7174.23,6545.79,7955.29,7527.52,8246.6,8990.34,5794.7,7677.67,6401.98,11322.6,6103.13,6786.48,7392.2,8350.19,14234.5,5972.25,6726.46,8817.89,8901.51,6573.79,5580.2,8033.08,8620.41,7061.29,7139.89,7285.95,7166.42,8382.03,6306.71,11484.3,7003.87,7953.54,7391.33,6751.37,8872.5,15007.7,7696.32,6472.62,8109.55,6821.47,8718.42,10518.2,6859.15,8454.29,8800.14
31,9136.54,12576.3,16920.8,16986.7,7122.93,16734.5,17213,18769.1,15332.5,18880.1,14808.5,14410.8,17000,10682,8819.14
32,19623.2,54766.8,57931.3,52036,53551.5,11251.9,30890.5,51912.7,51577.6,52401.4,53413.7,53365.8,54417.4,55545.2,54990.2,56493.1,54158.5,53511,18017.2,21576.3,21773.5,46033.6,31136.4,33857.1
33,5051.21,19238.8,18068.6,14749.8,12908.2,16353.3,18152.2,13918.7
34,10619.9,13109,7006.39,13303.8,8388.48,10438,10723.3,13849.7,13532.9,13301.2,14669.6,14214.2,12767.8,10386.5,8418.45,10539.9,8966.47,13794.5,13628,10479.1,10132.3,13135.3,10452.5,13457,11264.6,12451.7,13065.8,12731.8,13130.5,7281.92,9439.61,13302.7,10675.6,8507.38,12009.4,12854.6,14873.5,9819.35,12716.4,14800.8,11961.6,10393.2
35,12007.8,12595.9,13109,12976.5,10553.2,13662.5,10944.2,12960.6,12721.1,10368.7,15398.7,12027.3,12160.2,11616.1,12201.7,12492.5,12847,8403.9,8135.4,8064.88,11908.3,13960.4,12344.4,10507.6,14724
36,23151.2,16717.7,26194,21307.4,24100.4,20358.3,20538.1,23390,15412.6,18712,18973.2,21263.8,20981.1,23396.4,17931.2,23567.6,9363.34,18974.5,22393.1,18232.1,14978.3,20276.7,20834.4,20069,21731.6,10641.2,8427.86,23276.6,20124.9,24770.3,10647.9,23434.1,20147.2,22160,26338.6,20933.9,13913.2,18786.5,22515.9,19417,18046.9,17907.6,7105.43,18416.4,17135.6,22005.6,20035.8,11511.6,20392.7,23218.1,21962.5,21027.1,21585.6,23263.9,21036.5,22874.7,24316.2,19990.2,24264.6,9437.8,24095.7,22705.3,21318.7,13907.7,14355.1,20821.9,6394.51,12950.6,23686.4,26224.2,18542.7,22554.3,20839.3,21208.4,23784.4,21379.4,20435.5,20225.6
37,12611.6
38,12893.9,26047.1,32568.9,30218.7,27331.1,18754.8,6667.75,27581.9,26034.9,31193.3,32922.9,32211.2,26685.5,10807,28851.5,23796.9,17388.7,11612.8,30067.5,28855.8,15452.1,29093.2,26268.8,30882.1,32210.9,26833.1,28366.7,18575.1,19562.6,32030.1,26550.1,24275.9,24449.6,28035.9,30977.3,8531.95,28070.7,29343.2,30667.6,24265.4,6099.01,29836.6,27441.5,29354.6,27503.3,25208.3,30667.2,28520.5,22068.7,25584.7,28522,28680.1,29669.5,30024.6,20557.1,20198.9,25108.9,12725.2,21944.3,26810.6,23347.8,23275.8,19912.9,23317.9,12721,24069.7,24404.3,27058.6,5818.34,8326.95,9612.88
39,12036.1,15702,10052.6,23354.9,22808.1,24842.4,22609.8,7116.46,11080.5,24121,25431.8,20644.2,31612.4,24940.5,19052.4,10821.7,15707.6,26300,21184.3,23361.7,11550.2,24170.1,24265.5,25109.5,26632.7,20404.6,25136.3,25176.6,26303.8,11880.7
40,7643.65
41,17820.7,18119.2,17892.5,21590.4,14608.2,12523.6,15328.2,14599.8,12247.5,16186.4,16299,14242.6,15376.5,13128,13720.8,19382.2,16316.7,16518.9,16668.7,12669.2,17335,13160.8,14693.6,12343.2,11592.5,14297.4,12436.3,19425.3,14405.1,14021.7,14785.2,8053.27,11729.5,18074.7,15582,15669.4,17230.7,14604.9,13855.4,17701.6,13410.1,12911.9,12949.2,10482.1,13219.7,13204.7,13938.1,16152.8,15479.9,11823.6,14468.9,15182.9,12656.8,13382.6,16893.3,15430.9,17811.5,14608.9,13953.9,15390.4,16217.2,13610.6,15178.6,18154.9,13994.1,16052.2,15746.9,17417,17242.7,18390.5,13563.6,15868.5,16954.4,17809.4,17710.9,14594.7,14453,12934.8,12076.8,12655.4,15083.9,7202.34,10025,14988.1,12273.5,9770.6,16246.5,12899.7,13130.5,15646.7,14832.1,12745.1,9769.75,6966.33,17634.2,9044.74,11376.9,16292.3,14256.2,13440.5,13149.6,14735.5,6339.19,10237.7,16099.2,11896.4,13359.1,9185.91,14604.7,14658.4,11009.7
42,19896.7,15574.2,15218.1,19736,14157.2,19478,23171.9,20362.6,15949.9,17580.6,16816.8,16402.8,21339.1,20452.5,18027.3,15094.4,18347.7,18700,17466.2,19671.6,19560.7,18179.4,18363.3,15335.9,10534.5,13965.7,13349.5,16039.7,21211.3,18411.9,18433.7,19448.3,14944.2,10904.4,14764.3,16384.7,17101.8,16501.3,15836.3,18352.2,16321.7,16560,14009.6,8466.61,17222.2,16056.3,20050.1,18555.4,18642.7,20574,9182.96,14681.3,13280.7,8459.37,10888.1,18507.3,16180.7,16117.3,12965.6,17126.8,16163.4,18799.8,16491.1,15209.1,9135.35,11762.9,15724.1,15206.9,7670.76,16141.8,15884.3,14192.9,14730.7,15854.1,19145.6,9104.06,16050,14385.1,14891.8,9618.56,10836.2,15935.6,12876,13050.8,8172.69,13684.8,8018.36,15289.7,11130.8,8431.35,9618.21,7665.64,9347.37,9335.93,9410.74,10195.5,14498.2,6794.45,4798.04,9410.86,11679.3,13483.8,14259,9905.36,11629.7,7624.72,11295.5,9027.17,7169.86,10609.8,8458.91,10447.7,7296.83,9870.49,7701.02,8050.53,7392.91,9502.65,9349.18,7837.43,8827.94
43,11180.5,37103.3,36466.3,38828.5,37818.1,32787.4,38445.1,40672.9
44,15264.7,13758.9,26152.5,23585.4,23163.1,18618.6,22160.7,20063.9,19839.3,20252.9,23689.8,21142.8,20263.5,11733.1,19721.1,19769.2,21075.2,21565.1
45,9678.88,14524.5,8663.81
46,13066.9,10039.5,27608.2,26620.5,14979.3,27394
47,16715.9,22286.6,17846.9,20737.8,21512.7,15510.4,20911.3,20238.3,20324.1,15196.8,13338.5,25006.2,19754.3,11726.4,14299.1,22895.4,23061.9,25510.9,22395,25533.4,17358.7,7717.83,20948.6,18644.7,20347.4,26406.8,22441.4,23737.2,24314.4,21710.3,21147.9,19431.5,16603.7,24929.6,23198.3,22411,21439.9,24076.3,20874.6,19653.8,20417.7,23050.9,23026.9,22977.5,22093.4,13754,10604.8,17098.2,15540,20816.1,19022,22682.1,20920,19276.7,20195.5,19718.2,19295.7,18813.7,21086.3,19826,17765.2,7688.14,24445.6,20120.7,23855.3,23456,14021.9,23136.7,17980.6,17991.6,15319.2,18485.4,18910.4,20492.2,17699.3,20488.9,15796.5,10571.6,12369.2,19232.5,19575,19877.5,18125.5,19524.7,19929.2,19712.7,17498,13098.8,14325.3,14209.2,20351.6,22197.6,20851.4,17612.9,16834.3,17819.8,15947.7,19698.5,23943.9,18777.2,12566.2,8721.49,6958.83,8649.54,8265.81,7811.21,7285.13,6729.7,6382.5,6815.33,9044.69,9810.55,5618.71,8921.2,11193.6,7984.54,8957.57,8861.73,7815.24,7471.42,8412.51,7228.44,8869.02,7443.57,8395.65,11854.5,8936.02,13051.1,8429.14,9885.08,9966.37,7878.1,10434.6,6173.71,12935.4,8042.06,9806.19,10098,7795.06,9373.66,13092.5,9597.4,7278.43,9523.19,9736.3,8798.41,8809.87,10024.2,8359.46,10253.1,10866.4,8383.68,8766.02,10401.2,6281.45,8484.28,7607.17,8457.51,7391.12,7353.56,9892.29,9755.92,10621.6,13850.5,21554.4
48,15360,9692.41
49,10602.6,10172.4,8768.79,6695.44,7974.51,9624.5,10385.9,13687.5,9667.24,11052.6,8287.93,8979.21,6416.65,8420.76,7361.16,8388.49,9514.52,8671,9352.32,7630.81,14810.8,8482.09,6829.26
50,13197.8,29461.6,25090.6,23707.9,26220.4,21304.4,36437.9,34172.3,19933.1,27851,34147.1,34799.9,33276.5,33912.3,34768,36518.6,31982.6,32595.8,37368.8,33256.8,20050.7
51,13237.3
52,6708.51,8811.82,10300.5,6929.2,9444.43,7214.21,6213.78,5706.29,7474.19,7861.9,8590.31,8451.93,8270.22,11164.2,8918.88,7080.46,6831.93,10427.9,11462.3,9164.86,8779.48,8397,8907.07,7850.16,9990.86,9516.74,8745.92,6543.55,12300.5,6852.32,10794.5,7416.75,9262.87,6748.26,7671.27,5668.34,7979.33,8023.25,9104.16,8999.29,9099.52,8707.21,9696.52,13029.5,6196.63,7060.41,8706.92,7765.09,6166.79,9322.97,9614.45,7988.95,9749.04,10171.2,7080.67,6341.86,10300.2,7286.55,7015.45
53,15384.3,31267,31881.9,28419.6,8371.98
54,12409.5,18056.6,15940.2,18071.1,14353.9
55,17346.2,20103.2,18128.2,16783.2,19111.3,22249.7,16269.7,15693.5,21184.2
56,11749.6,10323.2,34921.8,8408,20579.1,8742.13,35685.1,16570.3,22719.2,6201.04,31484.4,49492.5,60647.2,64166.8,61602.2,13934.7,48796,56181.4,59588.9,61925.2,58942.5,66779.3,61846.4,50288.6,62754.2,10069,22983.3,33227.3,31824.2,8612.99,9096.46,6436.24,30286.6,13502.4,8605.69,11680.9,9234.85,12647.5,6951.14,24625.8,28301.3,31246.7,6717.32,20766.8,23107.1,17515.9,14129.5,11008.5,14307.1,13702.4,15581.6,19591.8,16736.5
57,7862.13,11646.3,9810.92,8564.75,10168.5,10588.4,8774.25,11274.1,10999.7,8628.3,11923.6,10332.9,8422.83,10507.7,10803.2,7099.92,10621.9,9065.35,8794.63,8422.06,9609.03,9656.71,8274.37,9188.41,8372.6,9126.3,9955.15,9649.69,9283.53,8544.67,7641.33,10476.7,11411.6,6611.53,9129.02,8567.31,9809.13,11677.9,10482.7,10813.2,10158.7,11863,10052.1,6579.61,10860.6,10362.3,9703.02,10752.6,8966.9,7078.74,8097.78,8549.38,7720.09,7269.06,8642.3,7334.02,11398.2,8593.47,6793.04,10193.4,9738.59,8590.31,7849.79,7878.66,8456.86,9745.94,10675.3,9174.66,6755.64,8729.66,11693.6,13902.4,8731.01,11970.7,8787.02
58,9132.97,21210.7,17957.7,22122.7,19423.2,19730.9,17988.7,15858.7,22464.1,19968.6,19872.1
59,7926.82,10636.6,7432.17,20878.9,39171.5
60,9725.26,6638.82,7661.8,11372.5,11810.3,7035.34,8416.19,9432.78,11714.8,13610.4,11565.1,11329.5,13388.3,10436.6,14878.6,10937.1,11732.6,13301.7,12313.5,11567.6,12438.2,10232.3,13996,16417,10708.2,13015.9,17699.5,14895,12197.2,10300.1,13170.4,12187,12049.6,12003.2,9656.42,11051.9,14933.2,14187.8,9489.44,15141.6,10127,9847.68,12865.4,7165.96,11161,12066,9777.36,10534.3,10016.1,9979.14,7541.78,12339.1,9698.03,8084.95,6621.53,11239.5,11855.2,12276.8,15038,11666,13084.8,14096.5,14990.4,14654.7,14737.3,9010.49,17520.6,14990.7,15622.9,13755.1,18823.9,11599.7,11069,11127.8,12916.3,15183,14250.9,9969.74,9649.31,11021.9,10489.3,10682.3,7112.12,13635.3,13325.8,8138.94,9465.32,11548.5,16608.5,15260.8,15527.8,13921.4,14931.8,8541.67,16368.5,13125.5,13639.2,10170.8,13421.4,12523.3,12064,7936.6,11293.9,11768.5,13867.1,10191.6,11929.1,13270.4,11599.5,12880.4,14027.2,14665.6,14251.7,13753.1,7318.8,11064.8,10041.3,12923.4,14210.6,11789.2,13819.7,15499.3,13947.8,14562.7,14658.8,15139.6,15614.2,16038.8,14262.4,14062.4,14639.2,10806.2,14135.9,16507.9,13165,13114.5,13051.9,11217.1,15441.4,15398,12595.2,13308.1,14477.1,11432.5,9276.51,14625.4,15350.3,16496.1,15254.2,14475.1,21263.9,14762.8,14747,15414,16803.7,13917.9,15096.8,13735,14645.7,13928.1,18821.5,14542.4,16517.7,15528.3,13769.9,15576.9,18993.8,14184.4,12816.5,11901.4,14484.8,14041.6,14112.2,13599.5,14708.7,14849.4,16148.5,16366.2,11696,16280,12926.8,13848.2,15364.4,17963.3,11511.4,6846.86,18883.7,13812.9,16039.4,15941.4,14991.1,12868.3,16626.7,15690.3,15725.2,13510.7,15589.7,17586.6,10952.6,8287.96,15035.6,11088.2,10567.2,12487,14649.3,14102.5,11251.4,13636.3,13620.4,13993.6,16076.2,12465.5,12615.7,9254.84,16784,15498.9,14311.3,16239.5,13877.8,14966.1,12866.6,17040.9,15837.8,17555.3,14951.6,13790.3,18102.2,15097.3,13791.7,9397.24,8551.58,11260.1,17556.8,14090.5,15408.6,13719.8,9682.2,13914.3,14301.2,8238.61,8510.64,14913.9,12402.9,14111.2,13941,10369.5,20533.9,8849.92,15585.5,19510.9,17714.3,16969.6,15463.9,12631.4,16572.1,14280.9,15898,14638.2,12801.7,13545.4,14516.7,12724.8,12496,16527.1,15477.5,13755.8,15280.1,14353.6,11337.9,13392.9,14424.9,14406.2,15020.4,17153.8,15501.6,16020.4,15807.9,16683.1,13557.9,16076.5,9317.55,17638.2,18204.6,14996.8,12975.7,10369.2,19782.1,15898.2,19707.2,15505.3,11788.4,14401,15854.5,14503.5,12633.3,16868.5,13346.4,16359.8,18996.3,13624.9,17702.8,16450.5,10487.6,9397.35,17239,18336.4,13971.6,19864.2,16122.1,18239.1,18049.1,16858.1,11338,14158.8,18869.9,17794.7,11553.4,16409.8,15474.9,19313.9,18342.6,11475.2,7669.14,18634.9,17313.5,15422.3,19066.9,17764,19055.1,13810.6,15964.2,18399.7,15729.4,17725.5,14765.1,15016.8,18467.7,17288.2,20724.8,9816.88,17968.2,15235.2,19073.1,15497.6,17030.4,17895,15293.5,17522.8,17433.6,14741.9,10739.9
61,10009.8,6355.89
62,14176.7,52244.2,60022.4,63390.6,14077.9,11949.6,15035,14020.4,56868.9,60185.1,34970.3
63,7172.88
64,9767,7274.09,6506.59,7812.48,11028.8,13784.2,9949.88,9750.63,9435.36,9156.11,10801.1,13132.5,7793.25,9693.25,9391.58,11522.9
65,18631.3,25146.2,16143.2,26660,29952.6,30313.4,10126.4,29647.3,27310.2,27026,29150.3,28188.5,26839,24715.2,25076.5,22683,27341,34326.9,31037.2,28387.2,27002.3,26941.7,34412.6,28968.8,26579.8,28923.7,24346.1,17092.5,26204,26548.2,30063.5,25806.5,31176.3,31848.1,29440.8,29811.4,27897.3,35435,9406.29,20802.9,30044.8,25212.4
66,9587.83
67,13607.1,22805.6,11481.5,9587.37
68,8933.83
69,7448.13,8740.08,9549.58,8404.49,13035.6,9354.47,6853.15,7838.98,7614.91,8286.13,10107.7,6054.51,8863.4,7354.24,10398.6,9499.34,6779.81,8061.58,8103.15,7212.17,10800,6605.42,9629.19,7311.91,11380.7,9433.74,8253.54,7131.7,6187.2,6814.81
70,7198.98
71,6694.36
72,16140.6,23990.3,20385.6,15998.1,15943.7,18469.9,18146.1,16085.1,13255.9,15234.4,9960.11,15550.8,17439.8,13801,15257.8,12347.1,12199.8,15119,15314.1,16904.3,17888,19096.1,9259.81,18884.3,19644.4,18399.6,17232.3,19525.6,19274.5,18791.7,13944.4,17799.2,17066.6
73,11234.9,11974.5,16982.2,13584.3,19924.8,13486.5,18015.2,20960.8,15689.3,18916.6,16089.5,22440,23256.7,22435.1,20473.5,20803.7,19560,24378.7,22562.1,10938
74,7117.16,10500.2,9870.63,6611.21,6332.12,8538.98,8545.17,8823.45,9020.27,8231.89,8998.06,8635.79,9447.34,6751.73,6908.41,9499.81,6127.19,9920.34,6725.98,9400.26,8381.07,7552.34,8743.84,5363.92,9267.83,6341.62,12806.1,8556.16,8543.5
75,6561.05
76,18973.7,14688.9,20967.7,13943.8,14895.4,20645.3,33730.8,33580.9,33850.4,28158.3,33643.6,36710.3,19547.5,11817.4,38500,22352,14702.8,33428.6,31358.1,31683.4,32490.8,32704.3,28286.7,25969.6,32699,31475.7,10284.4,12762,29639.5,31723.3,33007.8,35674.2,35575.8,27718.4,31597.2,10235.5,9167.49,35073.1,32911.9,24184,34917.4,26653.1,32958.6,25811.9,29558.3,36647.2,20400.4,29031.9,33650.6,14813.9,6214.92
77,15396,38613.8,8872.5,59341.2,78572.3,14699.8,46716.3,8730.96,35969.4,23593.6,17739,43728.8,27752.7
78,33454.6,29662.8,29752.4,38469.3,29904.1,25907,14621,34009.7,7436.48,24181.6,30067.9,31416.3,31451.2,8867.43,13183.5,16444.1,22101.2,30726.5,29577.5,33917.9,20191,17863.3,34982.6,29931.4,17086,13816.5,31307.8,32756.6,29914.9,16139
79,17099.2,15088.2,18173.7,9849.05,10287.5,6501.89
80,29818.7,9924.95,9260.91
81,26621.2,34572.6,32284.6,12581.6,20435.7,28929.7,33549.1,33386,32246.1,32981,27359.8,32444.3,30765.8,29623.5,31947.4,32728,14374.9,34091.3,29030.9,10061.2,24469.3,27180.9,37292.1,30926.2
82,9873.98
83,35568.4,69510.5,58879.7,8285.48
84,34012.4,31778.6,10330.6,29197.1,31261.7,33069.2,31560.6,28849.4,34019.8,28357.4,11128.2,24532.9,27748.9,28308,23796.9,15434.1,37783.9,32012.9,12407.2,20872.7,17041.3,21057.3,24770.9,29915.3,34877.5,14787.8,22655.1,10165.8,27533.1,8018.97,24670.5,32616.8,23498,31277.3,30509,28739.2,8537.03,30529.4,30350.3,33923.7,29291.9,11292.7,29106.5,19696.3,16403.9
85,36725.8,58373.6,55566.3,62426.9,17529.8,5860.06,50046.5,56499.5,42147.4,8883.71,8965.04,9974.99,11305.8,9149.41
86,11421.8,8710.45,15967.5,45292.3,47007.8,53864.6,31067.5,13078.7,47383.2,35108.8,16256.4,36251.9,53642.4,17636,45569.3,47995.4,29752.9,37421.5,44986.1,8963.84,8135.91,12477.1,46329.4,9526.61,52580.2,58051.7,43148.9,52951.6,25888.3,29427.8,45806.1,12745.9,27701
87,8957.96,11291.4,8901.36,10033.5,10066.3,12457.1,8650.19,9699.8,10867.3,8391.39,12708,11128.3,11564,9506.78,11360.3,12772.4,13077.2,10608.8,13116,11542.2,12710.5,12360.1,8353.19,10481.9,11390.4,13006,11825.7,14609.2,11426.2,10827,10351,8780.67,10815.9,8859.12,10310.2,10625.2,10921.5,9243.04,10223.2,12074.7,7852.45,11387.5,10401.3,15498,12611.1,12234.9,10586.2,11982.7,11124.9,6799.8,10343.5,12293.5,15463.6,11565.8,11265.3,9280.13,8884.88,7081.33,10332.6,14075.5,9256.44,7210.16,9444.68,12317.1,11222.5,14270.1,11098.8,10592.9,13031.4,10157.9,10713.6,11361.4,11730.3,10826.9,12523.3,11332.4,12756.5,11345.2,10684.2,8805.36,9779.46,11515.3,11139.3,9180.39,9998.99,13356.1,10544.5,10139.6,9729.19,9923.77,9377.42,12044.2,10614.7,9770.05,9585.73,9398.96,9390.95,9327.95,10740.4,11622.3,11681.3,12294.7,10746.9,8067.51,12873.7,10992.7,7737.14,9992.47,11263,10682.5,11850.3,13851.2,12970.1,8528.43,11018.4,8349.88,10355.2,7692.99,11606.2,13902,12137.3,9431.77,11223,11267.9,10107.6,10142.4,9082.25,13218.3,14265.9,10756.1,9699.88,14768.5,10346.9,10062.1,9089.79,10158.7,10720.4,9883.07,10730.2,10779.9,12729.2,10626.6,12915.7,13024.2,12386.5,9401.51,10470.6,9096.53,14845.5,12023,11389.8,8902.15,7530.04,10904.7,12425.6
88,21213.4,19572.2,14858.3,13784.8,18956,17828.2,19601.6,7727.19,13796.7,11720.6,21780.9,18243.6,19275.5,13255.7,20730.7,16085.2,18378.6,17275.2,25572.3,19323.6,21094.2,12321.7,15572.8,20938.9,13907.1,13921.9,20065.3,15029
89,35318.6,19891.3,25364.5,39154.9,52494.2,43603.5,38508,47199.3,47390.8,50961.9,43608.5,47559,48342.5,31330.4,39813.3,41748.3,42087.3,42653.5,50126.3,44850,46733.5,22179.4,45813.6,47678.5,13502.7,20602.6,29610.6,21109.6,40404.4,13658.5,47954.1,44201.3,9294.98,53550.6,46125.3,49256.8,46824.2,30016.7,45080.5,54112.6
90,12652.2,16538.4
91,12938.3
92,8855.67
93,7117.98,7631.86,6354.05,10482,10571.5,11453.4,8154.2,9281.08,9518.65,7031.27,9876.89,11485.3,6101.37,9033.98,11194.8,10055.1,8269.07,10399.6,10980.8,11525.9,8074.7,7714.34,11478.9,9599.97,6383.51,10597.8,13455.4,6059.87,8863.64,9914.64,11307.8,9272.5,9910.6,14311.6,8014.32,8488.28,10346.6,11350.1,7334.73,6962.33,9616.05,10623.4,11823.6,10143.9,10453.2,6318.82,8763.12,6515.9,10122.5,8206.36,9110.57
94,8330.25
95,19224.5,37083.7,40701.1,35365.9,25378.6,11641.8,6603.17,8240.59,10313.2,33883.2,33219.8
96,9132.13,11295.7,6476.88,11945.1,13125.4,10609.2,6155.01,14477.4,8222.32,9028.27,18462.5,15774.7,15653.8,12884.3,7188.09,13617.6,14680.4,16089.4,14545.9,17672.2,14056.8,10378.9,14638.1,15494.4,18479.6,14250.2,7338.44,12296.4,16810,12520.2,15896.4,12395.8,9877.3,15787.3,11083.7,18152.1,15967.9,12425.2,16725.9,13744.8,15876.8,15459,16982.1
97,9372.62,9770.1,10686.8,7235.4,7518.66,8959.32,5307.21,6000.52,8173.48,6203.18,6516.32,11038.7,7064.08
98,9465.91,15807.9,12308.5
99,23347.3
100,7959.33,7850.16,19804.5,8912.93,16337.6,17030.1,18405.1,16713.9,22215.7,18594.6,17184.1,19746.3,14073.9,18893.8,18054.7,18605.5,18014.7,13010.3,13856.6,15445.6,15546.7,13631.7,19378.6,17871.4,19658.7,17887.9,13579,22867.9,19677,14806.8,19698.4,19619.1,14388.2,19853,17040.3,20002.4,17686.6,12273.2,19167.3,14633.5,20444.2,17139,22873.2,15875.7
101,16346,21370.2,14239,18535.1,18917.2,14396.7,5392.03,9225.01,7814.8,16371.2,16447.4,12417.1,10254.8,18399.6,11535.6,6094.13,25892.7,31911.8,13477.4,11542.7,7861.97,6798.97,6975.28
102,29569.6,13261.7
103,42603.2,25786.5,56619.1,54992.4,19002.9,23758.3,22058.4,46910.1,55329.2,18681.5,19508.7,49544.1,16701.3,19998.6,59295.1,56645.6,47854.3,34869.1,17728.9,57355.2,56915.9,63212.2,20283.8,14120.1,57247.3,11058.3,35802.3,58277.3,54211.5,51033.6,58095.7,16223,16276.4,53296.1
104,16006.3,19448.4,8755.62,14400.9,10784.1
105,29134.6,40196.3,6919.45
106,13171,25130.6,19404.7,17433.2,19695.7,17611.9,19632.3,20462.3,20141.9,16545,20123.5,11932.9,21925.4,17783.9
107,8274.57,27733.6,28154.5,21894.9,20652.3,17690.9,24401.3,24746.4,13675.8,25457,26428.9,28616.5,23482.1,22158.9,22931.2,23340.4,20128.7,26499,23137.4,25217.7,28236.2,17786.5,24490,11674.2,28941.6,21261.6,22917.9,20205.6,18176,21139.7,20334.6,24617.3,22278.9,16230.1,21704.3,21230.7,20557.9,23857.2,22558
108,32856.9
109,12616.7,42772.4,36271.6,43546.2,34825.1,39709.5,51797.1,55916.5,63765.5,49208.4,50778.3,42916.1,31254,14723.9,50578.3,61349.9,62967.3,58113.5,12027.6,17699.8,51437,49754,26808.7,21696.3,29801.1,20955.8,21979.3,35066.5,10927.7,12902,11325.9
110,15141.6,7594,8566.73,12845.9,18470.3,17518.1,12386.6
111,5970.48,8880.42,6588.45,19361.6,21365.2,18339.4,24420.2,23617.6,19575.3
112,22389.4,12206.1,8165.19
113,37368.4,32447.5,34160.6,34454.6,27680.8,34936,33425.7,39684.9,33400.5,34016.2,11312,26441
114,9903.06,7462.19,6491.77,10164.8,6971.96,8245.44,7812.39,7178.64,8592.17,7619.59,7696.03,10803,10074.9,8583.9,8760.98,9426.39,13264.9,12228.6,14053.5,11300.2,12831.9,12978.1,12792.8,13257.1,13055.4,11962.5,15031.4,12007.3,16884.2,14354.8,11536.2,10779.6,13159.7,14046.3,13887,11768.3,14452.5,8086.44,8449.58,9395.85,8161.82,6977.03,9190.56
115,31129.5,7065.77
116,30633.8,53329.5,54145.7,54441.1,24300,28241.4,45937.2,6581.95,38876.7
117,8333.94,26826.7,25530.4,27172.1,26913.9,26911.3,29094.8,25223.8,25790.7,29972.8,28576.3,27823.3,27022.6,25326.8,24316,26288.8,28837.8,24863.6,30823.5,27643.2,27940.9,20026.7
118,29026.1,37983.6,37394.3,27458.6,35414.9,34536.9,33799.3,23852.7,13299.8,36099.7,36027.6,34832.8,11368.5,38125.4,30370,37290.6,36069.3,29570,37563.8,35019.4,35958.4,25751.5,17456.4,16226,32632.4,36536.6,32656.1,36790.8,32023,33680.9,35432.1,26280.8
119,14696.6,7803.28,19918.6,22673.2,26222.8,30359,12844.4,28756.4,14795.5,15795,26974.6,22222.5,25442.5,26727.4,31876.2,26278.8,12536.3,16759.5,28276.4,31457.2,21823.1,12434.9,23950.6,8898.45,10263.3,23454.3,25858.3,23885.5,19586.4,13328.1,27511.8,28222.5,27573.4,10919.7,25826.7,21403.5,29369.6,24841.7,31821.6,26590,29673.1,28677.3,24495.9,28937.2,20528.5,28780,26917.5,33143.4,30566.1,27174.4,25424.2,8942.73,27698.7,23487.9,11530.8,16817.6,11441
120,7983.06
121,11468.8,8238.34,10793.5,21101.2,9739.54,16485.7,19208,20581.1,21034.5,16890.5,6433.46,22970.6,20313.9,22409.5,16997.9,15103.7
122,9850.94,19215.2,15873.7
123,23076.4,9000.83,9787.25,14782.1,8396.16,43797.6,59518.5,71708.3,63796.8,67967.6,23124.1,26156.3,54159.6,13500,40686.1,68599.7,61367.7,62431.1,34430.4,40673.1,40803.6,18301.3,32725.7,48919.5,56047.3,46693.8,70651.9,48386.7,16031.7,6209.26,7217.82,11691.9,12679.6,8419.43,11489.6,9667.31,8110.07,10589.7,6516.6,10082.9,12026.5,8956.28,10513.6,11028.5,8903.77,13559.1,8988.93
124,48779.5,20204.7
125,12056.6
126,15135.9,7481.47,8041.08,15521.1,7081.64,9509.18,8492.4,11800.8,17529.3,17451.7,19610.2,17083.4
127,18704.1,69986,81434.4,88063.1,69031.2,29150.8,8420.65,15753.9,24518,7807.24,16150.1,18151.6,27151.3,15673.5,22835.7,17786.5
128,12429.4,18420.1,62559.4,19167.1,19235,15353.6,27550.5,13891,26298.1,62447,57465.3,54274.1
129,7333.65
130,7367.41
131,8241.62,8993.97,11236.5,8306.91,11754.2,14009,10614.6,11851,8237.57,9039.21,9659.82,10278.4,9491.88,14720,10701.8,11543.8,10653.7,10663.4,11874.2,12390,8223.6,9839.45,11007.7,7837.06,11676.4,11004.8,8889.61,9726.68,8554.15,8504.87,8339.52,10702.7,15736.1,15694.1,16217.7,17157.1,17197.5,17236,20115,15311.2,17017.7,18117.2,15697.6,20510.3,14524,19446.5,17151.3,16269.5,18833.7,17710.1,8034.21,17226.1,15802.8,17672.2
132,20871.4,21846.2,26797.6,24404.1,8253.69
133,12058
134,37369.2,54226.9,45442.7,38963.2,34783.4,40728.8,34470,22883.7,17323.2
135,24725.9
136,8149.44,8680.74,9828.84,7712.07,6043.76,8037.9,8316.92,4595.64,9030.64,12642.5
137,12337.6
138,22975.3,38107.4,27190.2,15574.1
139,8098.94,27427.2,29630,31526.6,23900.2,26908.1,29482.2
140,10009.1,14359,11963.5,11637.1,13000.6,11091.6,14985,8228.57
141,8597.51,9955.41,10779.4,8209.66,13979.7,10520.8,11971.7,12565.8,8722.19,10508.2,14126.6,10024.5,14774.1,13374,8460.8,10123.3,13357.9,12538.9,11139.6,11855.4,13555.4,11045.8,11496.1,12187.1,13189.9,12155.4,9556.3,11029.5,12366,13921.2,11932,7563.84
142,10366.8,9713.35
143,7353.41
144,11678.1
145,7825.84,12630.3,16064.5,20278.4,21766,9129.55,22701.3,20341.7,18535.8,6238.46,19933,16800.5,17962.8,14476,7077.71,21369.3,19491.9,15674.1,21701.2,7765.14,23329.3,20239.6,23352.5,18773,6014.98,15966,19705.5,10782.4,17236.5,16017.3,23112.3,18137.3,18567.4,18277.6,13383.3,16605.3,18511.2,20445.8,20221.9,8133.25,14892.8,15723,10422.9,15512.6,14568.3,16228.4,17837.6,20543.5,16575.1,18572.2,18532.7,17172.5,19143.7,17012.2,20005.9,16239.4,14396.6,17863.9,16813.8,19654.5,8294.45,12592.6,21551.1,16236.6,21725.6,17017.2,19475,17209,19615.4,17291.8,14550.5,15496.2,20379.7,18063.6,18664.7,17072.5,19063.9,16624.6
146,13351.3,11913.6,11815.6,12226.4,10808.3,6815.3,12290.1,10498.7,11676,11435.4,9450.03,9954.69,10950.2,8686.94,8890.41,12506.9,11525.7,11863.3,8482.92,10148,8710.37,11342.7,8899.42,11509.2,8006.22,9109.65,10013.8,12149.8,11892.4,8230.79,9343.88,13039.5,11428.4,7665.49,9270.91,11552.6,7926.28,6936.28,8965.58,7982.87,12379.4,11200.3,11072,9625.04,7671.62,11042.9,11069.9,9300.09,6972.95,8456.6,11622.6,11283.1,11474.3,8721,10653.8,13288.6,11703.6,11704.2,8633.13,11960.3,11235.5,9700.33,11812,8547.12,6916.17,8199.23,9467.79,12824.7,9955.24,14054,8807.25,9591.35,11508.3,11066,13266.5,9157.11,8742.28,9444.69,10806.1,7223.42,9473.06,7811.79,8220.56,10105.5,10241.1,6328.55,12325,10155.5,12247.4,9107.33,7781.95,12231.8,9422.96,7847.09,9531.67,7074.58,8205.93,11043.3,10751.6,8816.46,8786.86,8956.73,12518.1,10149.9,11116.2,8436.71,10199.4,11875.2,8878.52,10251.5,7525.21,10297.1,11286.1,6239.68,8207.34,9043.32,9548.66,11407.5,9073.06,13785.1,7346.14,13774.9,9591.31,7794.47,11354.5,10777.5,8440.44,12153.5,11705.2,12023.9,6389.45,8880.05,12300.8,8770.57,12406,11063.3,8444.96,12434.5,11576.2,9320.86,9418.03,12827,11005.9,10936,12528.1,8631.98,6672.52,9380.69,7271.32,6764.64,7839.88,10969.2,9607.22,13371.4,11749,13011.5,8363.6,7853.83,10070.7,11374.4,6581.73,10919,11200.9,10048,9647.23,13001.9,15319.3,10728.1,11887.8,10876,6735.8,9918.12,10322.9,12089.9
147,20253.4,46123.1,51752.9,22259.6
148,10163.8
149,39551.3,37685.6,51413,32708,47176,7083.24,10769.7,7991.94
150,25317.6,9818.44,10217.9
151,19966.4,34430.4,38170.5,51216.5,50048.2,48498,45874.4,29659.3,44832.9,50335.7,6820.54
152,18814.9,33502.2,16948.1,51433,39951.8,43705.1,37062.3,9082,24169.4,44865.2,46677,57515.4,46995.8,45716.3,53211.6,25801.4,11328.3
153,7278.29,20816.6,34221.3
154,10029.4,54941,43610,26354.6,32500.8,35044.9,21861.2,28421.5,32274,17421,9537.03,6024.66,6143.88,6155.49,5620.5,7710.98,29914.5,24311.5,34744,33176.7,22659,23533.8,19680.7,42509.8,36345.6,13557.5,29831,29215,34960.5,19478.6,28448.4,30016.2,34402.4,6523.32,25168.1,27079.3,40084.1,25793.4,37179.2
155,18083.8,19117.6
156,7114.44,7897.52,10427.9,9292.56,6777.64,8767.03,14658.1,4687.33,7740.92,7666.93,8473.98,5411.23,8384.8,10581.8,7192.28,9417.99,9045.08,8950.66,7954.28,10835.6,7449.29,9286.33,5886.22,8167.5,8626,7685.44,11674,11315.9,7288.5,4699.21,7455.95,10788.1,6408.27,7645.74,7199.93,8046.41,8476.39,10415.7,9556.42,8932.96,8561.28,10535.3,7412.12,8530.17,10111.1,6838.91,6846.37,7857.61,5479.63,9242.58,6754.32,9157.75,8464.27,7678.7,8771.79,7650.55,9820.04,8241.5,10579.6,11181.9,6087.38,5674.82,9595.3,7936.21,8712.36,9411.68,8467.86,8297.09,8164.02,6754.91,10363.4,6779.56,8770.9,9010.96,8429.63,10253.3,7721.08,8316.53,8648.18,8187.2,7496.42,7688.72,9011.74,5638.88,10558.4,6003.11
157,7625.4,7291.99,10144.4,7099.22,9664.25,7787.15,5291.69,11117.9,5829.95,9518.07,8683.66,6068.95,6860.97,8079.64,8542.35,9122.71,7982.57,9146.41,9988.88,9650.78,8154.96,7449.85,8276.59,8501.54,7853.89,10777.1,8097.54,6764.36,9301,9951.62,10503.2,10208.8,7428.48,6935.68,10948.4,7649.63,10683.7,7304.07,7943.93,7617.51,9190.58,7387.58,9801.82,7403.93,9426.9,7956.29,7611.85,8648.35,11182.5,7376.49,10493.1,10341.1,9643.12,8079.91,7574.49,10844.6,7738.87,6285.86,8141.72,8130.46,8303.06,11314.2,7960.3,6306.15,7989.94,6211.36,6485.06,10635.9,13891.5,8473.65,10824.8,7196.47,6602.11,9643.92,8607.9,8892.67,8997.54,9252.54,7647.18,9535.63,9099.81,7704.99,9163.17,8762.28,7630.3,8103.81,4808.5,8095.72,9245.75,9185.49
158,6906.38,6489.87,7233.48,6851.11,6875.82,7903.38,33941.5,31874.2,32791.8,34020.4,31853.1,29941.3,32863.6,27820.5,32819.8,28452.4,32361.4,32765.1,27692.6,30757.8,23490.3,29787,27712.8,30372.9,32173.6,24713.9,30540.5,28864.5,18535.9,32398.8,29666.7,29349.1,16527.1,23793.8,29905.8,31917.8,27513.8,16735,17052.6,17713.5,21501,25586.8,33110.6,36092,28336.9,32916.7,29512.7,34524.2,30513.2,21210.8,32554.8,31042.1,33392.3,28697.7,33388.6,27759.6,32335.8,35369.4,31396.4,26675.2,22920.4,7947.34,23131.7,25837.3,25627.8,27607.3,23465.5,33350.4,34989.7,8120.38,16518.5
159,7485.82
160,11216.3
161,8797.35,13375.4,9390.95,66853.6,27988.7
162,17365.1,10960.4,7431.31,5949.94,13532.1
163,66674.6,8005.24,11879.2,73229.5,49645.6,68489.7,51906.4,13408.3,65301.3,60737.9,58037.3,23137.1,58656.3,29013.6,43727.2,23877.7,41272.9,61662.9,17728.5,42816.5,32098.4,20198.4,19125.8,34989.3,13378.6,48038.2,44890.8,56540,14805.9,9586.68,9534.15,12233.9,8943.02,7017.33,15683.6,14668.4,13376.6,11491.9,15784.2,10669.3,12009.5,18045.3,9280.06,13444.8,12498.8,14344.1,9108.18
164,13467,39156.1,42652.3,34683.6,39560.6,18675.7,24206.9,19171.9,47573.9,45951.4,44016.2,39162,8434.47,48361.8,15525.1,45534.6,49750.1,44338.6,45640.7,12908.6,41167.6,14218.5,12650.9,46213.1,34790.5,18632.8
165,8820.31,11866.8
166,13877,12849.7,12786.4,12919,10147.7,10851.6,14507.8,19493.5,35804.7,27168.1,35964.5,33583.6,46344.4,27933.2,38152,11622.3,36358.1,43597.7,44133.9,40160.7,33590.5,46137.4,57313.9,53407.6,42556.5,38899,16923.3,16058.5,8547.55,16281.9,18896.8,37490.9,70401.3,28815.2
167,27400.5,8968.69
168,10046.3,9925.12,9740.72,8482.33,12850.2,7995.91,7336.38,11504.3
169,24267.7,29000.9,30027.9,27865,33091.6,34039.9,31167.7,31207.1,15862.8,22119.4,6940.9,19491.2,22149.4,26643.3,37546.3,29728.6,22603.8,29592.3,25489.7,22331,30051.2,25562.5,27339,30364.2,26103.9,12538.9,22768.6,31360.9,31658.5,32101.2,29434.3,30589.6,13430.1,11188,21371.9,16114.9,30153.7,28499.1,34519.1,28843.9,30995.4,33178.1,27922.2,31715.2,6968.14,10587,10095.5,5415.9,16044.4,22093.3,32032.3,33047.5,20400,25733.3,25473,27962.2,6265.19,22911.2,16448.2
170,16247.3,9182.45
171,7625.05,7508.76,7071.76
172,5912.21,5616.06,6858.34,8942.2,5232.68
173,6104.69
174,7270.02,9392.64,6969.14,12256.9,9270.89,13635.6,11151.1,13852.5,13555.6,17346,13232.9,9897.54,12303.6,13702.3,12647.8,9346.85,12064.3,15704.4,9060.54,9730.08,9414.68,13911.9,15184,13113.9,13199.4,10640.5,11892.8,11603.7,14506,10224.3,12617.8,9976.79,13583.1,11413.8,10066.2,11822.9,12163.7,8715.29,13092.6,11223.8,14948.4,8679.71,10604.3,13766.6,12866.8,12457.6,11786.3,10128.6,10329.8,11725.9,11656.3,15081.5,11488.1,10853.8,16308.2,11278.8,13134.1,8731.94,9602.47,12648.6,9480.06,13451.5,11732.3,7696.69,12776.7,14354.7,14871.6,12104.5,14768.2,12455.2,10233,12715.9,11567.9,10838.6,13417.3,14726.1,15480.7,12862.7,8432.9,11508.8,13482.5,12305.5,8695.58,14235.3,11722.4,15586.8,10806.9,10381.6,13690.7,10523.3,8596.15,9046.61,12391.1,12681.4,11330.7,9969.52,12633.3,9592.92,11340,8381.91,13368.2,12075.5,13433.9,12321.5,9901.87,10674.3,9191.99,10054.1,13163.5,9578.44,10135.1,10315.8,10250.4,11803,15359,14026,11416.1,12746.2,10298.7,12600.8,9943.58,11411.1,12218.5,8296.86
175,14012.2,13599.8,31102.1,38871.9,36724,19116.9,10186.5,16966.1,10596.7,5178.98,10873.9,6468.73,7752.44
176,8973.09,11817.2,9785.53,8118.7,13739,14570.1,13298.8,10180.2,12434.5,9546.43,11551.3,13173.1,13356.2,7639.84,8418.26,13981.9,17155.8,11715.1,8693.21,12743.1,7027.41
177,9248.63,9040.2
178,31753.5,78517.4,39606.8,47597.6,50095.4,60963.5,52505.8,11692.1,36894.7,30961,6533.24,15821.9,10478.1,8199.3,11196.5,8579.43,20032.3,31293.1,11525,15962.5,13078.3,22803,6359.15,10899.2,18660.6
179,9683.23,14493.9,14534.1,14722.8,9555.89,9906.49,9052.97
180,6563.43,9069.82,9911.39,5818.44,21625,29021.9,14832.8,7938.71,14010.6,13833.3,11531.8,7805.13,18762.3
181,18994.5,20648.8,13465.2,26784,20105.8,31601.7,27152.3,23515.7,29551,14107.9,29052.1,25412,32257.2,24435.2,19335.5,14504.8,23733.3,17665.5,23240.7,37498,27159.2,29959,29502.7,29234.6,29296.5
182,11674.2,15102.5,7404.47,15540.5,16242.3,16434.1,17641.6,17855.5,16701.6,17601.3,17083.6,12118.4,10393.8,8809.23,15383.8,18789.3,14868.3,10016.4,19939.9,17736.3,14953.7,14159.1,15061.4,16190.5,19660.7,11592,17925.8,12492.8,15234.2,15849.9,18230.5,16684,19154,16541.2,13180.6,9659.4,18945.1,9713.2,17671.8,18513,15898.9,20031,17594.8,14258.2,18252.1,15884.4,18301.7,18034.3,14623.9,13528,14944,16579.1,15323.6,15360.6,16807.3,16234.2,19137.2,15828.5,16427.3,9032.17,16516.8,17347.4,13990.7,15138,16320.9,18299.5
183,21379.3,12998.6,68117.4,14025.9,35463.8,17595.4,65816,16761.8,53531.1,54979.9,58239.6,58535.7,52757.1,66336.7,66093.4,59492.9,61979.3,78659.3,57867.2,56355.9,63003.4,35874.9,31034.2,40549.2,21337.9,67455.4,15839.1,19037.2,17551.6,23221.9,57589.8,6183.79,10140.4,57297.6,30765.5,45908.5,22815.1,18409.8,59594.4,67568.3,68880.3,61435.2,71201.8
184,9737.91,15752.9,15472.9,16917.8,15106.5,14494.2,13487.7,16836.3,15940.4,14465.5,16456.9,14706.1,18282.3,14987.2,17207.5,14673.8,15939.7,15106.9,17152.3,16466.7,17421.1,15199.6,16800.9,15126.6,14714.7,12952.5,7903.23,16376.6
185,10614.3,27038.7,27281.4,24178.3,13126.7
186,19917.2,16207.1,11838.1,17858.8,16474.4,11768,18505.5,14239,16347,11275.6,16866.1,17812.3,11047.3,10448.5,21214.9,14056.1,7739.19,9888.99,11778.9,7647.09,15381.9,17394,8605.94,7734.82,10397.9,10372
187,9103.86
188,14422.4,48488.8,35046.3,28816.4
189,42595,75482.8,64238.6,30379.1,8357.76
190,76987.7,23372.6,18693.4,21676.3,17674.1,21255.4,14053.4,11929
191,12930.4,18139.7
192,10534.4,7669.34,6515.42,13191.1,9252.34,12101.8,13281.5,10589.5,12849.4,10762.9,11460.4,9080.06,12772.4,14532.6,13991.4,10150.5,8192.11,14259.8,10278.1,11491.3,16133.4,12213.6,11287.6,10828.6,9333.62,9976.4,8966.06,14192.9,7710.91,13833.3,12720.2,11568,9997.39,9332.87,10619.1,10782.8,9851.89,9819.22,11231.5,14742.5,11999,7640.11,9964.59,8679.19,12459.9,12076.5,17239,12846.4,13613.2,13080.1,12463.1,11702.6,9896.21,12016.5,13519.4,11748.3,10191.9,15879.1,10669.2,12906.3,13006.4,13978.7,14442,16311.4,7270.66,16134,11828.9,13138,10487.2,11962.5,10984,11983.8,13283.4,10725.7,10088.1,16451,10519.1,12285.9,11631,13648.2,10970.1,11406.7,12085.4,10868.4,14778,18012.2,13394.5,11312.2,10747.5,10601.5,11564.7,11157.3,13442.8,11100,12819.6,13212,8825.17,8228.59,10870.9,9878.56,11600.6,11396.6,12660.9,14510.6,12454.9,9637.69,9818.12,12226.5,11483,11000.6,13645,10872.2,11368.6,11418.4,12589.4,10768.4,11150.3,9983.69,8062.74,9350.29,12960,12227.3
193,39726.3
194,65866,36056.6,29292.3,89853.9,28112.8,54438.8
195,21179.9,35161.7,39409.6,27965.1,29718.4,36192.1,15385.8,41840,38786.8,15782.6,21679.8,31289.3,7179.41,33655.2,35498.4,38959.4,34740.6,18433,31287.4,24276.9,33474.3,18151.9
196,19455.6,38942.5,22113.5,25091.3,11195.8,10841.1,43226.2,28411.9,5873.64,33206.5,36346.4,10714,36187,21334.5,28753.2,13266.2,30294.8,33811.4,29140.8,19719.5,17550.6,22998.6,23535.3,29893.5,23231.7,32340.8,28149.3,9359,26198.4,29862.2
197,8796.55
198,10810.7,8089.66,10414,16464.6
199,32086.8,25722.6,15041.8,30964,31192.8,27818.3,25352.1,19685,14284.3,29925.9,34950,28413.9,27331.2,11106.1,28794.3,26102.9,23684.8,28815.9,25726.2,25348.5,5633.98
200,8461.4,46848.9,52334,32438.8,11506.4,40741.8,20881.9,55819.5,51402.7,27585.5,36102.3,24990,47229.4,57448.5,12072.5,8658.15,40360.2,10747.5,9097.83,36779.9,43063.5,39808.7,9889.52,42481.3,37656.2,39178.2,22885
201,10383.2,13183.4
202,70634.9,19519
203,8613.87,6553.92,10787.8,9235.3,8752.61,9591.01,7569.27,7031.27,8333.03,8031.51,7823.02,6880.62,9100.8,12320.6,7071.53,6383.21,9787.57,7330.29,6916.02,7422.43,11807.6,8160.97,9538.14,7117.56,7102.14,7958.77,8678.92,7454.47,9929.45,7124.05,7258.38,8000.32,5483.47,7443.09,8898.31,9117.43,9679.76,10090.2,8655.59,9294.79,6946.42,5929.38,7708.18,8428.1,10587.1,6156.23,6825.73,8815.24,9573.88,8384.4,8890.98,10889.9,7444.69,9177.91,8138.01,5328.01,7093.1,7401.94,7285.96,9853.42,6051.43,6146.43,5981.97,5498.46,6884.8,9955.86,9898.36,6727.27,6802.55,7583.68,8517.71,10286.6,8038.49,9165.73,8301.66,7293.46,9028.24,10216.9,9341.43,9802.63,6582.6,8192.7,7218.5,6248.15,6026.22,11115.9,12166.5,24884.8,16724,11806.6,11353.7,8163.47,18259,10319,11633.8,30767.9,11955.8,18560.4,7187.32,8385.35,8806.57,7272.14,6768.37,10307.8,5866.41,8654.3,9456.75,9133.03,9465.73,9511.13,7840.87,7607.48,9295.23,10976.3,8108.88,9844.64,9076.87,7623,10533.3,7809.98,6300.45
204,7472.72,11304
205,7692.71,23848.4,23213.6,24153,26653.9,10643,22922,30625.3,27169.1,24168.5,22264.3,23970.8,24579.7,27302.8,19398.6,31704.5,26338.8,26353.5,23695.6,27716.9,28827.5,29725.3,28271.1,25489.3,24084.7,26990.5,16758.7,11089.3,25574.5,28292.1,8901.02,12595,24673,27694.9,14143.7,27209.1,25215.7,25786.2,29584.8,28256.8,28615.6,27107.8,25176.5,29950.7,24097.9,24040.5,27504.6,10712.1,16703.5
206,12455.7,11477.6,14932,10496.9,13413.1,12975.3,10633
207,18861.2,11197.8,17090.8,8823.25,6558.45,19782.8,19112.1,32717.2,15706.8,7949.64,18587.6,27157.7,30946.6,35851.2,29876,26354.6,25818.1,23704.3,18824.1,25748.3
208,11439.9
209,19608.4
210,11546.7
211,39778.4,42798,37291,13212.4,37652.5,16131.6,36727.4,46292.9,44566.1,35163.3,49143.6,7091.84
212,11249.3,7682.73
213,9207.03
214,7732.86,8716.34,10675,9174.75,12994.1,7061.12,7327.78,10771.3,8745.54,9297.01,8860.11,9479.17,6065.96
215,7001.8,11503.4,10761.7,13893.7,14195.3,10146.5,10126.1,15357,13347.4,10380.4,7102.9,10048.9,15493.6,11744,9158.07,7665.96,10659.5,11474.5,12193.9,14236.8,11119.5,9724.8,12695.1,11009.7,9966.88,9700.4,11420.7,12433.8,9628.48,7691.08,9631.96,11608.1,11193.8,11332.5,7599.58,10463.2,9027.57,13655.3,13500.3,13837.5,10521.4,14049.5,13795.7,12016.5,11190.7,11728.8,11830.6,10721
216,21559,9000.63,10629.4,6710.54,11433.1,13348.3,6635.88,11047.8,22927.1,6487.57,20344.1,14479.4,15981.3,16549.8,7651.71,16675,9983.22,14628.8,18779.7,11209.7,31236.6,17129.1,32417.7,29264,25437.3,33126.8,8455.59,11903.7,11641
217,6664.25
218,10718.5,10791.3,10645.7,7841.2,6866.49,7800.04,5826.48,13656.6,8645.84,9859.79,9372.7,8989.99,10505.9,10217.3,7203.32,12207,10342.4,7878.21,8207.48,8695.27,8620.93,8348.03,11356.4,9988.41,12404.7,8988.27,9035.78,11793,10910.9,9174.62,9500.7,8841.65,13517.7,9332.02,9730,10025.9,9025.38,7983.41,9968.11,8863.68,9879.51,9610.59,10790.9,8485.42,10001.8,9493.62,7326.31,8281.01,10387.7,6930.6,11119.1,11510.5,7214.21
219,7478.3,7523.98,6017.68,11437.6,6884.7,8499.92,6853.61,7916.39,6387.98
220,12181
221,15067.9
222,7672.91
223,10674.5
224,9102.26,8029.37,7034.92
225,7530.44,11121.4,9887.14,11276.4,14591,7830.95,10572.7,11686.4,14156.6,16782,13784.8,9956.58,13317.2,9424.16,10831.6,15407.1,10742.8,10791,10871.8,13443.9,9738.99,13949,10934.8,11819.7,13517.8,9962.12,12158.5,13372.8,12026.1,12757,13957.4,11411.7,12639.1,12187.8,11578.1,11368.6,12504.2,14871.2,9079.8,13196.6,8895.02,10711.3,8510.69,13494.1,12403.3,9534.33,9367.54,11744.6,10590.5,11453.9,14613.8,8673.58,13744.6,11346.1,12427,12496,10618.3,10514.2,6685.7,8314.78,8135.86,14083.4,10826.6,14871.8,12971.9,11885.9,10905.7,12447.4,12910.2,13009.8,8974.76,11363.4,11272.7,12264.1,12136.9,12973.4,12863.8,9090.61,10129,11467.8,13639,10374.3,8393.8,13959.4,10214.7,13536,5538.43,10499.6,11792.6,12812.2,11071.6,12822.5,13089.9,12079.7,12637.6,15745,12657.4,12618.5,8778.51,10358,12616.5,14612.1,10469.9
226,13325.9,9649.21,12491.8,7921.42,8482.46,18111.5,5081.29,18479.2,10416.9,16789,15398.1,14314.2,16386.9,18293.8,17203.1,13785.7,16965.3,16587.3,16098.1,16716.2,11037,15369.9,17704.4,16666.8,15349.8,16308.1,14928.6,17513.4,15855.9,19525,17847.3,15434.5,13715.3,16850.5,14037.5,18493.2,16950,18407.8,16231.7,14861.8,15535.1,6230.33,7037.35,15160.3,18545.7,14463.2,15249.2,15311,18813.7,15904.2,15696.8,16926.3,19735.5,15243.1,12631.8,16223.4,15867.6,19618.3,14095.9,16927,15805.6,23680.6,10581.1
227,18891.7,32197.7,36433.4,69218.9,75332.3,54236.8,13470.6,21870,38421.8,74636.3,41169.4
228,44711.9
229,11705.4,37564.6,40758.2,38781.1,35013.9,36858.3,13076.7,9825.75,43955.9,35922.5,35781,36513,37286.9,35072,42188.3,39156.4,24262.2
230,11148.9,12331.8,11976.5,10407.8,9422.17,12684.9,14478.8,12095,8583.71,11152.8,14391,14294,16258.8,12657.4,14664.6,11459.9,13314.4,15937.1,11937.2,12316.3,15381.4,19622,13206.6,13329.5,12333.7,12146.2,13294.2,13865.8,12544.2,16297.9,13050.3,9942.09,9103.89,12795.9,8389.39,11280.2,12202.7,10764,11079.2,13131.8,14607.2,13987.6,10991.6,8036.86,12823.5,10837,12866.7,11362.6,11387.8,12238,12128.6,12247.3,14573.2,9980.17,13964.5,14752.6,15297.5,12902,14840.7,15358,13995,18800.6,13849.9,9889.66,11502.5,14109.7,14234.7,9717.94,14276.7,13220,12227.6,12483,12123,12349.4
231,19866.6,7905.46,22024.4,8835.92,13002.2,12873,26023.8,22288.8,25367.7,27432.9,13353.3,20762.1,14187.4,20368.4,9667.42,11481.1,7615.96
232,25267.9
233,12976.1,55070.7,16722.4,43859.5,24692.1,75397.1,32874.3,29909.2,65556.9,67838.8,66245,78700.9,25778.6
234,21522.1,16189.2,19227.8,18215,22685.3,18173.1,22433.1,17723.9,22933.6,21164.4,22341.1,18023.8,12474.5,16032.8,23399.9,21732.4,10814.8,7573.57,10224,8760.88,13080.4,9696.17
235,8280.12,6171.43
236,13483.4,18163.5,16232.1,12518.7,12959.2,13750.9,11352.2,5957.06,12602.2,9928.05,9442.78,11695.2,14130.1,12349.5,13614.4,14808.5,11288.6,15916.6,12587.8,11282.4,15419.8,10273.8,13537,14676.2,14238.8,12565.1,16544.9,11961.5,8555.78,15177.4,10556.4,13097.8,15005.3,14187,15858.8,9102.38,13240.3,7187.36,13061.8,13487.3,11306.9,13506.6,16478.7,12421.2,13623.8,11170.4,13130,14084.1,14634.3,11538.7,16898.3,14431.8,10602,10746,15073.3,11181.9,11487.6,9012.88,12694.4,13513.7,12271,12156.3,12181.9,12085.3,12951.8,15855.6,9903.51,13750.5,11976.6,10668.4,11444.2,12211.1,13075.1,13261.7,12852.5,7113.25,9375.68,14991.3,13028,15912.6,10539,11109.7,11709,9753.55,11131.4,9244.17,11374.3,10477,10451.6,8554.53,13947.6,10749.3,12091.7,8219.98,14592.9,9023.5,7604.4,9897.64,13539.1,9720.47,11167.8,13650.9,11674.9,11884.5,10836.4,14263,15250.4,11623.8,14428,9027.18,14341,11151.9,14996.1,12920.9,14033.6,15858.9,15939.6,11639.8,13804.8,11516.9,16460.6,14281.9,12457.5,14041.8,9994.21,11298.1,9365.24
237,10870.8,7619.75,9409.42,18681.3,11053.3,13032.2,11636,16602.4,16416.4,23656,18906.4,22247.4,20672.1,17742.6
238,16005.7,23427.4,23345,12838.1,6158.63,22267.4,21656,27049.2,24661.4,25063.6,23989.2,23080.8,17351,21254.2
239,9444.45,6445.16,9775.91,8121.44,5028.51
240,9477.33,11112.5,12429.4,11187,13632,11392.1,12536.9,16154.2,16454.1,18946.9,14711.7,14853.9,12638.7,11450.6,15436.6,13746.7,10527.6,10739.7,8600.32,10926.6,14176.8,10988.4,11529.4,16440.8,17249.9,13480.2,13253.8,15671.4,10393.5,12640.8,11857.9,12988.9,14489.2,17970.6,12862.2,15218.8,10051,8456.14,10071.7,11216.1,10043.7,13487,18560.8,15373.1,18200.8,7820.89,11247,13262.1
241,17305,13359.3,19136.2,19548.1,38711.8,31085.3,39747.6,36693.4,39786.8,40859.6,39498.1,37412.1,39257.9,33973.6,18621.6,34992.9,38460.6,34210.8,12078.3,29396.6,6104.76
242,18451.6,21151.2,17889.8,13627.7,11226.1,30202.1,31695.2,28263.9,33850.5,14700.8,32997.7,30403.4,30198.4,31170.7,28762.4,29582.6,31928.8,26574.8,36955.1,20368.6,15821.3,16147.9,7108.59,16199.3,28652.8,26739.6,32995.8,33623.6,32738.5,29894.9,37729.8,32953.6,28833.2,31212.3,27634.1,13949.9,16417.4,31657.1,15257.6,22760.2,16762.5,13417.8,11602.7,7443.79
243,15935.2,21322.3,22312.7,12966.4,17420.8,16381.1,14712,19334.5,16678.5,17450.2,17709,24074.2,4606.58,15122.3,13585.3,10066.1,16499.1,19965.3,18292.6,14763.7,9434.81,7207.44,7098.69,19659.1,19632.1,10013.5,7194.88,12184.9,12279.8,6119.87,6634.6,9807.78,8733.28,17714.9,11570.6,11836.2,23697.3,10969.5,7409.74,7049.13,6753.18,8561.28,8116.69,14470.2,9305.46,23257.2,9111.58,9288.51,10998.2,8770.76,7912.95,9557.64,7062.83
244,49454.3,59068.4,50382.1,57919.7,60503.8,59759.5,52740,58910.3,45463.3,50986.1,65177.2,54025.1,7932.59,40542.5,15622.9,22092.8,13530.3,22716.8,11402.9,53540.5,42419,41751.7,42677.6,9542.35,41784.8
245,20258.2
246,8316.24,8993.55,8286.66,9265.05,5880.22,8933.09,7466.98,11387.8
247,9119.11,24606.3,21355.4,26225,10087.6,15257.6,28074.2,19959.8,10306.8,30411,30683.1,22253.5,21247.1,26982,12437.9,30222.9,32575.3,28073.9,19825.3,19480.4,25243.2
248,6958.38
249,14824.9
250,31234,64117.4,46920.3,54775.7,64095.9,50481.3,50302.8,44844.8,67593.1,8331.68,63763.8,25637.3,14213.1,58379.1,62564.1,60999.7,7344.74,64795.1,49772.4,7368.06,46867.9,27483.7,58872.4,44799,40452,53454.6,60534.3,51713.1,7915.77,45061.2,55339.3,67500,45417.1,39603.6,13536.4,57254.1,50500.4,50054.9,36285.5
251,6549.45,15182.7,21486.4,17169.1,12521.8,8234.96,16878.6
252,6391.92,7235.05,7997.74,5668.54,5720.35,7297.28,8132.13,8056.77,7761.04,8860.75,8027.83,6215,7464.36,6131.19,8129.77
253,9739.52,20271.6,15357.5,16976.6,20191.8,16715.5,15944.5,17185.3,13785.2,15351,15170.5,16049.1,16680.5,13974.8,15123.2,13538.9,9709.14,14028.6,16746.7,14256.2,14309.3,16503.2,13973.9,15587.4,14075.2,14559.3,14237.6,12111.9,12032,17586.2,14469.5,16836.2,12289,13896.2,14619.6,9156.5,11062.1,15556.7,14533.2,14561.5,10260.7,14476.5,13227.9,20317.1,15875.9,14291.8,15625.1,18675.5,16575.9,15765.6,9610.21,10214.1,14839.1,16719.9,7596.19,14103.2,15081.7,13557.1,15237.3,15187.6,12973.7,17348.4,10686.5,10631.1,12956.4,12917,14344.3,15037.3,11011,14638.5,10926.9,13071.7,16109.3,10199.8
254,10504.2,10057.2,9000.43,25416.9,8212.8,13789.6
255,8044.29
256,12028.5,47572.1,51018.4,55628.6,43529.8,57251.7,45509,41863.1,45221.9,52644.1,54501.2,32123.7,49118.5,11477.3
257,7323.95,39267.9,41735.7,8560.37,31328.4,31101.8,9513.16,25150.1,52299.2,52047.5,19979.4
258,20467.5,11977.6
259,16523.9,15518.3,15053.6,12459.7,13055.2,18762.3,17923.8,15494.2,14940.6,16509.7,15717.2,10961.8,14959,15988.4,11425.6,15988.1,15921.7,11110.4,18253.4,16117,15409.8,16464.4,14835.7,14096.7,14607.5,15386.8,16214.9,16628.4,16980.9,18919.8,9493.84,15900.3,13335.1,9288.76
260,14375.3,6544.09,9278.49,8901.73,19222.7,12121.4,12881.5,9633.43,11564.2,11675.6,14582.7,14106.7,19829,15022.5,14100.4,13766,13040.8,8040.83,12340.8,9111.33
261,7645.97
262,35456.2,28901.8,33420.8,32883.6,31002.9,35983.6,33635.7,32691.8,38413.6,34355.7,33697.9,23815.2,12023.9,34218.7,14026.2,14273.4,19852.1,10954.1,9439.03,33805.2,10786.6,15707.4,14473.4,16173,10994.9,14053.4,15027,10911.9,19619.2,29621.3,13028.1,25721.6,10668,15124.9,15360,6628.42,6623.69,14942.5,26286.8,10963.4,8688.96,28250.8,10066.2,11391.8,26790.5,33534.7,11735.4,10567.9,10964.5,11087.9,22877.4,17376.9,11359.7,17103.5,15373.2
263,5852.81,6344.27,6462.63,6792.77,7232.48,9644.44,10803.4,8595.8,8169.1,9679.83,12499.5,9901.35,14080.6,6194.39,5944
264,9935.49,8796.32,9056.75,9397.47,6951.58,7165.2,12774.9,9071.78
265,12303.6,21326.3,18855.5,13205,9515.76,9572.34,21115.9,12959.7,15188.1,22312.3,13698.6,18691.1,13623.1,8753.21,20820.5,16190.3,14314.8,17761.7,19250.3,14133.2,19394.5,11743.4,12647.1,11780.9,18942.7,13176.6,14856.6,22296.4,15233.2,17811.4,15351.2,20829.2,15340.9,13226.5,16077.4,15669.2,23462.9,18711.9,18454.9,12372.1,18764.5,11006.5,14952.5,18102.1,11169.9,13203.7,18359.3,8922.23,21305.9,12790.4,12577.5,19770.6,18193.9,19454.7,10884.5,13603.4,8600.44,10097.7,9612.51,13960.9,9868.13,4850.05
266,60404.9,67373,58886.6,9976.42,53203.2,60759.2,71163.2,68703.1,72028.6,63473.6,63113.3,32234.8,6066.21,69475.2,18539.4,54003.5,69138.3,71486.9,63967.7,15515.2,24883.1,64494.9
267,7109.58,10859.5,20834.3,34092.8,19763.2,10997.3
268,8940.44,12143.2,7075.69,9564.55,15784.1,7231.67,16272.5,14279.7,11863.4,14413.5,8336.61,6892.7,10760.5,6717.43,9381.7,7922.53,9982.44,7010.93,5891.63,7132.41,9412,10162.6,9293.32,11150.2,7060.99,7846.38,7267.56,11918.5,10897.7,7179.73,6586.43,10571.2,8325.36,9086.1,9151.98,8508.41,6900.27,10896.9,6486.49
269,27822.5,24127.9,23636,19148.2,27378.6,23139.4,24406.8,12712.2,23848.9,16509.5,24035.6,8829.73
270,5839.35
271,10128.5,10051.2,9933.69,16319.2,10856.9,8922.14,10785.8,18108.4,16386.9,11469,6026.27
272,9519.84,9102.36,7445.06,8126.14,9840,9117.29,9116.71,7663.18,8405.31,14194,9030.78
273,30700.6,38282.1,21240.5,48373.5,41574.5,32381,31992.7,42718.3,39587.4
274,35699.8
275,8906.52,19219.1,10602.9,14175.9,15244,16759.1,14813.2,22616,20202.4,19622.2,11859.5,11147.7,21806.7,17622,10856.3,20901.2,7314.24
276,10380,11619.4,16249.3,14291.8,11555.4,13204.9,9811.74,8456.83,10117.3,14639.3,8073.13,9776,9646.09,6265.53,7848.64
277,67825.7,10559.1,29285.4,12817.9,52923.3
278,7852.45,11993.4,8664.08,7766.73,15108.1,20545.3,22214.8,8808.98,16203.7,20836.8,20483.9,20600.6,21623.3,25560.4,23099.8,8524.97,21102.4,21824.7,22130.8,18251.4,19668.6,28344.6,19652.8,19427.1,20991,25104.3,18460.9,9571.46,22633.1,20896.2,22171.5,22985,21498.5,19217.4,23436.2,9228.27,21350.9,21798.7,6411.26,7549.99,13532.6
279,34180.4,13976.9
280,9853.86,35606,34028.1,7994.97
281,10232.5,22607.3,14034.5,18098.9,16877.3,7126.85,29409.6,31987.7,42528,33115.2,35066.2,18360.5,6697.94,30211.4,17770.6,16127.7,10210.7,14439.3,23762.5,7348.79,16074.8,21295.8,29819.1,15636.8,18373,10582.5,30226,33063.3,12746.7,8535.44,7049.54
282,7917.79,9481.42,14239.5,6460.93
283,11076.9,8350.18,9146.25,7446.06,9752.63,9798.66,7635.2,6177.63,8028.2,8014.32,12067.3,7548.6,6190.58,13931.1,13427,5993.33,9951.92,8408.19,8703.61,10336.5
284,14862.6,17349.3,18462.8,15208.7,20599.9,16823.8,18906,16155.7,17747.6,14172.8,15156.2,16357.9,13301.4,18707.8,21467.1,17811.5,17157,15597.5
285,15308.7
286,10799.6,8768.96,12762.5,10562.1,11168.7,18644.3,17853.5,18812.3,12897.9,18354.8,18299.6,17950.1,17030.2,20758.9,13693.5,15782.4,17783.7,8766.75,7568.08,14135.2,15146.8,10853.9,11427,17576.5,12462.4,15238.4,13334.5,16763.4,19184.9,16919.1,19495,16340.1,13675.3,18237.2,17299.6,15695.5,16581.4,5862.87,17148.1,12799.4,21514.7,16278.5,17074.8,18453.2,19338.3,16418.4,16381.2,15767.2,17151.4,20308.9,17421,14758.8,10217.5,11160.7,13388.2,16804.5,18311.4,16124.8,16656,19799.4,19446.7,16643.5,17932.6,14669.1,9953.42,16693.7,15331.1,16297.7,19582.4,17383.7
287,11289.5,8462.75,13674.7,15392.3,13033.8,12544.4,6153.11,15923.7,11899.5,18569.3,11331.2,9489.2,8573.54,8628.81,7592.39,7718.83,8879.34,4682.48,9147.56,20297,28510.6,7446.5,16273.1,12703.4
288,10479.5,9488.35
289,6835.05
290,12771.9,8546.25,11539.1,7717.82,8812.53,15807.3,11500.8,13487.6
291,49047.6,39692.8,21856.7,24134,14064.7,13365.7,27132.6,18115.3,15124.2,27058.7,57039.6,10594.6,16115.7,11246.9,28264.9,11653.1,9819.74,18268.3,7019.18
292,7718.93,10064.2
293,14990.4,14642.7,14569.6,14369.2,10964,6666.21,7172.03,8203.63,8601.94,10713,5637.18,7994.73,7299.72
294,11946.9
295,9108.3,88868.6,95956.8,86906.8,28191.9
296,8991.03,6960.39,9797.43,7087.66,7861.32,10184.3,8150.64,7682.24,6823.6,7923.81,8177.33,8282.35,8026.97,5542.48,8827.31,8902.1,6155.64,5128.54,10599.4,5854.56,6312.71,9172.26,6675.9,6674.73,8432.2,9653.63,7595.28,6526.62,7656.59,7581.54,6038.55,6978.29,7041.37,5581.63,7818.76,6424.43,7452.47,7448.73,8642.83,8700.63,7044.2,7279.62,7090.29,9183.26,6945.71,7109.5,5853.05,9376.59,7853.37,9472.37,6276.32,5922.24,8605.49,8371.35,7385.36,11323,6115.5,9187.57,7857.83,9316.16,7316.63,5942.45,6581.31,8139.84,5552.14,6030.53,10145,8451.44,6449.26
297,16597.7,17695.5,17534.4,13303.3,12194.9,17273.6,11292.5,15372.2,14561.6,13921,17059,8588.14,14271.4,15661.1,8123.03,17585.2,11136.2,12587.1,11573.8,13573.1,15898.1,10205,12333.7,12016.9,15756.9,19930.4,15199.3,19776.3,17975.3,16645.4,13277.7,19014.9,16285.7,17214.2,17716.3
298,13826.3,48428.8,47997.4,55366.1,49793.7,14863.2,42816.8,43865.7,53621.6,49326.4,54839.2,40119.9,32865.2,31135.6,48197.3,41092.9
299,8499.21,10346,13793,12598.4,9149.31,9289.14,9067.18,13557.3,10520.2,10925.3,10951.4,6108.22,7616.5
300,13962.8,38722.4,35174.1,38364.7,39283.6,35015.6,40474.6,21038.4,24141,38297.1,10655.2
301,6872.13,26488.5,28565.7,13677.8,8067.16,26988.3,27097.6,11887.2,21553.2,6339.4,22519,29492.9,27480.4,30046,26563.6,25100.5,24581.9,24888.3,26491.9,15172.9,29084.8,25089.9,28080.3,22198.7,14399.7,23259.9,27844.9,6849.67
302,7326.52,25647.5,17536.7,25396.6,69409,36067.2,9094.38,18206.5,54705.7,46862.5
303,10119.3,7324.69
304,8566.09,51848.6,25665.5,16082.4,52393.8,57172.5,13025.9,18684.6,23393.7,42456.6,41359.7,61921.8,41945.3,6489,15841.9,32272.8,47788.5,50178.6,59927.9,58090,59149.1,62941.4,42187.6,17631.7,6373.02
305,10730.5,38949,12281.5,46487
306,14753.5,12258.5
307,8846.25,10104.3,10190.4,12114.3
308,66985.6,67789.8,25062.8,30699.5,76157.6,58453.5,29151.2,63315.6,13927.7,14073.5,44510.4,57840.9,66931.5,66215.1,7788.96,8594.51,58879.7,44456.2,69957.9,14404.8,45564.8,51827.9,60799.5,61158.2,27200.4,59902.1,48608.4,19222.2,28359.6,67004.7,68032.1,22561,63071.1
309,10265
310,43989.2,59787.7,62936.1,50236.7,30204.1,44516.1,59009.6,64406.9,46181,7111.9,8897.63,7717.27,14697.3
311,26163.4,29921.8,59512.9,51372.8,44973.1,38071,15116.6,50885.6,47092.2,50397.4,38088.7,47795.1,39310.5,10732.8,17276.9,42202.6,43613.7,25268.9,30942.3
312,52025.9,67275.7,66447.6,56687.6,51250.8,58906.7,57229.3,53799.7,52082.7,46341.3,69684.5,14620.2,42485.8,53369.3,47656.3,51490.4,20814.8,35895.6,45941.9
313,11929.6
314,8276.08,8346.61,8709.72,4652.68,10489.1,9787.01,8443.39,10129.7,8656.55,8777.74,7932.61,7776.55,6488.72,6643.74,9138.51,11051,6981.07,8954.32,10450.6,12042.8,7880.99,10177.4,7906.1,9688.17,9091.39,7888.62,7782.47,7547.22,10463.5,8424.22,9393.95,9888.01,9158.83,7873.36,11331.2,7124.37,9980.47,9051.31,9742.19,6443.5,8526.7,6561.24,8233.12,10278.9,8674.89,7812.05,12199,8196.48,6395.23,10125.3,10087.8,8337.82,8789.4,8817.5,7349.58,7614,9811.98,6827.15,9605.63,9783.25,6192.98,10720.4,9862.78,7688.66,8381.85,9877.8,9724.44,9721.39,10622.3
315,32142.2,42214.3,32246.7,21667.2,41789.7,29785.8,39435.7,40602,27019,34624.3,31808.1,39068.3,34033.6,15086,24847.1,34227.6,37904.1,37923.3,36799.1,43651.4,41638,41161.9,38350.2,41737.5,38916.9,7702.92,10686.5,38390.4,35310.3,36904.9,40768.2,39783,14771.1,8544.54,16500.4,12191.9,33752,9805.99
316,30206.6,25473.2,38335.2,31290.8,37381.2,21623.7,30536.4,31238.4,18034.7,36678.6,11790.8
317,10524.7,14944.1,17379.4,13631.6,43250.4,8587.66,12332.6,27085,40439,38918.9,41615.6,40655.3,44120.6,24031.1,16345.9,35624.9,32316.6,36460,44630.7,41702.2,42073.1,38796.3,35860.2,37771.5,30820.9,44224.3,30709.1,13010,30959.1,21304,16580.9,41273.8,34580,27218.6,39238,42316.2,27282.7,21086.6,21180.6,20866.7,25550.4,20205.9,23709.4,19754.1,18731.2,12579.1,7272.69,17702.8
318,12247.2
319,10040.6,31240.6,22391.8,7787.33,22586.7,25357.4,37977.9,13446.7,26947.1,8647.87,32595.8,37179.5,14322,29553.5,26844,25709.6,10596.4,18986.9,27245,37045.6,9732.92,26165.6,17756.3,16079.2,7266.81,17429.6,14453.1,36805.1,27427.3,9583.55,10763.6,6676.22,21788.5,12173.8,13576.6,13455.9,8440.65,11393.1,19068.3,6930.77,12750.3,9536.18,6382.55,8160.23,21801.9,24738.4,21660.2,7403.21,8226.88,17496.1,13768.7,20882.9,7075.68,7602.35,6026.77,22916.8,15264.7,11842.5,12224.1,21465
320,8218.48,8016.54,6893.7
321,10782.4,15753.9,12836.8,23202.6,23485.4,27575.1,22413.4,27676.7,24523.9,24082.1,22365.1,18324.2,8497.53,28083.7,21243.9,22396.9,28066.7,28784.2,15183.4
322,8030.35,7832.77,10680.1,10525.9,7274.35,9036.77,10193.7,7707.25
323,8408.81
324,5098.49
325,9070.09
326,12425.2
327,12820.1
328,31804.1
329,18533.5
330,20335,58239.9
331,8748.13,7001.69,7495.59,5850.24,7860.16,9623.46,9107.87,12024,6085.58,6346.95
332,8847.84,22756.2,9567.32
333,9786.55,8935.23
334,6992.62,11994.5,8371.59
335,10010.4,9918.34,6292.73,8649.05,12601,11796.7,9346.82,9719.72,10780.5,11627.4,12598.3,11548.2,12337,8429.25,10332.3,7779.58,10352.9,11660.6,14255.3,11173.4,12320.2,14078.8,12333.8,14378.7,13879.2,9359.67
336,10446,10681.3,14133.3,23191.1,23061.1,7848.77,12534.9
337,24885.3,39573.7,23453.7,13625.2,23979.4,45716.1
338,36867.8,35902.4,36422.6,14425.3,44826.8,42253.7,37944.5,22948.7
339,18927.8
340,16977.8,10557.7,26434.4,17295
341,7943.78
342,41077.3,46872.2,17817.3,21289,45421.5,14342,9074.87,7449.16,7033.91,7128.9,9753.35,6255.58,7968.71,9908.71,9412.12,8345.97,9463.34,8999.89,9061.02,10196.2,10572,10861.9,12137,9893.72,13503.9,8806.45,12534.2
343,13151,14490.8,21002,13294.5,15997.3,13914.1,12178.5
344,39425,38226,39914.3,36990.8,42080.5,42271.5,34651.7,43926.7,27501.4,15647,35220.4,35212.5,38383.9,8554.46,42365.5,26664.8,12027.7,32405.2,11485.1,41661.4,32493.7,37784.6,21010.4,39474.8,36000.8,31160.9,42490.1,37182.8,23905.1,20490,13502.3,33624.9,27696.8,37168.8,14504.6,23946.5,33726,26882.8,12137.8,34196.3,39939.4,44117.8,6997.84,9208.08
345,6615.92,21467.1,20676.4,17255.8,17943.4,14689.7,20241.8
346,9590.41,17652.8,10138.9
347,16877.8,57518.7,7041.12,7837.17,6875.15,10330.4,44471.6,51415.1,39160.1
348,11371.8,30708.3,46211.5,68047.6,78362.8,81276.9,33685.8,31574.4,71312.7,66503
349,9352.47,8287.68
350,10523.2,15049,6812.62
351,8044.68,6207.23
352,42942,10857,30823,12024,51244.1,20106
353,12040.7,9365.94,4925.29,17778
354,24183.2,36280.5,36269.4,36272.9,30137,35398.2,26339.7,9502.74,7182.42,9991.41,8229.54
355,11519.9,15070.5,7999.19,9190.81,9909.04,17438.7,11715.3,17541.9,10548.4,14833.7,11873.3,14139.6,6607.7,11387.4,6720.29,8244.11,11532.7,18145.6,12624.8,15052.3,9748.67,9391.84,11661,12684.3,13879.6,8906.8,9161.48,17039.7,13396.1,14411.8,8942.43,19750.2,13682.4,7667.33,12370.5,12484.9,17033.5,16897.2,11103.9,13377.3
356,7319.71,12574,14106.4,17176.6,14377.4,13395.4,14697.8,12214,9857.88,11452.9,10193.5,10738.8,8661.41,9944.44,7310.46,6395.75
357,13598.9,8137.57,11838,14754.1,8604.12,13153.3,17548.7,16771.9,12564.1,10081.2,8598.91,5349.47,8286.03,6172.03,10037.3,9476.97,8609.68,9050.97,11903.4
358,10232.1,8313.61,8576.52,7150.95,6105.62,7832.66,7805.89,7747.59,7923.71,10438.7,5836.13,5363.18,7799.85,5037.3,6828.1,7567.79,9958.83,7875.25,5932.12,6890.18,7376.95,6950,8410.02,7536.09,11544.6,8157.63,6606.11,7017.45,7450.77,6532.99,6276.96,5672.76,6039.77,9699.02,6990.18,8924.81,9561.28,6120.92,9159,9808.44,6532.63,6234.05,8699.12,8397.09,6657.09,9425.74,9535.76,10032.1,8159.35,7554.95,10474.4,6423.29,7364.63,9359.17,6368.3,7973.47,8763.58,7210.88,6218.76,9657.25,7021.79,9319.11,10157,12039.4,10145.2,8077.38,10049.4,10507.2,6884.97,8341.66,7325.48,10079.4,8307.11,5971.72,8152.45,9480.9,8629.71,8814.33,8088.39,9411.61,9444.7,7778.52,6662.99,7525.08,8897.65,8610.38,10738,9032.39,5416.31,6268.08,7787.21,10265.2,8224.56,7899.45,9892.33,7553.2,9778.83,6842.86,9469.38,8460.37,8763.32,8656.88,6433.97,8340.24,11528.2,8280.45,7136.65,5274.56,7305.76,9740.28,6915.98,6752.28,7309.03,8714.73,7847.46,6452.1,6553.56,7657.23,7083.76,7058.4,7145.23,4756.1,10316.5,8571.48,7785.4,5976.51,8011.56,8125.38,6792.82,6025.66,8506.65,7179.6,7683.03,7558.48,6018.8,9494.58,7696.85,6907.24,10203.7,7741.5,6517.44,7226.18,5166.52,8412.04,8601.54,5667.23,9199.52,6541.13,9066.81,7034.13,5829.57,8419.36,7748.23,9122.17,4938.52,7591.81,9528.1,7698.56,6901.55,9161.54,7187.3,9600.7,6414.55,6261.5,8220.15,8301.88,7217.69,6961.3
359,9533.92
360,7537.11,11012.3,21363.4,20666,14765.1,13130,20190.7,8423.1,14162.8,20089.1,13803.5,15530.3
361,7533.92,7426.68,7744.08,6098.22,7729.67,8206.14,8073.05,6567.01
362,9608.58,8518.13,8944.69,6497.34,12109.1,23690,19012.3,18400.7,19827.7,20396.4,24705.8,14678.2,16963.9,20243.5,20102.2,16256.2,19015.1,19789.8,14163.6,20374.9,19370.8,16968.6,19046.5,15623.4,23343.6,20684.9,13655.3,8277.87
363,56829.9,49814.1,51358.2,55640.8,49789.2,7076.62,6164.32,16078.5,39423.2,12942.5
364,10939.2,6980.07,7842.08,10121.1,8263.99,12591.8
365,36443.6,52565.8,44179.1,50933.7,40632.3,44490.2,25692.8,42772.6,53254.6,47061.6,48350.4,13888.3,33992.8,38978.5,27678.6,17218.9,12045.6,51173.3,43106.3,9845.8,20426,46085.4,39854.1,13403.1
366,38420.7,64891.1,74754.9,25633.6,42045.8,11629.9,30833.4,62987.1,66424.5,28152.1,17835.3,15540,56759.3,9970.09
367,8620.99
368,93099.6,86782.5,16168.1,11257.8,25605.7,15499.1,26024.7,14866.2,9755.21
369,12328,18223.3,16056.8,18362.1,16802.4,16504.8,14603.8,12282.6,17295.3,16620,14204.8,15731.7,13308.2,15376.8,13914.2,17133.4,15073.9,14631.6,13376.9,13760.5,16175.7,14109.3,12062.3,16995.6,15465.2,16199.1,18330.1,9140.36,6772.77,8592.84,6853.5,11545,7049.52,10271.5,10101.1,8656.78,6667.86,7410.16,10770.2,10754.7,10334.8,9506.72,8736.26,7908.88
370,9694.65,7507.42,6720,7512.23
371,17755.1,16879.9,11912.5,14183.9,14844.2,11382.2,12559.4,15630.3,11258.5,14332.5,12221.8,14261,14715.1,8512.14,7846.76,11940.9,12267.4,12374,14249.6,10435.4,16542
372,13428.7
373,14080.7,42144.8,30953.1,55676.7,36282.9,26227,15602.1,55252.6,36630.4,42021.9,29252.4,60213.4,24611.8,20625.3,50010.9,66246.9,58770.6,59276.6,45079,17121.9,15466.3,21888.9,24964.6,33305.2,14946.6,55863.3,19825.7,47186.7,36208.5,39629,28463.3,54892.4,20053.1
374,21442.8,27079.1,23418.5,25449.1,22168.2,22317.2,23359.2,23017.1,26344.1,16426.1,25608.9,27585.4,25074.5,19533.8,6811.18,24495,21610.3
375,39229.1,52690.5,52543.2,41474.3
376,11497.4,7033.01,8027.37,19258.6,51841.3,56299,39755.1,38717.3,63680.1,33293.8,45639.1,40313.4,32836.8,7163.28,31215.5,29299.8,40185.3,43920.6
377,8568.46
378,17640.7,7204.99,28114.4,10581.7,26664.5,31822.4,36818.9,6466.28,48652.2,57767.1,46955.7,49377.5,29336.9,48893.8,43374.9,51825.6,57808.8,18550.7,8954.7,51421.6,51448.4,9988.84,26496.8,47810.1,53031,55798.7,52326.4,53905.5,42283.7,24367.5,28676.7,47834.4,16575.9,46749.5,53270.8,49183.8,23767.2,8705.85,50546.5,37169.7
379,28832.6,32412.2,28150.9,28880.4,11693.8,38628.5,32136.5,6152.4,13237.2,29321.3,29667,29537.1,8164.22,27361,32371.5,33579.8,30913,28735.5,21914.9,32859.5,24175.3,25259.7,31853,6687.94,6528.24,25182.1,21452.4,19039.1,15437.4,28168.1,16509.6,15309,17655,9513.58,28458.7,30606.6,18043.3,9518.56,8238.04,20414.7,14566.5,21594.7,12542.1
380,10744,34154.8
381,19369.1,7911.14,28557.9,28845.7,20023.4,30367.3,25781.9,15555,8131.42,21441.3,11708.8,22322.8,27297.7,19808.3,31982.3,21188.7,16427.3,11330.8,17873.4,29672.9,25310.1,19174.4,12456.5,17340.1,29986.2,22960.1
382,8845.48,13447.3,11014,10500.4,20186.1,37299.6,46499.2,18582.8,25693.2,11254.5,35626.3,9856.46
383,14534.8,8997.07,8807.28
384,14914.1,13441.7,8062.53,14356.9
385,25101.6,26278.9,23704.7,7336.58
386,13089.7,12321.4,6646.97,8368.32,7915.81,6678.47,7192.74,6378.6,12769.2,21941.2,25234.7,23966.2,17982.2,29862.2,22692.3,7776.76,14646,6960.83,16082.1,17366.9,6687.52,14890.7,16949.2,30257.5,11424.9,12301.6,21354.2,20865.3,5891.73,16124.6,24926.7,6006.61,12061.8
387,31466.6,40775.5,52224.4,43551.1,54841.1,80872.7,61477.2,64207.6,65237.5,19197.5,13832.7,24234.5
388,50078.1,48578.6,46086.9,41461.2,30016,38857.6,44759.8,37195,24084.4,23324.9,42152.1,43489.3,48030,43601.5,26021.7,10271.4,34440.8,31231,49332.4,47273.6,46079.2,40580.4,30614.3,38411.9,43268.6,7828.63,10122.9,44747.3,43353.2,42835.4,51098.1,51323.9,41673,44332.2,45717.5,39036.9,45008,42748.6
389,24493.2,62474.7,69019.4,75173.9,71960.5,10154.3
390,8748.52,6652.55
391,27316.4,73516.5,9981.48,78801.5,18824.3,11292.1,16076.5,18491.2,7015.92,12586.7,13775,21075.6,13167.5
392,11004.5,6627.96
393,10752.5
394,8354.09,14568.7,8324.28,9419.89,15848.1,11718.2,15847.1,12800.1,14137.2,14351.7,12962.4,13667.4,14725.1,10118,15415.3,16373.1,18786.1,11870.4,10735.5,12768.1,11085.5,20093.6,15123.9,15235.1,12845.9,15047.8,13385.4,16475.6,14904.2,15438.8,12512.9,10169.1,16340.8,13755.7
395,7574.67,7447.5
396,9581.54,21474.4,23395.8,23752.4,21806.7,15458,22417,25046.5,26343.8,11172.4,21825.9,19179.5,20846.1
397,16243,33178,12411.3,61266.1,11141.2,25731.5,34679.9,20428.7
398,45232.1,33242.3,11308.7,51841.3,55763.4,52485.8,52399.4,13825.4,14544.1,49981.9,37338.5
399,17922.9,22846.6,8012.01,12323.9,12291.5,11067.8,15969.7,17128.5,14740.5,11332.9,10994.1,7765.65
400,15283.6,17781.6,14327.3,16067,18603,7624.11,17861.9,16415.3,14570.3,11407.4,16257.3,15144.5,14674.7,15565.4,13660.1,14751.4,16135.8,18520.7,13971.5,11929.3,17957.3,10827.4,15751.6,7280.13,15416.9,15450.8,16001.9,17217.4,15518.1,13725,14637,15668.9,12941.5,16487.2,17534.7,8770.45,14057.7,14115.4,17189,13477.7,15462.3,17469.8,13673.5,14810.2,10458.6,16285.1,10630.3,13044.5,15918.5,15772.8,18185.9,16044.8,16104.8,15114,15933.3,17428.1,13748.1,13305.1,16438,11197.2,12109.9,13561,14591.8,14493.4,12478.1,13889.2,16771.8,18305.3,15268.2,15165.1
401,27473.1,78574.2,51157.4,52862,72725.8,76596.7,78398,88666.9,63589.8,44525.7,88839,14078.9,59058.8,40727.7
402,12421.2,22274,28370.7,20427.9,25170.6,22925.3,23594,10523.5
403,23893.9,24438.3,42951.4,24799.5,41968.2,21095.3
404,7875.49
405,8915.14,12039.4
406,10056.7,9071.22,8414.99,13825.7,13514.3
407,13848.9,5439.89,6876.52,16504.3,20911.4,19625.8,17400.8,17650.8,18297.2,19367,16434.9,13842.6,17801.3,16767.5,17307.6,18263.9,19864.7,18420.2,12576,20321.5,18351.6,16780.4,17801.1,9189.62
408,12938.2,13339.7,12781.7,12485.8,10184.2,19487.5,14461.3,18296.7,15946.2,18330.8,13692.4,14210.8,14410.9,17310.2,13718.7,15486.3,14803.8,10267.4,16000,11211.7,11803.3,15172.5,14070.9,12561.5,13975.2,14667.2,13123.1,10546.1,13720.1,11795.4,14029.8,13493.9,14421.8,13618.9,17485.8,11404.6,13854.9,8704.42,12275,10376.4,13189,16797.1,12773,10472.6,12206.3,14929.2,15154.8,15827.2,14011.4,15167,14825.4,14162.7,15397,8277.09
409,38796.2,41366.3,21998.7
410,11706.6,13263
411,12744.8,13279.2,15156.9,16345.7,15131.7,13254.1,13071.9,18204.3,11163.4,16903,12638.6,14535.9,13907.6,12998.6,17021.7,15209.2,15697,15938.3,12136.2,14861.3,14971.1,11861.4,13221,18402.6,15924.7,17543.6,12853.8,17689.1,16356.9,12093.2,13766.1,14537.5,16820.2,16034.2,15494.4,14166.8,17893,15607.3,13751.4,14444.9,14284.5
412,11849.5,20446.3,14121.6,23159.3,10114.7
413,7930.59
414,18706.4
415,5922.06
416,32438.5
417,11228.8
418,19017.5
419,6669.85,49221.8,60367,63344.3,22304.7
420,5938.75
421,19953.9,47075.1,43987.2,12081.5,20440.4,47037.6,41239.5,6932.29
422,9177,26363.4,47059.2,57170.6,19701.8,36003.8,15770.5,10353.3
423,14963.7,8004.11,9333.39,13503.6,21571.9,14937.3,18888,18621.8,19729.2,17315.9,16446.9,16910.2,22745.9,11252.7
424,8554.63,7373.3,8561.12,8403.02,8060.65,11010.9,9146.75,11084.5,6831.67,11466.2,11264,8801.26,12802.5,9445.61,8841.45,7656.28,11493.2,10670,14423.6,7270.34,10857.1,11115.7,10818,6209.95,8376.33,9670.62,6171.02,9982.63,7731.02,9873,12502.1,8471.39,11231.5,6135.82,13500.8,7137.97,10077.8,7994.04,10244.8,7335.78,10130.6,14916.8,11975.5,12566.5,12427.1,5531.6,7170.4,6353.18,11571.6,9872.07,11465.4,13324.1,6982.48,13459.1,10554,11291.7,8681.58,14313.2,9333.76,10021.7,7864.77,8216.25,9969.63,8152.06,9084.44,6965.38,18704.8,12830.5,8524.58,9006.77,7205.25,9229.41,6493.12,9088,6757.49,10821.7,7645.74,8160.5,8853.12,9034.36,11142.7,11618.3,8394.1,8288.81,6019.44,7843.85,8428.42,10737.4,7423.14,8884.67,7861.88,11605.9,8470.21,10589,11246.9,9142.6,6024.75,7701.53,5618.98,9101.26,9654,10258.1,7012.55,13413.8,10235.8,13267.8,10190.6,11944.9,8424.59,7121.71,8059.93,8331.16,13046.3,10931,12268.5,7923.23,7275.98,5093.07,11747.6,13633.2,7765.24,8131.48,10620.9,6875.16,10987.3,9058.64,7501.4,9260.02,8239.58,6553.94,11352.1,8490.38,12772.8,11411.1,9711.99,8620.2,8699.82,7080.36,6302.11,14146.6,14088.2,11645.6,7124.03,8284.43,12178.6,13943.2
425,17109.4,16190.5,15159.6,8235.42,9868.27,10146.6
426,36138,36419.5,28392.4,19261.9,30437,8807.47,38245.8,28489.9,33191.9,33894.2,31665.9,35112.9,36105.1,27651.5,13301.7,13232,10375.4,12418.8,10642.8,9852.75,9320.42,9926.37,7986.45,7212.88,5484.37,10083,15933.4,9096.69,8885.77,12118.2,15067.3,12905,10144.7,8135.52,10965.9
427,11097.5,55421.3,48816.1,12783.8,44607.5,39646.3,23121.7,54173.1,48385.2,24181.4
428,33996.8,60806.2
429,23681.2,23933.7,20867.3,23007.7,21221.5,22529.6,25240.4,26019.6,22097.6,17121.5,20256.1,23081.4,22676.4,24176.3,22245.3,22323.5,21442.2,22244.1,25382.6,23797.1,22002.7,18016.6,10138.7,6773.25,8466.13,8410.35
430,12019,17291.8,15536.5,14979.1,15187.2,12899.2,14877.6,11568.5,12903.4,13665.4,13504,15278.2,20852.2,15971.9,17198.1,18417.2,20278,7564.76,18256.8,18781.6,15862.9,10197.4,21380.6,18938.3,19860.7
431,6775.49,12329.6,7408.56,6717.3,6612.19,6731.88,8869.42,7773.69
432,5429.84,8663.72,7902.99,7051.84
433,7717.61,15926.6,29515.6,27524.6,24207,37217.3,30429.4,5300.92,9577.61
434,7919.4,8085.69,7156.42,7140.61
435,30997.6
436,7894.45,18101.8,20034.8,15963,14454.5,22268.2,21211,16516.8,17135.4,14419.5,18017.2,15497.1,17571.6,15424.4,18683.8,13137.5,18510.8,15157.3,17318.5,14942.4,16331.2,12510.3,8945.68,14872.8,15911.2,19741.6,15560.7,16008.9,13272.5,20345.4,19765.5,21137.6,20109.1,7764.43,17614.3,18039.7,17707.8,20329.2,15376,14936.4,18662.1,18426.7,15134.5,17941.7,13374.9,17529.1,14036.7,14347,16453.4,15767.2,12722.6,15424.6,14027.3,16276.8,17361.5,19077.7,14454.8,15362.5,19561.4,19240.2,17273,15694.9,16684.4,21362.2,16340.8,11545.3,12933.7,19933.1,14076.3,16964.7,16470.9,13839.2,17019.1,19113.8,12074.7,16689.1,18248.2,17058.5,14401.2,16649.5,15871.6,17527.5,22506.2,14879.5,16820.5,16161.8,9746.28
437,6990.24,7148.7,13528.7,8977.76,9613.15,12741.6,11985.5,12171.5,11668.5,12321,11068.7,10744.2,14646.8,13194.2,10234.6,7567.5,12164.1,10748.6,12851.6,13015,10582.5,11090.3,9613.15,13380.6,13853.3,10555.6,8822.18,12663.7,12091.2,9785.68,11140.3,12875.9,8904.05,10081.9,9924.56,9761.18,11075,13711.7,10495.3,9498.38,12901.2,10479.8,9043.27,10571.6,10905.9,12439,11885.9,14740.1,13143.8,11970.9,9342.32,7555.17,11859.6,11961.6,11511.4,12160.9,14406.9,11208.3,11103.3,9307.72,13498.7,9823.02,10013.3,10508.7,10915.7,14521,13327.7,10324.4
438,11709.9,9975.46,15675,18265.3,14970.3
439,28494.3,17241.7,50411.8,51442.4,55522.3,7986.77,8708.71
440,12407.3,28973.3
441,33859,61834,51083.5
442,35011.2,32318.3,16118.1,18613.4,25220,19971.8,31031.4,25733.4,18733.5,16846.5
443,6883.09,6493.63,11665.9,11081.2,11098.7,11920.2,11334,9266.25,11773.2,10179.8,8303.85,12138.7,9685.09,9245.2,8094.63,9091.81,10586.4,8751.41,7390.87,10586.4,10402.6,10261.7,7219.86,9572.8,8135.47,8938.8,9303.14,11886.1,10017.9,14107,7450.48,12392,13254.7,8476.62,10628.6,10110.5,13990.7,11867.6,11153.1,8316.02,8202.29,8960.22,12195.5,12133.3,10255.4,7937.88,11154.7,10864.6,11627.2,10014.7,8954.82,14025,14814.7,12467.9,8541,10692.8,10817.9,10380.9,7880.28,14136.6,9400.38,7974.79,5749.39,11888.1,11482,9750.55,9309,11046,9562.19
444,7812.89
445,27118.1,42235.7,35124.5,35243.7
446,70295.3,32199.9,27738.6,67927.8,66617,43890,58053.6,68111.7,17066.7,59959,57039.2,50782.9,39379.3,71759.4,29150.5,71273.7,40885.6,30237.6,16364,32501.9,70306.9,64291.7
447,7455.31,8403.96,4827.04,7196.74,5663.31,10641.6,9091.09,5940.04,5337.37,12664.8,8522.93,7693.33,9418.4,6248.08,8832.47,5658.64,7124.08,8548.59,5135.28,7549.6,7122.08,5095.3,6106.56,8407.76,8441.56,7810.96,9843.08,9335.13,11201.7
448,16258.8,20105.6,12018.7,11298.1,16644.5,27826.1,22674.2,16753.9,17125
449,34602.2,17279.6,33813.9,38839.1,41128.2,40362.6,37460.3,20339.4,16259.4,37073.1,7298.28,16198.7,40992.7,31733.1
450,8459.07
451,7279.26,16813.3,10146.5,8988.17,10412,7803.06,8980.65,12027.9,8028.21,11287.2,8217.09,8956.91,9099.01,11751.9,10378.9,9431.65,7911.39,11432.8,11136.2,6542.07,6887.01,5211.79,7236.85,12307.6,6989.64,6975.37,13569.3,9203.6,10503.5,9718.09,11449.9,5843.46,11847,10415.7,8072.06,10394.9,7764.46,10858,7858.89,7959.95,9022.28
452,8443.54,47922.9,46143,13626.3,34135,46413.8,18953.2
453,7299.42,8305.94,16134.2,17911.8,11932.4,15191.3
454,9461.23,15347.5
455,28614.2,7338.98,15868.3,22328.2,37560.6,37272.1,25429.3
456,7862.54
457,14745.7,6111.57,11387,21658.9,8328.19,10769.9,12004.6,7987.61,9339.85,12278.5,16322.1,16276.5,7206.59,24939.3,10563.4,17310.9
458,12139.7,13489.7,26302.3
459,4413.68,8380.46,11886.4,8419.43,8107.89,8276.34,11574.3,5727.48,12733.7,7714.6,7981.19,8447.4,9497.95,10148.9,8612.48,7127.82,8279.47,8642.17,7791.48
460,7400.85,9185.46,12644.5,15369.7,13639.8,15399.1,10914.3,9159.17,14686.4,14729.8,14932.4,11750.9,11629.7,15762.6,8270.71
461,23280.9,16403.3,18659.7,22182.4,7988.38
462,26434.9,41661.2,46176.4,31611.3
463,7804.79,13303.6,50366.5,11919.4
464,36276.6,48511.6,45478.1,41953.4,38888.3,47148,20201.2,12057.8,43263.5,44673,41825,43577.5,20902.4,8043.02,15179,53224.3,6475
465,19104.9,16554.7,16194.1,13939.3,15182.4,15612.8,16804.2,15607.6,18848.8,15745.7,18439.7,19030.6,16423.7,18656.7
466,6105.79,5770.67
467,7778.08
468,17715.3,18549.8,10596.6,12639.9,11835.1,13514,17952.1,17332.4,20914.8,14848.9,10331.3,11269.8,11549.3,18792.6,13905,18997.2
469,31241.1,24324.6,26574.3,31043,33790.4,27788.2,33456.6,22079.1
470,5804.68
471,10721.1,21501.6
472,18828,18541.7,19499.9,11627.5,11699.8,14266.1,15337,16892.1,13199.2,14045.3,17822.9,18153.2
473,8510.48,18778,19408.5,15593.4,16093.1,12848.1,18809.7,17656.7,17553.4,19302.1,8602.62,9393.23,19348.4,9601.19
474,9213.28,15722.3,22802.7,19575.5,10714.1,11348.4,15679,21176.4,17074.1,17722.5,19633.8,16411.2,23683.5,17035.8,7934.36,20111.8,17609.6,18278.8,15794.4,18247.8,21769.4,9334.89,10328.3,19595.4,18191.7,20505.2,11770.8
475,30358,41081,27098.5,12673,40451.5,41172.3,60478.9,62827.7,53301.4,62216.1,33043.5,40360.6,30495.4,27622.8,44029.7,61987,31213.2,29597.5,21496.4
476,43757.1,39845.5,17640.5,52780.2,47033.4,12975.3,40749.5,11030.5,49051,46661,44262,51276.5,44996.2,44053.5,12010.2,10000.6,29813,14481.6,18462.8,35091.1,11841.6,35481,45698.3,32798.2,17507.8
477,12095.8
478,6187.24
479,27992.1,26036.8,24504.5,28662.9,24352.9,19675.1,21635.6,8621.95,13291.7,15553.7,10776.5,12797,10789,8853.33,12157.6,18899.1,26738.7,21433.3
480,25995.4,18231.3,48942.9,58035.4,37592.6,34987.2,52630.2,56600.1,36212.5
481,8304.77,11161.6,8517.7,7757.61,5812.91,7713.45
482,8107.93,25188.4,17253.3,21299.9,25117.2,21156.5
483,17169.4,33631.3,34583.4,33851.1,7395.81,7072.55,14541.7,12603,9912.99,6914.77,7575.26,8356.99,10087.8,8231.79,5062.06,9107.62,7470.19,10190.5,7677.35
484,59141.4,48362.7,47562.8
485,13016.9,8081.12,9903.31,9322.9
486,7231.97,8122.84
487,9788.64
488,15686.4,20884.2,35285.2,7014.3,10027.1,21676.7,19862.2,8885.71
489,14391,9917.98,13664.9,11162.7,12164.1,12245.2,15873.8,13059.7,9167.24,7693.67,12201.2,12633.8,11299.3,12203.2,11304.6,9336.88,13920.8,10319.1,11602.6,12032.5,10036,12939.3,10758.1,11933.7,15583.2,11169.2,14797.7,13276,14361.1,13325.4,11149,12662.8,12283.8,11683.2,13589,14207.5,12839.5,12818.4,6390.4,13446.1,12149.4,12167.9,13593.8,12831.8,7935.03,14771.9,14095.2,7337.66
490,11934,6612.86,7540.1,13458.5,12140.6,10438.2,7971.91
491,17400.1
492,10972.4,23538.2,11552.2,8977.74,6927.37,8313.42,11978.9,5730.93,28711.8,9634.52,7907.64
493,9725.2,43470.3
494,35311.9,41070.8,23361.6,40135.3,43837.8,42189,35719.6,7893.36,33078.2,33806.1,39462.5,42548.7,35094.1,34539.3,43680.3,37702.9,40374.9,37823,32633,38142.5,28927.9,31423.8,38305.6,42080.1,41926.9,32363.4,25389,15006.9,18671.4,18521.7,32630.7,45417.2,24509.7
495,12892.8
496,8835.98,16230.9
497,13715.8,68369.8,26168.7,34932.5,41061.8,71558.5,15280.2,67362.1,68962.9,68296.6,32615
498,14222.2,14466,14339.5,18822.2,20171.1,21469,15635.3,12346.5,6058.28
499,51120.5,82408.8,68145.3,25899.3
500,6225.81,8285.53
501,8424.87
502,33189.2,47351.1,11774.7,27938.5,30223.2,25158.1,21576.5,18469.9,12104.9,28464.2,24389,35510,32265.3,10724,22127.7,13227.6,15220.8
503,5812.14,9805.91,9601.3,10641
504,35289.2,21148.9,11540.1,34639.4,6725.81,42163.3,41652.2,52217.2,46238.5
505,45241.3
506,22450.7
507,43652.1,36938.4,37349.4,44862.6,37065.9,33580.8,39880.3
508,10380.1,6843.11,9447.13,6751.93,10059,8415,5967.75,5433.2,9264.95,10584.2,8962.46,6974.07,10129.7,6976.12,6730.49
509,10751.8,8336.08,37103,49238.6,56759.6,46668.2,43368.3,13512.1,36119.7
510,6795.78,6572.29,7843.09,6148.87,8463.48,7679.37,6887.66,10573.5,6777.05,9932.26,5977.05,9978.98,5372.34,10936.4,8321.49,7530,9779.97,4475.74,7982.18,9091.6,7744.71,6085.01,7838.94,10825.4,9320.53,7893.76
511,19529.2,17498.3
512,14663.3,7224.51,5642.44,11018.1,7772.89,7184.63,10150.6,6967.99,10118.6,10017.4,7990.69,7030.2
513,9051.94,4859.63,7981.55,8034.26,9361.16,10307.6,7088.25,6332.2,7788.24,5677.77,10821.3,8526.91,10316.3,10660.6,10035,11793.5,8247.21,11171,5990.24
514,5494.28,12316.2,14474.2,10121.4,14120.8
515,61201.5,51630.2,46049.9,73350.5,55227,6965.22,8911.85
516,27310.3,15826.6,50848.1,65815.9,16988.9
517,13599.3,11487.1,18518.7,21817.7
518,10014.1,12244.6,15583.5,10931.5,8367.39,9143.83,7281.85,8269.34,7562.03
519,8750.11,10528.4
520,28145.5,25032.2,31690.8,28143.2,20448.9,31913.2,20331.1,16968.9,30156.3,32144.9,29695,29305.9,22817.1,23773.8,28939.1,29604.3,27546.5,19432,20461.8,29519.7,18515.2
521,7611.54
522,28316.2
523,28208.1,30605.6,27867.3,17040,30394.8,27017.5,35545.4,22862.8,31699,23616.5,18957.2,12335.3
524,9664.47,12985.5,6158.81,6665.67,7296.92,6837.01,8472.83,9912.33,15898.3,8314.44,9011.84,10508.4,6888.22,12197.9,12216.9,14207.7,8122.55,9426.87,8746.5,8243.35,8539.58,14059.4,22746.8,23317,19309.3,7771.2
525,32173.1,36313.7,19567.4
526,15908.1,21240.1,19823.8,19437.6,8252.24,11363.4,16709.7,16478.1,16590.2,18125.4
527,9409.54,31091.2,27644.7,42660.7,24425.1
528,34989.8,8722.41,6649.98
529,15110.3
530,20458.6,15946.9,19100.3,19104.6,11610.4,16246.9,13165.7
531,10401.1,15624.5,13638.2
532,18058.8,13720.3
533,4717.4
534,10997.6
